{"decision": "reject", "message": "Kein Artikel innerhalb der Geometrie-Toleranz – Objekt vermutlich nicht in der Datenbank (oder Segmentierung/Toleranzen prüfen). Niemals automatisch buchen.", "candidates": [], "feature_names": ["diameter_mm", "circularity", "solidity", "delta_e_center", "delta_e_rim", "hist_center", "hist_rim", "hu_log"], "fisher_d": {}, "fisher_d_norm": {}, "w_global": {"diameter_mm": 0.4999999999999999, "circularity": 0.06999999999999999, "solidity": 0.059999999999999984, "delta_e_center": 0.07999999999999999, "delta_e_rim": 0.07999999999999999, "hist_center": 0.06999999999999999, "hist_rim": 0.06999999999999999, "hu_log": 0.06999999999999999}, "w_eff": {"diameter_mm": 0.4999999999999999, "circularity": 0.06999999999999999, "solidity": 0.059999999999999984, "delta_e_center": 0.07999999999999999, "delta_e_rim": 0.07999999999999999, "hist_center": 0.06999999999999999, "hist_rim": 0.06999999999999999, "hu_log": 0.06999999999999999}, "alpha": 2.0, "llr_margin": null, "max_z_winner": null, "gate_passed": false, "thresholds": {"max_z_accept": 3.5, "min_llr_margin": 2.0, "softmax_temperature": 1.0, "top_k": 3}, "measured": {"equiv_diameter_mm": 82.77, "circle_diameter_mm": 267.92, "area_mm2": 5380.7, "perimeter_mm": 622.42, "circularity": 0.1745, "aspect_ratio": 0.1888, "mean_hsv": [30.1, 32.39, 142.52], "hue_hist": [0.000164, 0.000147, 0.008478, 0.161977, 0.390249, 0.174254, 0.148912, 0.029097, 0.032389, 0.012514, 0.027241, 0.005972, 0.00462, 0.00152, 0.001334, 0.000505, 0.000419, 1.3e-05, 0.000154, 5e-06, 2.1e-05, 1.7e-05, 0.0, 0.0, 0.0, 0.0, 0.0, 0.0, 0.0, 0.0, 0.0, 0.0], "mean_saturation": 32.39, "hu_moments": [-0.0866, -0.1452, -0.0311, 0.0116, 0.0019, -0.061, -3.31], "solidity": 0.5907, "lab_center": [71.906, -1.86, 6.547], "lab_rim": [51.206, -1.636, 6.281], "hs_hist_center": [9.4e-05, 0.0, 0.0, 0.0, 0.0, 0.0, 0.0, 0.0, 0.157366, 0.001773, 0.0, 0.0, 0.0, 0.0, 0.0, 0.0, 0.624076, 0.007721, 0.0, 0.0, 0.0, 0.0, 0.0, 0.0, 0.151259, 0.007925, 0.0, 0.0, 0.0, 0.0, 0.0, 0.0, 0.033601, 0.003579, 0.0, 0.0, 0.0, 0.0, 0.0, 0.0, 0.007239, 0.000666, 0.0, 0.0, 0.0, 0.0, 0.0, 0.0, 0.002492, 0.001924, 0.0, 0.0, 0.0, 0.0, 0.0, 0.0, 0.000123, 0.000163, 0.0, 0.0, 0.0, 0.0, 0.0, 0.0, 0.0, 0.0, 0.0, 0.0, 0.0, 0.0, 0.0, 0.0, 0.0, 0.0, 0.0, 0.0, 0.0, 0.0, 0.0, 0.0, 0.0, 0.0, 0.0, 0.0, 0.0, 0.0, 0.0, 0.0, 0.0, 0.0, 0.0, 0.0, 0.0, 0.0, 0.0, 0.0, 0.0, 0.0, 0.0, 0.0, 0.0, 0.0, 0.0, 0.0, 0.0, 0.0, 0.0, 0.0, 0.0, 0.0, 0.0, 0.0, 0.0, 0.0, 0.0, 0.0, 0.0, 0.0, 0.0, 0.0, 0.0, 0.0, 0.0, 0.0, 0.0, 0.0, 0.0, 0.0], "hs_hist_rim": [0.000103, 6.9e-05, 4e-06, 0.0, 2e-06, 0.0, 0.0, 0.000323, 0.132446, 0.063186, 0.000487, 0.000222, 0.000107, 0.000119, 2.2e-05, 0.000366, 0.387315, 0.128651, 0.003487, 0.00138, 0.000673, 0.00043, 0.000398, 0.001154, 0.145927, 0.020127, 0.003968, 0.002226, 0.000937, 0.000848, 0.000451, 0.000978, 0.029939, 0.007131, 0.002259, 0.001055, 0.00099, 0.000903, 0.000232, 0.002192, 0.005727, 0.001592, 0.000552, 0.000422, 0.000313, 0.000265, 0.000214, 0.041095, 0.001655, 0.001091, 0.000956, 0.00044, 0.000331, 0.000283, 0.000149, 0.000671, 0.000283, 0.000222, 0.000612, 0.000438, 6.7e-05, 0.000141, 0.000107, 0.000253, 6.5e-05, 1.8e-05, 4.8e-05, 3.2e-05, 6e-06, 1e-05, 1.2e-05, 0.000481, 0.0, 0.0, 0.0, 0.0, 0.0, 0.0, 0.0, 0.000279, 2.6e-05, 0.0, 0.0, 0.0, 0.0, 0.0, 0.0, 3.6e-05, 0.0, 0.0, 0.0, 0.0, 0.0, 0.0, 0.0, 0.0, 0.0, 0.0, 0.0, 0.0, 0.0, 0.0, 0.0, 0.0, 0.0, 0.0, 0.0, 0.0, 0.0, 0.0, 0.0, 0.0, 0.0, 0.0, 0.0, 0.0, 0.0, 0.0, 0.0, 0.0, 0.0, 0.0, 0.0, 0.0, 0.0, 0.0, 0.0, 0.0]}, "contour": [[820, 286], [771, 292], [740, 298], [708, 306], [690, 313], [677, 319], [662, 325], [648, 333], [630, 345], [586, 389], [572, 411], [565, 424], [558, 439], [552, 458], [545, 499], [549, 565], [555, 585], [564, 608], [571, 622], [579, 638], [590, 657], [608, 681], [628, 707], [662, 745], [680, 764], [713, 795], [732, 812], [760, 833], [781, 848], [802, 863], [821, 876], [839, 888], [853, 896], [868, 905], [881, 912], [896, 920], [910, 927], [923, 933], [935, 939], [949, 945], [963, 951], [978, 957], [993, 963], [1009, 969], [1026, 975], [1043, 981], [1062, 987], [1084, 993], [1105, 999], [1138, 1005], [1183, 1011], [1291, 1007], [1321, 1001], [1346, 995], [1372, 989], [1393, 983], [1411, 977], [1429, 971], [1444, 965], [1459, 959], [1473, 953], [1487, 947], [1500, 941], [1518, 935], [1572, 935], [1591, 941], [1609, 947], [1624, 953], [1639, 960], [1651, 966], [1663, 972], [1675, 978], [1688, 984], [1703, 992], [1715, 998], [1728, 1005], [1742, 1012], [1755, 1019], [1767, 1025], [1780, 1032], [1792, 1038], [1805, 1045], [1819, 1052], [1833, 1059], [1846, 1066], [1858, 1072], [1871, 1079], [1883, 1085], [1898, 1093], [1910, 1099], [1923, 1106], [1936, 1113], [1948, 1119], [1960, 1125], [1975, 1133], [1987, 1139], [2002, 1147], [2015, 1154], [2027, 1160], [2039, 1166], [2051, 1172], [2063, 1178], [2076, 1185], [2089, 1191], [2103, 1198], [2117, 1205], [2130, 1212], [2143, 1219], [2155, 1225], [2167, 1231], [2179, 1237], [2191, 1243], [2203, 1249], [2216, 1256], [2232, 1264], [2248, 1272], [2260, 1278], [2272, 1284], [2285, 1291], [2299, 1298], [2313, 1305], [2329, 1313], [2343, 1320], [2358, 1328], [2371, 1335], [2383, 1341], [2397, 1348], [2410, 1355], [2423, 1362], [2438, 1370], [2451, 1377], [2464, 1384], [2478, 1391], [2491, 1398], [2504, 1405], [2517, 1412], [2530, 1419], [2544, 1427], [2556, 1433], [2570, 1441], [2582, 1447], [2595, 1454], [2609, 1462], [2621, 1468], [2634, 1475], [2649, 1483], [2662, 1490], [2675, 1497], [2688, 1504], [2702, 1511], [2717, 1519], [2731, 1527], [2744, 1534], [2757, 1541], [2770, 1548], [2783, 1555], [2796, 1562], [2810, 1570], [2823, 1577], [2835, 1583], [2848, 1590], [2861, 1597], [2875, 1605], [2888, 1612], [2901, 1619], [2914, 1626], [2928, 1634], [2942, 1642], [2955, 1649], [2968, 1656], [2982, 1664], [2995, 1671], [3008, 1678], [3022, 1686], [3035, 1693], [3048, 1700], [3062, 1708], [3075, 1715], [3088, 1722], [3102, 1730], [3115, 1737], [3128, 1744], [3141, 1751], [3155, 1759], [3168, 1766], [3181, 1773], [3194, 1780], [3207, 1787], [3220, 1794], [3233, 1801], [3248, 1809], [3261, 1816], [3274, 1823], [3287, 1830], [3302, 1838], [3315, 1845], [3328, 1852], [3340, 1858], [3353, 1865], [3367, 1872], [3381, 1879], [3394, 1886], [3406, 1892], [3418, 1898], [3430, 1904], [3443, 1910], [3455, 1916], [3469, 1922], [3485, 1928], [3505, 1934], [3572, 1932], [3590, 1926], [3604, 1919], [3630, 1894], [3638, 1875], [3640, 1819], [3634, 1802], [3624, 1784], [3600, 1758], [3577, 1741], [3561, 1731], [3547, 1723], [3534, 1716], [3521, 1709], [3507, 1702], [3492, 1694], [3477, 1687], [3465, 1681], [3452, 1675], [3439, 1668], [3425, 1662], [3412, 1655], [3398, 1649], [3385, 1643], [3372, 1637], [3359, 1631], [3345, 1625], [3330, 1618], [3316, 1612], [3302, 1606], [3289, 1600], [3275, 1594], [3261, 1588], [3247, 1582], [3233, 1576], [3219, 1570], [3205, 1564], [3191, 1558], [3176, 1552], [3163, 1546], [3149, 1540], [3135, 1534], [3120, 1528], [3106, 1522], [3092, 1516], [3079, 1510], [3064, 1504], [3051, 1498], [3037, 1492], [3022, 1486], [3008, 1480], [2994, 1474], [2980, 1468], [2966, 1462], [2952, 1456], [2937, 1450], [2923, 1444], [2909, 1438], [2895, 1432], [2881, 1426], [2867, 1420], [2852, 1414], [2838, 1408], [2824, 1402], [2810, 1396], [2796, 1390], [2782, 1384], [2767, 1378], [2753, 1372], [2739, 1366], [2725, 1360], [2711, 1354], [2697, 1348], [2683, 1342], [2669, 1336], [2655, 1330], [2640, 1324], [2627, 1318], [2613, 1312], [2598, 1306], [2584, 1300], [2570, 1294], [2556, 1288], [2542, 1282], [2528, 1276], [2513, 1270], [2500, 1264], [2485, 1258], [2472, 1252], [2458, 1246], [2444, 1240], [2430, 1234], [2416, 1228], [2402, 1222], [2388, 1216], [2374, 1210], [2359, 1204], [2345, 1198], [2331, 1192], [2318, 1186], [2303, 1180], [2289, 1174], [2276, 1168], [2261, 1162], [2247, 1156], [2233, 1150], [2218, 1143], [2205, 1137], [2192, 1131], [2179, 1125], [2166, 1119], [2153, 1113], [2140, 1107], [2127, 1101], [2114, 1095], [2101, 1089], 