variant,max_z_accept,min_llr_margin,accept_k,accept_n,accept_p,accept_lo,accept_hi,false_k,false_n,false_p,false_lo,false_hi,reject,ambiguous,top1_k,top1_n
mit_vierlinge,2.0,0.0,81,104,0.7788,0.69,0.8479,4,81,0.0494,0.0194,0.1202,23,0,95,104
mit_vierlinge,2.0,0.1,77,104,0.7404,0.6486,0.815,3,77,0.039,0.0133,0.1084,23,4,95,104
mit_vierlinge,2.0,0.2,70,104,0.6731,0.5782,0.7557,2,70,0.0286,0.0079,0.0983,23,11,95,104
mit_vierlinge,2.0,0.3,68,104,0.6538,0.5584,0.7383,2,68,0.0294,0.0081,0.101,23,13,95,104
mit_vierlinge,2.0,0.4,66,104,0.6346,0.5388,0.7208,2,66,0.0303,0.0083,0.1039,23,15,95,104
mit_vierlinge,2.0,0.5,62,104,0.5962,0.5001,0.6854,2,62,0.0323,0.0089,0.1102,23,19,95,104
mit_vierlinge,2.0,0.6,59,104,0.5673,0.4714,0.6585,2,59,0.0339,0.0093,0.1154,23,22,95,104
mit_vierlinge,2.0,0.7,56,104,0.5385,0.443,0.6312,2,56,0.0357,0.0098,0.1212,23,25,95,104
mit_vierlinge,2.0,0.8,55,104,0.5288,0.4336,0.622,2,55,0.0364,0.01,0.1232,23,26,95,104
mit_vierlinge,2.0,0.9,50,104,0.4808,0.3872,0.5758,2,50,0.04,0.011,0.1346,23,31,95,104
mit_vierlinge,2.0,1.0,47,104,0.4519,0.3597,0.5476,2,47,0.0426,0.0117,0.1425,23,34,95,104
mit_vierlinge,2.0,1.1,47,104,0.4519,0.3597,0.5476,2,47,0.0426,0.0117,0.1425,23,34,95,104
mit_vierlinge,2.0,1.2,43,104,0.4135,0.3235,0.5095,2,43,0.0465,0.0128,0.1546,23,38,95,104
mit_vierlinge,2.0,1.3,38,104,0.3654,0.2792,0.4612,1,38,0.0263,0.0047,0.135,23,43,95,104
mit_vierlinge,2.0,1.4,38,104,0.3654,0.2792,0.4612,1,38,0.0263,0.0047,0.135,23,43,95,104
mit_vierlinge,2.0,1.5,37,104,0.3558,0.2704,0.4514,1,37,0.027,0.0048,0.1382,23,44,95,104
mit_vierlinge,2.0,1.6,37,104,0.3558,0.2704,0.4514,1,37,0.027,0.0048,0.1382,23,44,95,104
mit_vierlinge,2.0,1.7,37,104,0.3558,0.2704,0.4514,1,37,0.027,0.0048,0.1382,23,44,95,104
mit_vierlinge,2.0,1.8,37,104,0.3558,0.2704,0.4514,1,37,0.027,0.0048,0.1382,23,44,95,104
mit_vierlinge,2.0,1.9,37,104,0.3558,0.2704,0.4514,1,37,0.027,0.0048,0.1382,23,44,95,104
mit_vierlinge,2.0,2.0,36,104,0.3462,0.2617,0.4416,0,36,0.0,0.0,0.0964,23,45,95,104
mit_vierlinge,2.0,2.1,35,104,0.3365,0.253,0.4317,0,35,0.0,0.0,0.0989,23,46,95,104
mit_vierlinge,2.0,2.2,35,104,0.3365,0.253,0.4317,0,35,0.0,0.0,0.0989,23,46,95,104
mit_vierlinge,2.0,2.3,34,104,0.3269,0.2443,0.4218,0,34,0.0,0.0,0.1015,23,47,95,104
mit_vierlinge,2.0,2.4,34,104,0.3269,0.2443,0.4218,0,34,0.0,0.0,0.1015,23,47,95,104
mit_vierlinge,2.0,2.5,34,104,0.3269,0.2443,0.4218,0,34,0.0,0.0,0.1015,23,47,95,104
mit_vierlinge,2.0,2.6,34,104,0.3269,0.2443,0.4218,0,34,0.0,0.0,0.1015,23,47,95,104
mit_vierlinge,2.0,2.7,33,104,0.3173,0.2357,0.4119,0,33,0.0,0.0,0.1043,23,48,95,104
mit_vierlinge,2.0,2.8,32,104,0.3077,0.2272,0.4019,0,32,0.0,0.0,0.1072,23,49,95,104
mit_vierlinge,2.0,2.9,32,104,0.3077,0.2272,0.4019,0,32,0.0,0.0,0.1072,23,49,95,104
mit_vierlinge,2.0,3.0,32,104,0.3077,0.2272,0.4019,0,32,0.0,0.0,0.1072,23,49,95,104
mit_vierlinge,2.0,3.1,32,104,0.3077,0.2272,0.4019,0,32,0.0,0.0,0.1072,23,49,95,104
mit_vierlinge,2.0,3.2,32,104,0.3077,0.2272,0.4019,0,32,0.0,0.0,0.1072,23,49,95,104
mit_vierlinge,2.0,3.3,32,104,0.3077,0.2272,0.4019,0,32,0.0,0.0,0.1072,23,49,95,104
mit_vierlinge,2.0,3.4,31,104,0.2981,0.2186,0.3919,0,31,0.0,0.0,0.1103,23,50,95,104
mit_vierlinge,2.0,3.5,31,104,0.2981,0.2186,0.3919,0,31,0.0,0.0,0.1103,23,50,95,104
mit_vierlinge,2.0,3.6,31,104,0.2981,0.2186,0.3919,0,31,0.0,0.0,0.1103,23,50,95,104
mit_vierlinge,2.0,3.7,29,104,0.2788,0.2017,0.3717,0,29,0.0,0.0,0.117,23,52,95,104
mit_vierlinge,2.0,3.8,29,104,0.2788,0.2017,0.3717,0,29,0.0,0.0,0.117,23,52,95,104
mit_vierlinge,2.0,3.9,29,104,0.2788,0.2017,0.3717,0,29,0.0,0.0,0.117,23,52,95,104
mit_vierlinge,2.0,4.0,29,104,0.2788,0.2017,0.3717,0,29,0.0,0.0,0.117,23,52,95,104
mit_vierlinge,2.0,4.1,29,104,0.2788,0.2017,0.3717,0,29,0.0,0.0,0.117,23,52,95,104
mit_vierlinge,2.0,4.2,29,104,0.2788,0.2017,0.3717,0,29,0.0,0.0,0.117,23,52,95,104
mit_vierlinge,2.0,4.3,28,104,0.2692,0.1933,0.3616,0,28,0.0,0.0,0.1206,23,53,95,104
mit_vierlinge,2.0,4.4,27,104,0.2596,0.185,0.3514,0,27,0.0,0.0,0.1246,23,54,95,104
mit_vierlinge,2.0,4.5,27,104,0.2596,0.185,0.3514,0,27,0.0,0.0,0.1246,23,54,95,104
mit_vierlinge,2.0,4.6,25,104,0.2404,0.1685,0.3308,0,25,0.0,0.0,0.1332,23,56,95,104
mit_vierlinge,2.0,4.7,25,104,0.2404,0.1685,0.3308,0,25,0.0,0.0,0.1332,23,56,95,104
mit_vierlinge,2.0,4.8,25,104,0.2404,0.1685,0.3308,0,25,0.0,0.0,0.1332,23,56,95,104
mit_vierlinge,2.0,4.9,25,104,0.2404,0.1685,0.3308,0,25,0.0,0.0,0.1332,23,56,95,104
mit_vierlinge,2.0,5.0,25,104,0.2404,0.1685,0.3308,0,25,0.0,0.0,0.1332,23,56,95,104
mit_vierlinge,2.1,0.0,84,104,0.8077,0.7215,0.8719,4,84,0.0476,0.0187,0.1161,20,0,95,104
mit_vierlinge,2.1,0.1,80,104,0.7692,0.6795,0.8397,3,80,0.0375,0.0128,0.1045,20,4,95,104
mit_vierlinge,2.1,0.2,73,104,0.7019,0.6081,0.7814,2,73,0.0274,0.0075,0.0945,20,11,95,104
mit_vierlinge,2.1,0.3,71,104,0.6827,0.5881,0.7643,2,71,0.0282,0.0078,0.097,20,13,95,104
mit_vierlinge,2.1,0.4,69,104,0.6635,0.5683,0.747,2,69,0.029,0.008,0.0997,20,15,95,104
mit_vierlinge,2.1,0.5,65,104,0.625,0.5291,0.712,2,65,0.0308,0.0085,0.1054,20,19,95,104
mit_vierlinge,2.1,0.6,62,104,0.5962,0.5001,0.6854,2,62,0.0323,0.0089,0.1102,20,22,95,104
mit_vierlinge,2.1,0.7,59,104,0.5673,0.4714,0.6585,2,59,0.0339,0.0093,0.1154,20,25,95,104
mit_vierlinge,2.1,0.8,58,104,0.5577,0.4619,0.6494,2,58,0.0345,0.0095,0.1173,20,26,95,104
mit_vierlinge,2.1,0.9,53,104,0.5096,0.4149,0.6036,2,53,0.0377,0.0104,0.1275,20,31,95,104
mit_vierlinge,2.1,1.0,49,104,0.4712,0.378,0.5664,2,49,0.0408,0.0113,0.1371,20,35,95,104
mit_vierlinge,2.1,1.1,49,104,0.4712,0.378,0.5664,2,49,0.0408,0.0113,0.1371,20,35,95,104
mit_vierlinge,2.1,1.2,45,104,0.4327,0.3415,0.5286,2,45,0.0444,0.0123,0.1483,20,39,95,104
mit_vierlinge,2.1,1.3,40,104,0.3846,0.2968,0.4806,1,40,0.025,0.0044,0.1288,20,44,95,104
mit_vierlinge,2.1,1.4,40,104,0.3846,0.2968,0.4806,1,40,0.025,0.0044,0.1288,20,44,95,104
mit_vierlinge,2.1,1.5,39,104,0.375,0.288,0.4709,1,39,0.0256,0.0045,0.1318,20,45,95,104
mit_vierlinge,2.1,1.6,39,104,0.375,0.288,0.4709,1,39,0.0256,0.0045,0.1318,20,45,95,104
mit_vierlinge,2.1,1.7,39,104,0.375,0.288,0.4709,1,39,0.0256,0.0045,0.1318,20,45,95,104
mit_vierlinge,2.1,1.8,39,104,0.375,0.288,0.4709,1,39,0.0256,0.0045,0.1318,20,45,95,104
mit_vierlinge,2.1,1.9,39,104,0.375,0.288,0.4709,1,39,0.0256,0.0045,0.1318,20,45,95,104
mit_vierlinge,2.1,2.0,38,104,0.3654,0.2792,0.4612,0,38,0.0,0.0,0.0918,20,46,95,104
mit_vierlinge,2.1,2.1,37,104,0.3558,0.2704,0.4514,0,37,0.0,0.0,0.0941,20,47,95,104
mit_vierlinge,2.1,2.2,37,104,0.3558,0.2704,0.4514,0,37,0.0,0.0,0.0941,20,47,95,104
mit_vierlinge,2.1,2.3,36,104,0.3462,0.2617,0.4416,0,36,0.0,0.0,0.0964,20,48,95,104
mit_vierlinge,2.1,2.4,36,104,0.3462,0.2617,0.4416,0,36,0.0,0.0,0.0964,20,48,95,104
mit_vierlinge,2.1,2.5,36,104,0.3462,0.2617,0.4416,0,36,0.0,0.0,0.0964,20,48,95,104
mit_vierlinge,2.1,2.6,36,104,0.3462,0.2617,0.4416,0,36,0.0,0.0,0.0964,20,48,95,104
mit_vierlinge,2.1,2.7,35,104,0.3365,0.253,0.4317,0,35,0.0,0.0,0.0989,20,49,95,104
mit_vierlinge,2.1,2.8,34,104,0.3269,0.2443,0.4218,0,34,0.0,0.0,0.1015,20,50,95,104
mit_vierlinge,2.1,2.9,34,104,0.3269,0.2443,0.4218,0,34,0.0,0.0,0.1015,20,50,95,104
mit_vierlinge,2.1,3.0,34,104,0.3269,0.2443,0.4218,0,34,0.0,0.0,0.1015,20,50,95,104
mit_vierlinge,2.1,3.1,34,104,0.3269,0.2443,0.4218,0,34,0.0,0.0,0.1015,20,50,95,104
mit_vierlinge,2.1,3.2,34,104,0.3269,0.2443,0.4218,0,34,0.0,0.0,0.1015,20,50,95,104
mit_vierlinge,2.1,3.3,34,104,0.3269,0.2443,0.4218,0,34,0.0,0.0,0.1015,20,50,95,104
mit_vierlinge,2.1,3.4,33,104,0.3173,0.2357,0.4119,0,33,0.0,0.0,0.1043,20,51,95,104
mit_vierlinge,2.1,3.5,33,104,0.3173,0.2357,0.4119,0,33,0.0,0.0,0.1043,20,51,95,104
mit_vierlinge,2.1,3.6,33,104,0.3173,0.2357,0.4119,0,33,0.0,0.0,0.1043,20,51,95,104
mit_vierlinge,2.1,3.7,31,104,0.2981,0.2186,0.3919,0,31,0.0,0.0,0.1103,20,53,95,104
mit_vierlinge,2.1,3.8,31,104,0.2981,0.2186,0.3919,0,31,0.0,0.0,0.1103,20,53,95,104
mit_vierlinge,2.1,3.9,31,104,0.2981,0.2186,0.3919,0,31,0.0,0.0,0.1103,20,53,95,104
mit_vierlinge,2.1,4.0,31,104,0.2981,0.2186,0.3919,0,31,0.0,0.0,0.1103,20,53,95,104
mit_vierlinge,2.1,4.1,31,104,0.2981,0.2186,0.3919,0,31,0.0,0.0,0.1103,20,53,95,104
mit_vierlinge,2.1,4.2,31,104,0.2981,0.2186,0.3919,0,31,0.0,0.0,0.1103,20,53,95,104
mit_vierlinge,2.1,4.3,30,104,0.2885,0.2102,0.3818,0,30,0.0,0.0,0.1135,20,54,95,104
mit_vierlinge,2.1,4.4,29,104,0.2788,0.2017,0.3717,0,29,0.0,0.0,0.117,20,55,95,104
mit_vierlinge,2.1,4.5,29,104,0.2788,0.2017,0.3717,0,29,0.0,0.0,0.117,20,55,95,104
mit_vierlinge,2.1,4.6,27,104,0.2596,0.185,0.3514,0,27,0.0,0.0,0.1246,20,57,95,104
mit_vierlinge,2.1,4.7,27,104,0.2596,0.185,0.3514,0,27,0.0,0.0,0.1246,20,57,95,104
mit_vierlinge,2.1,4.8,27,104,0.2596,0.185,0.3514,0,27,0.0,0.0,0.1246,20,57,95,104
mit_vierlinge,2.1,4.9,27,104,0.2596,0.185,0.3514,0,27,0.0,0.0,0.1246,20,57,95,104
mit_vierlinge,2.1,5.0,27,104,0.2596,0.185,0.3514,0,27,0.0,0.0,0.1246,20,57,95,104
mit_vierlinge,2.2,0.0,85,104,0.8173,0.7322,0.8798,4,85,0.0471,0.0184,0.1148,19,0,95,104
mit_vierlinge,2.2,0.1,81,104,0.7788,0.69,0.8479,3,81,0.037,0.0127,0.1033,19,4,95,104
mit_vierlinge,2.2,0.2,74,104,0.7115,0.6182,0.7898,2,74,0.027,0.0074,0.0933,19,11,95,104
mit_vierlinge,2.2,0.3,72,104,0.6923,0.5981,0.7728,2,72,0.0278,0.0077,0.0957,19,13,95,104
mit_vierlinge,2.2,0.4,70,104,0.6731,0.5782,0.7557,2,70,0.0286,0.0079,0.0983,19,15,95,104
mit_vierlinge,2.2,0.5,66,104,0.6346,0.5388,0.7208,2,66,0.0303,0.0083,0.1039,19,19,95,104
mit_vierlinge,2.2,0.6,63,104,0.6058,0.5097,0.6943,2,63,0.0317,0.0087,0.1086,19,22,95,104
mit_vierlinge,2.2,0.7,60,104,0.5769,0.4809,0.6675,2,60,0.0333,0.0092,0.1136,19,25,95,104
mit_vierlinge,2.2,0.8,59,104,0.5673,0.4714,0.6585,2,59,0.0339,0.0093,0.1154,19,26,95,104
mit_vierlinge,2.2,0.9,54,104,0.5192,0.4242,0.6128,2,54,0.037,0.0102,0.1254,19,31,95,104
mit_vierlinge,2.2,1.0,50,104,0.4808,0.3872,0.5758,2,50,0.04,0.011,0.1346,19,35,95,104
mit_vierlinge,2.2,1.1,50,104,0.4808,0.3872,0.5758,2,50,0.04,0.011,0.1346,19,35,95,104
mit_vierlinge,2.2,1.2,46,104,0.4423,0.3506,0.5381,2,46,0.0435,0.012,0.1453,19,39,95,104
mit_vierlinge,2.2,1.3,41,104,0.3942,0.3057,0.4903,1,41,0.0244,0.0043,0.126,19,44,95,104
mit_vierlinge,2.2,1.4,41,104,0.3942,0.3057,0.4903,1,41,0.0244,0.0043,0.126,19,44,95,104
mit_vierlinge,2.2,1.5,40,104,0.3846,0.2968,0.4806,1,40,0.025,0.0044,0.1288,19,45,95,104
mit_vierlinge,2.2,1.6,40,104,0.3846,0.2968,0.4806,1,40,0.025,0.0044,0.1288,19,45,95,104
mit_vierlinge,2.2,1.7,40,104,0.3846,0.2968,0.4806,1,40,0.025,0.0044,0.1288,19,45,95,104
mit_vierlinge,2.2,1.8,40,104,0.3846,0.2968,0.4806,1,40,0.025,0.0044,0.1288,19,45,95,104
mit_vierlinge,2.2,1.9,40,104,0.3846,0.2968,0.4806,1,40,0.025,0.0044,0.1288,19,45,95,104
mit_vierlinge,2.2,2.0,39,104,0.375,0.288,0.4709,0,39,0.0,0.0,0.0897,19,46,95,104
mit_vierlinge,2.2,2.1,38,104,0.3654,0.2792,0.4612,0,38,0.0,0.0,0.0918,19,47,95,104
mit_vierlinge,2.2,2.2,38,104,0.3654,0.2792,0.4612,0,38,0.0,0.0,0.0918,19,47,95,104
mit_vierlinge,2.2,2.3,37,104,0.3558,0.2704,0.4514,0,37,0.0,0.0,0.0941,19,48,95,104
mit_vierlinge,2.2,2.4,37,104,0.3558,0.2704,0.4514,0,37,0.0,0.0,0.0941,19,48,95,104
mit_vierlinge,2.2,2.5,37,104,0.3558,0.2704,0.4514,0,37,0.0,0.0,0.0941,19,48,95,104
mit_vierlinge,2.2,2.6,37,104,0.3558,0.2704,0.4514,0,37,0.0,0.0,0.0941,19,48,95,104
mit_vierlinge,2.2,2.7,36,104,0.3462,0.2617,0.4416,0,36,0.0,0.0,0.0964,19,49,95,104
mit_vierlinge,2.2,2.8,35,104,0.3365,0.253,0.4317,0,35,0.0,0.0,0.0989,19,50,95,104
mit_vierlinge,2.2,2.9,35,104,0.3365,0.253,0.4317,0,35,0.0,0.0,0.0989,19,50,95,104
mit_vierlinge,2.2,3.0,35,104,0.3365,0.253,0.4317,0,35,0.0,0.0,0.0989,19,50,95,104
mit_vierlinge,2.2,3.1,35,104,0.3365,0.253,0.4317,0,35,0.0,0.0,0.0989,19,50,95,104
mit_vierlinge,2.2,3.2,35,104,0.3365,0.253,0.4317,0,35,0.0,0.0,0.0989,19,50,95,104
mit_vierlinge,2.2,3.3,35,104,0.3365,0.253,0.4317,0,35,0.0,0.0,0.0989,19,50,95,104
mit_vierlinge,2.2,3.4,34,104,0.3269,0.2443,0.4218,0,34,0.0,0.0,0.1015,19,51,95,104
mit_vierlinge,2.2,3.5,34,104,0.3269,0.2443,0.4218,0,34,0.0,0.0,0.1015,19,51,95,104
mit_vierlinge,2.2,3.6,34,104,0.3269,0.2443,0.4218,0,34,0.0,0.0,0.1015,19,51,95,104
mit_vierlinge,2.2,3.7,32,104,0.3077,0.2272,0.4019,0,32,0.0,0.0,0.1072,19,53,95,104
mit_vierlinge,2.2,3.8,32,104,0.3077,0.2272,0.4019,0,32,0.0,0.0,0.1072,19,53,95,104
mit_vierlinge,2.2,3.9,32,104,0.3077,0.2272,0.4019,0,32,0.0,0.0,0.1072,19,53,95,104
mit_vierlinge,2.2,4.0,32,104,0.3077,0.2272,0.4019,0,32,0.0,0.0,0.1072,19,53,95,104
mit_vierlinge,2.2,4.1,32,104,0.3077,0.2272,0.4019,0,32,0.0,0.0,0.1072,19,53,95,104
mit_vierlinge,2.2,4.2,32,104,0.3077,0.2272,0.4019,0,32,0.0,0.0,0.1072,19,53,95,104
mit_vierlinge,2.2,4.3,31,104,0.2981,0.2186,0.3919,0,31,0.0,0.0,0.1103,19,54,95,104
mit_vierlinge,2.2,4.4,30,104,0.2885,0.2102,0.3818,0,30,0.0,0.0,0.1135,19,55,95,104
mit_vierlinge,2.2,4.5,30,104,0.2885,0.2102,0.3818,0,30,0.0,0.0,0.1135,19,55,95,104
mit_vierlinge,2.2,4.6,28,104,0.2692,0.1933,0.3616,0,28,0.0,0.0,0.1206,19,57,95,104
mit_vierlinge,2.2,4.7,28,104,0.2692,0.1933,0.3616,0,28,0.0,0.0,0.1206,19,57,95,104
mit_vierlinge,2.2,4.8,28,104,0.2692,0.1933,0.3616,0,28,0.0,0.0,0.1206,19,57,95,104
mit_vierlinge,2.2,4.9,28,104,0.2692,0.1933,0.3616,0,28,0.0,0.0,0.1206,19,57,95,104
mit_vierlinge,2.2,5.0,28,104,0.2692,0.1933,0.3616,0,28,0.0,0.0,0.1206,19,57,95,104
mit_vierlinge,2.3,0.0,85,104,0.8173,0.7322,0.8798,4,85,0.0471,0.0184,0.1148,19,0,95,104
mit_vierlinge,2.3,0.1,81,104,0.7788,0.69,0.8479,3,81,0.037,0.0127,0.1033,19,4,95,104
mit_vierlinge,2.3,0.2,74,104,0.7115,0.6182,0.7898,2,74,0.027,0.0074,0.0933,19,11,95,104
mit_vierlinge,2.3,0.3,72,104,0.6923,0.5981,0.7728,2,72,0.0278,0.0077,0.0957,19,13,95,104
mit_vierlinge,2.3,0.4,70,104,0.6731,0.5782,0.7557,2,70,0.0286,0.0079,0.0983,19,15,95,104
mit_vierlinge,2.3,0.5,66,104,0.6346,0.5388,0.7208,2,66,0.0303,0.0083,0.1039,19,19,95,104
mit_vierlinge,2.3,0.6,63,104,0.6058,0.5097,0.6943,2,63,0.0317,0.0087,0.1086,19,22,95,104
mit_vierlinge,2.3,0.7,60,104,0.5769,0.4809,0.6675,2,60,0.0333,0.0092,0.1136,19,25,95,104
mit_vierlinge,2.3,0.8,59,104,0.5673,0.4714,0.6585,2,59,0.0339,0.0093,0.1154,19,26,95,104
mit_vierlinge,2.3,0.9,54,104,0.5192,0.4242,0.6128,2,54,0.037,0.0102,0.1254,19,31,95,104
mit_vierlinge,2.3,1.0,50,104,0.4808,0.3872,0.5758,2,50,0.04,0.011,0.1346,19,35,95,104
mit_vierlinge,2.3,1.1,50,104,0.4808,0.3872,0.5758,2,50,0.04,0.011,0.1346,19,35,95,104
mit_vierlinge,2.3,1.2,46,104,0.4423,0.3506,0.5381,2,46,0.0435,0.012,0.1453,19,39,95,104
mit_vierlinge,2.3,1.3,41,104,0.3942,0.3057,0.4903,1,41,0.0244,0.0043,0.126,19,44,95,104
mit_vierlinge,2.3,1.4,41,104,0.3942,0.3057,0.4903,1,41,0.0244,0.0043,0.126,19,44,95,104
mit_vierlinge,2.3,1.5,40,104,0.3846,0.2968,0.4806,1,40,0.025,0.0044,0.1288,19,45,95,104
mit_vierlinge,2.3,1.6,40,104,0.3846,0.2968,0.4806,1,40,0.025,0.0044,0.1288,19,45,95,104
mit_vierlinge,2.3,1.7,40,104,0.3846,0.2968,0.4806,1,40,0.025,0.0044,0.1288,19,45,95,104
mit_vierlinge,2.3,1.8,40,104,0.3846,0.2968,0.4806,1,40,0.025,0.0044,0.1288,19,45,95,104
mit_vierlinge,2.3,1.9,40,104,0.3846,0.2968,0.4806,1,40,0.025,0.0044,0.1288,19,45,95,104
mit_vierlinge,2.3,2.0,39,104,0.375,0.288,0.4709,0,39,0.0,0.0,0.0897,19,46,95,104
mit_vierlinge,2.3,2.1,38,104,0.3654,0.2792,0.4612,0,38,0.0,0.0,0.0918,19,47,95,104
mit_vierlinge,2.3,2.2,38,104,0.3654,0.2792,0.4612,0,38,0.0,0.0,0.0918,19,47,95,104
mit_vierlinge,2.3,2.3,37,104,0.3558,0.2704,0.4514,0,37,0.0,0.0,0.0941,19,48,95,104
mit_vierlinge,2.3,2.4,37,104,0.3558,0.2704,0.4514,0,37,0.0,0.0,0.0941,19,48,95,104
mit_vierlinge,2.3,2.5,37,104,0.3558,0.2704,0.4514,0,37,0.0,0.0,0.0941,19,48,95,104
mit_vierlinge,2.3,2.6,37,104,0.3558,0.2704,0.4514,0,37,0.0,0.0,0.0941,19,48,95,104
mit_vierlinge,2.3,2.7,36,104,0.3462,0.2617,0.4416,0,36,0.0,0.0,0.0964,19,49,95,104
mit_vierlinge,2.3,2.8,35,104,0.3365,0.253,0.4317,0,35,0.0,0.0,0.0989,19,50,95,104
mit_vierlinge,2.3,2.9,35,104,0.3365,0.253,0.4317,0,35,0.0,0.0,0.0989,19,50,95,104
mit_vierlinge,2.3,3.0,35,104,0.3365,0.253,0.4317,0,35,0.0,0.0,0.0989,19,50,95,104
mit_vierlinge,2.3,3.1,35,104,0.3365,0.253,0.4317,0,35,0.0,0.0,0.0989,19,50,95,104
mit_vierlinge,2.3,3.2,35,104,0.3365,0.253,0.4317,0,35,0.0,0.0,0.0989,19,50,95,104
mit_vierlinge,2.3,3.3,35,104,0.3365,0.253,0.4317,0,35,0.0,0.0,0.0989,19,50,95,104
mit_vierlinge,2.3,3.4,34,104,0.3269,0.2443,0.4218,0,34,0.0,0.0,0.1015,19,51,95,104
mit_vierlinge,2.3,3.5,34,104,0.3269,0.2443,0.4218,0,34,0.0,0.0,0.1015,19,51,95,104
mit_vierlinge,2.3,3.6,34,104,0.3269,0.2443,0.4218,0,34,0.0,0.0,0.1015,19,51,95,104
mit_vierlinge,2.3,3.7,32,104,0.3077,0.2272,0.4019,0,32,0.0,0.0,0.1072,19,53,95,104
mit_vierlinge,2.3,3.8,32,104,0.3077,0.2272,0.4019,0,32,0.0,0.0,0.1072,19,53,95,104
mit_vierlinge,2.3,3.9,32,104,0.3077,0.2272,0.4019,0,32,0.0,0.0,0.1072,19,53,95,104
mit_vierlinge,2.3,4.0,32,104,0.3077,0.2272,0.4019,0,32,0.0,0.0,0.1072,19,53,95,104
mit_vierlinge,2.3,4.1,32,104,0.3077,0.2272,0.4019,0,32,0.0,0.0,0.1072,19,53,95,104
mit_vierlinge,2.3,4.2,32,104,0.3077,0.2272,0.4019,0,32,0.0,0.0,0.1072,19,53,95,104
mit_vierlinge,2.3,4.3,31,104,0.2981,0.2186,0.3919,0,31,0.0,0.0,0.1103,19,54,95,104
mit_vierlinge,2.3,4.4,30,104,0.2885,0.2102,0.3818,0,30,0.0,0.0,0.1135,19,55,95,104
mit_vierlinge,2.3,4.5,30,104,0.2885,0.2102,0.3818,0,30,0.0,0.0,0.1135,19,55,95,104
mit_vierlinge,2.3,4.6,28,104,0.2692,0.1933,0.3616,0,28,0.0,0.0,0.1206,19,57,95,104
mit_vierlinge,2.3,4.7,28,104,0.2692,0.1933,0.3616,0,28,0.0,0.0,0.1206,19,57,95,104
mit_vierlinge,2.3,4.8,28,104,0.2692,0.1933,0.3616,0,28,0.0,0.0,0.1206,19,57,95,104
mit_vierlinge,2.3,4.9,28,104,0.2692,0.1933,0.3616,0,28,0.0,0.0,0.1206,19,57,95,104
mit_vierlinge,2.3,5.0,28,104,0.2692,0.1933,0.3616,0,28,0.0,0.0,0.1206,19,57,95,104
mit_vierlinge,2.4,0.0,89,104,0.8558,0.7756,0.9106,6,89,0.0674,0.0313,0.1394,15,0,95,104
mit_vierlinge,2.4,0.1,85,104,0.8173,0.7322,0.8798,5,85,0.0588,0.0254,0.1304,15,4,95,104
mit_vierlinge,2.4,0.2,77,104,0.7404,0.6486,0.815,3,77,0.039,0.0133,0.1084,15,12,95,104
mit_vierlinge,2.4,0.3,74,104,0.7115,0.6182,0.7898,2,74,0.027,0.0074,0.0933,15,15,95,104
mit_vierlinge,2.4,0.4,72,104,0.6923,0.5981,0.7728,2,72,0.0278,0.0077,0.0957,15,17,95,104
mit_vierlinge,2.4,0.5,68,104,0.6538,0.5584,0.7383,2,68,0.0294,0.0081,0.101,15,21,95,104
mit_vierlinge,2.4,0.6,65,104,0.625,0.5291,0.712,2,65,0.0308,0.0085,0.1054,15,24,95,104
mit_vierlinge,2.4,0.7,62,104,0.5962,0.5001,0.6854,2,62,0.0323,0.0089,0.1102,15,27,95,104
mit_vierlinge,2.4,0.8,61,104,0.5865,0.4905,0.6765,2,61,0.0328,0.009,0.1119,15,28,95,104
mit_vierlinge,2.4,0.9,56,104,0.5385,0.443,0.6312,2,56,0.0357,0.0098,0.1212,15,33,95,104
mit_vierlinge,2.4,1.0,52,104,0.5,0.4056,0.5944,2,52,0.0385,0.0106,0.1298,15,37,95,104
mit_vierlinge,2.4,1.1,51,104,0.4904,0.3964,0.5851,2,51,0.0392,0.0108,0.1322,15,38,95,104
mit_vierlinge,2.4,1.2,47,104,0.4519,0.3597,0.5476,2,47,0.0426,0.0117,0.1425,15,42,95,104
mit_vierlinge,2.4,1.3,42,104,0.4038,0.3146,0.4999,1,42,0.0238,0.0042,0.1232,15,47,95,104
mit_vierlinge,2.4,1.4,42,104,0.4038,0.3146,0.4999,1,42,0.0238,0.0042,0.1232,15,47,95,104
mit_vierlinge,2.4,1.5,41,104,0.3942,0.3057,0.4903,1,41,0.0244,0.0043,0.126,15,48,95,104
mit_vierlinge,2.4,1.6,41,104,0.3942,0.3057,0.4903,1,41,0.0244,0.0043,0.126,15,48,95,104
mit_vierlinge,2.4,1.7,41,104,0.3942,0.3057,0.4903,1,41,0.0244,0.0043,0.126,15,48,95,104
mit_vierlinge,2.4,1.8,41,104,0.3942,0.3057,0.4903,1,41,0.0244,0.0043,0.126,15,48,95,104
mit_vierlinge,2.4,1.9,41,104,0.3942,0.3057,0.4903,1,41,0.0244,0.0043,0.126,15,48,95,104
mit_vierlinge,2.4,2.0,40,104,0.3846,0.2968,0.4806,0,40,0.0,0.0,0.0876,15,49,95,104
mit_vierlinge,2.4,2.1,39,104,0.375,0.288,0.4709,0,39,0.0,0.0,0.0897,15,50,95,104
mit_vierlinge,2.4,2.2,39,104,0.375,0.288,0.4709,0,39,0.0,0.0,0.0897,15,50,95,104
mit_vierlinge,2.4,2.3,38,104,0.3654,0.2792,0.4612,0,38,0.0,0.0,0.0918,15,51,95,104
mit_vierlinge,2.4,2.4,38,104,0.3654,0.2792,0.4612,0,38,0.0,0.0,0.0918,15,51,95,104
mit_vierlinge,2.4,2.5,38,104,0.3654,0.2792,0.4612,0,38,0.0,0.0,0.0918,15,51,95,104
mit_vierlinge,2.4,2.6,38,104,0.3654,0.2792,0.4612,0,38,0.0,0.0,0.0918,15,51,95,104
mit_vierlinge,2.4,2.7,37,104,0.3558,0.2704,0.4514,0,37,0.0,0.0,0.0941,15,52,95,104
mit_vierlinge,2.4,2.8,36,104,0.3462,0.2617,0.4416,0,36,0.0,0.0,0.0964,15,53,95,104
mit_vierlinge,2.4,2.9,36,104,0.3462,0.2617,0.4416,0,36,0.0,0.0,0.0964,15,53,95,104
mit_vierlinge,2.4,3.0,36,104,0.3462,0.2617,0.4416,0,36,0.0,0.0,0.0964,15,53,95,104
mit_vierlinge,2.4,3.1,36,104,0.3462,0.2617,0.4416,0,36,0.0,0.0,0.0964,15,53,95,104
mit_vierlinge,2.4,3.2,36,104,0.3462,0.2617,0.4416,0,36,0.0,0.0,0.0964,15,53,95,104
mit_vierlinge,2.4,3.3,36,104,0.3462,0.2617,0.4416,0,36,0.0,0.0,0.0964,15,53,95,104
mit_vierlinge,2.4,3.4,35,104,0.3365,0.253,0.4317,0,35,0.0,0.0,0.0989,15,54,95,104
mit_vierlinge,2.4,3.5,35,104,0.3365,0.253,0.4317,0,35,0.0,0.0,0.0989,15,54,95,104
mit_vierlinge,2.4,3.6,35,104,0.3365,0.253,0.4317,0,35,0.0,0.0,0.0989,15,54,95,104
mit_vierlinge,2.4,3.7,33,104,0.3173,0.2357,0.4119,0,33,0.0,0.0,0.1043,15,56,95,104
mit_vierlinge,2.4,3.8,33,104,0.3173,0.2357,0.4119,0,33,0.0,0.0,0.1043,15,56,95,104
mit_vierlinge,2.4,3.9,33,104,0.3173,0.2357,0.4119,0,33,0.0,0.0,0.1043,15,56,95,104
mit_vierlinge,2.4,4.0,33,104,0.3173,0.2357,0.4119,0,33,0.0,0.0,0.1043,15,56,95,104
mit_vierlinge,2.4,4.1,33,104,0.3173,0.2357,0.4119,0,33,0.0,0.0,0.1043,15,56,95,104
mit_vierlinge,2.4,4.2,33,104,0.3173,0.2357,0.4119,0,33,0.0,0.0,0.1043,15,56,95,104
mit_vierlinge,2.4,4.3,32,104,0.3077,0.2272,0.4019,0,32,0.0,0.0,0.1072,15,57,95,104
mit_vierlinge,2.4,4.4,31,104,0.2981,0.2186,0.3919,0,31,0.0,0.0,0.1103,15,58,95,104
mit_vierlinge,2.4,4.5,31,104,0.2981,0.2186,0.3919,0,31,0.0,0.0,0.1103,15,58,95,104
mit_vierlinge,2.4,4.6,29,104,0.2788,0.2017,0.3717,0,29,0.0,0.0,0.117,15,60,95,104
mit_vierlinge,2.4,4.7,29,104,0.2788,0.2017,0.3717,0,29,0.0,0.0,0.117,15,60,95,104
mit_vierlinge,2.4,4.8,29,104,0.2788,0.2017,0.3717,0,29,0.0,0.0,0.117,15,60,95,104
mit_vierlinge,2.4,4.9,29,104,0.2788,0.2017,0.3717,0,29,0.0,0.0,0.117,15,60,95,104
mit_vierlinge,2.4,5.0,29,104,0.2788,0.2017,0.3717,0,29,0.0,0.0,0.117,15,60,95,104
mit_vierlinge,2.5,0.0,90,104,0.8654,0.7866,0.9181,7,90,0.0778,0.0382,0.1519,14,0,95,104
mit_vierlinge,2.5,0.1,85,104,0.8173,0.7322,0.8798,5,85,0.0588,0.0254,0.1304,14,5,95,104
mit_vierlinge,2.5,0.2,77,104,0.7404,0.6486,0.815,3,77,0.039,0.0133,0.1084,14,13,95,104
mit_vierlinge,2.5,0.3,74,104,0.7115,0.6182,0.7898,2,74,0.027,0.0074,0.0933,14,16,95,104
mit_vierlinge,2.5,0.4,72,104,0.6923,0.5981,0.7728,2,72,0.0278,0.0077,0.0957,14,18,95,104
mit_vierlinge,2.5,0.5,68,104,0.6538,0.5584,0.7383,2,68,0.0294,0.0081,0.101,14,22,95,104
mit_vierlinge,2.5,0.6,65,104,0.625,0.5291,0.712,2,65,0.0308,0.0085,0.1054,14,25,95,104
mit_vierlinge,2.5,0.7,62,104,0.5962,0.5001,0.6854,2,62,0.0323,0.0089,0.1102,14,28,95,104
mit_vierlinge,2.5,0.8,61,104,0.5865,0.4905,0.6765,2,61,0.0328,0.009,0.1119,14,29,95,104
mit_vierlinge,2.5,0.9,56,104,0.5385,0.443,0.6312,2,56,0.0357,0.0098,0.1212,14,34,95,104
mit_vierlinge,2.5,1.0,52,104,0.5,0.4056,0.5944,2,52,0.0385,0.0106,0.1298,14,38,95,104
mit_vierlinge,2.5,1.1,51,104,0.4904,0.3964,0.5851,2,51,0.0392,0.0108,0.1322,14,39,95,104
mit_vierlinge,2.5,1.2,47,104,0.4519,0.3597,0.5476,2,47,0.0426,0.0117,0.1425,14,43,95,104
mit_vierlinge,2.5,1.3,42,104,0.4038,0.3146,0.4999,1,42,0.0238,0.0042,0.1232,14,48,95,104
mit_vierlinge,2.5,1.4,42,104,0.4038,0.3146,0.4999,1,42,0.0238,0.0042,0.1232,14,48,95,104
mit_vierlinge,2.5,1.5,41,104,0.3942,0.3057,0.4903,1,41,0.0244,0.0043,0.126,14,49,95,104
mit_vierlinge,2.5,1.6,41,104,0.3942,0.3057,0.4903,1,41,0.0244,0.0043,0.126,14,49,95,104
mit_vierlinge,2.5,1.7,41,104,0.3942,0.3057,0.4903,1,41,0.0244,0.0043,0.126,14,49,95,104
mit_vierlinge,2.5,1.8,41,104,0.3942,0.3057,0.4903,1,41,0.0244,0.0043,0.126,14,49,95,104
mit_vierlinge,2.5,1.9,41,104,0.3942,0.3057,0.4903,1,41,0.0244,0.0043,0.126,14,49,95,104
mit_vierlinge,2.5,2.0,40,104,0.3846,0.2968,0.4806,0,40,0.0,0.0,0.0876,14,50,95,104
mit_vierlinge,2.5,2.1,39,104,0.375,0.288,0.4709,0,39,0.0,0.0,0.0897,14,51,95,104
mit_vierlinge,2.5,2.2,39,104,0.375,0.288,0.4709,0,39,0.0,0.0,0.0897,14,51,95,104
mit_vierlinge,2.5,2.3,38,104,0.3654,0.2792,0.4612,0,38,0.0,0.0,0.0918,14,52,95,104
mit_vierlinge,2.5,2.4,38,104,0.3654,0.2792,0.4612,0,38,0.0,0.0,0.0918,14,52,95,104
mit_vierlinge,2.5,2.5,38,104,0.3654,0.2792,0.4612,0,38,0.0,0.0,0.0918,14,52,95,104
mit_vierlinge,2.5,2.6,38,104,0.3654,0.2792,0.4612,0,38,0.0,0.0,0.0918,14,52,95,104
mit_vierlinge,2.5,2.7,37,104,0.3558,0.2704,0.4514,0,37,0.0,0.0,0.0941,14,53,95,104
mit_vierlinge,2.5,2.8,36,104,0.3462,0.2617,0.4416,0,36,0.0,0.0,0.0964,14,54,95,104
mit_vierlinge,2.5,2.9,36,104,0.3462,0.2617,0.4416,0,36,0.0,0.0,0.0964,14,54,95,104
mit_vierlinge,2.5,3.0,36,104,0.3462,0.2617,0.4416,0,36,0.0,0.0,0.0964,14,54,95,104
mit_vierlinge,2.5,3.1,36,104,0.3462,0.2617,0.4416,0,36,0.0,0.0,0.0964,14,54,95,104
mit_vierlinge,2.5,3.2,36,104,0.3462,0.2617,0.4416,0,36,0.0,0.0,0.0964,14,54,95,104
mit_vierlinge,2.5,3.3,36,104,0.3462,0.2617,0.4416,0,36,0.0,0.0,0.0964,14,54,95,104
mit_vierlinge,2.5,3.4,35,104,0.3365,0.253,0.4317,0,35,0.0,0.0,0.0989,14,55,95,104
mit_vierlinge,2.5,3.5,35,104,0.3365,0.253,0.4317,0,35,0.0,0.0,0.0989,14,55,95,104
mit_vierlinge,2.5,3.6,35,104,0.3365,0.253,0.4317,0,35,0.0,0.0,0.0989,14,55,95,104
mit_vierlinge,2.5,3.7,33,104,0.3173,0.2357,0.4119,0,33,0.0,0.0,0.1043,14,57,95,104
mit_vierlinge,2.5,3.8,33,104,0.3173,0.2357,0.4119,0,33,0.0,0.0,0.1043,14,57,95,104
mit_vierlinge,2.5,3.9,33,104,0.3173,0.2357,0.4119,0,33,0.0,0.0,0.1043,14,57,95,104
mit_vierlinge,2.5,4.0,33,104,0.3173,0.2357,0.4119,0,33,0.0,0.0,0.1043,14,57,95,104
mit_vierlinge,2.5,4.1,33,104,0.3173,0.2357,0.4119,0,33,0.0,0.0,0.1043,14,57,95,104
mit_vierlinge,2.5,4.2,33,104,0.3173,0.2357,0.4119,0,33,0.0,0.0,0.1043,14,57,95,104
mit_vierlinge,2.5,4.3,32,104,0.3077,0.2272,0.4019,0,32,0.0,0.0,0.1072,14,58,95,104
mit_vierlinge,2.5,4.4,31,104,0.2981,0.2186,0.3919,0,31,0.0,0.0,0.1103,14,59,95,104
mit_vierlinge,2.5,4.5,31,104,0.2981,0.2186,0.3919,0,31,0.0,0.0,0.1103,14,59,95,104
mit_vierlinge,2.5,4.6,29,104,0.2788,0.2017,0.3717,0,29,0.0,0.0,0.117,14,61,95,104
mit_vierlinge,2.5,4.7,29,104,0.2788,0.2017,0.3717,0,29,0.0,0.0,0.117,14,61,95,104
mit_vierlinge,2.5,4.8,29,104,0.2788,0.2017,0.3717,0,29,0.0,0.0,0.117,14,61,95,104
mit_vierlinge,2.5,4.9,29,104,0.2788,0.2017,0.3717,0,29,0.0,0.0,0.117,14,61,95,104
mit_vierlinge,2.5,5.0,29,104,0.2788,0.2017,0.3717,0,29,0.0,0.0,0.117,14,61,95,104
mit_vierlinge,2.6,0.0,93,104,0.8942,0.8205,0.9399,8,93,0.086,0.0442,0.1607,11,0,95,104
mit_vierlinge,2.6,0.1,88,104,0.8462,0.7646,0.903,6,88,0.0682,0.0316,0.1409,11,5,95,104
mit_vierlinge,2.6,0.2,80,104,0.7692,0.6795,0.8397,4,80,0.05,0.0196,0.1216,11,13,95,104
mit_vierlinge,2.6,0.3,76,104,0.7308,0.6384,0.8067,2,76,0.0263,0.0072,0.091,11,17,95,104
mit_vierlinge,2.6,0.4,74,104,0.7115,0.6182,0.7898,2,74,0.027,0.0074,0.0933,11,19,95,104
mit_vierlinge,2.6,0.5,70,104,0.6731,0.5782,0.7557,2,70,0.0286,0.0079,0.0983,11,23,95,104
mit_vierlinge,2.6,0.6,67,104,0.6442,0.5486,0.7296,2,67,0.0299,0.0082,0.1025,11,26,95,104
mit_vierlinge,2.6,0.7,64,104,0.6154,0.5194,0.7032,2,64,0.0312,0.0086,0.107,11,29,95,104
mit_vierlinge,2.6,0.8,63,104,0.6058,0.5097,0.6943,2,63,0.0317,0.0087,0.1086,11,30,95,104
mit_vierlinge,2.6,0.9,58,104,0.5577,0.4619,0.6494,2,58,0.0345,0.0095,0.1173,11,35,95,104
mit_vierlinge,2.6,1.0,54,104,0.5192,0.4242,0.6128,2,54,0.037,0.0102,0.1254,11,39,95,104
mit_vierlinge,2.6,1.1,53,104,0.5096,0.4149,0.6036,2,53,0.0377,0.0104,0.1275,11,40,95,104
mit_vierlinge,2.6,1.2,49,104,0.4712,0.378,0.5664,2,49,0.0408,0.0113,0.1371,11,44,95,104
mit_vierlinge,2.6,1.3,44,104,0.4231,0.3325,0.5191,1,44,0.0227,0.004,0.1181,11,49,95,104
mit_vierlinge,2.6,1.4,43,104,0.4135,0.3235,0.5095,1,43,0.0233,0.0041,0.1206,11,50,95,104
mit_vierlinge,2.6,1.5,42,104,0.4038,0.3146,0.4999,1,42,0.0238,0.0042,0.1232,11,51,95,104
mit_vierlinge,2.6,1.6,42,104,0.4038,0.3146,0.4999,1,42,0.0238,0.0042,0.1232,11,51,95,104
mit_vierlinge,2.6,1.7,42,104,0.4038,0.3146,0.4999,1,42,0.0238,0.0042,0.1232,11,51,95,104
mit_vierlinge,2.6,1.8,42,104,0.4038,0.3146,0.4999,1,42,0.0238,0.0042,0.1232,11,51,95,104
mit_vierlinge,2.6,1.9,42,104,0.4038,0.3146,0.4999,1,42,0.0238,0.0042,0.1232,11,51,95,104
mit_vierlinge,2.6,2.0,41,104,0.3942,0.3057,0.4903,0,41,0.0,0.0,0.0857,11,52,95,104
mit_vierlinge,2.6,2.1,40,104,0.3846,0.2968,0.4806,0,40,0.0,0.0,0.0876,11,53,95,104
mit_vierlinge,2.6,2.2,40,104,0.3846,0.2968,0.4806,0,40,0.0,0.0,0.0876,11,53,95,104
mit_vierlinge,2.6,2.3,39,104,0.375,0.288,0.4709,0,39,0.0,0.0,0.0897,11,54,95,104
mit_vierlinge,2.6,2.4,39,104,0.375,0.288,0.4709,0,39,0.0,0.0,0.0897,11,54,95,104
mit_vierlinge,2.6,2.5,39,104,0.375,0.288,0.4709,0,39,0.0,0.0,0.0897,11,54,95,104
mit_vierlinge,2.6,2.6,39,104,0.375,0.288,0.4709,0,39,0.0,0.0,0.0897,11,54,95,104
mit_vierlinge,2.6,2.7,38,104,0.3654,0.2792,0.4612,0,38,0.0,0.0,0.0918,11,55,95,104
mit_vierlinge,2.6,2.8,37,104,0.3558,0.2704,0.4514,0,37,0.0,0.0,0.0941,11,56,95,104
mit_vierlinge,2.6,2.9,37,104,0.3558,0.2704,0.4514,0,37,0.0,0.0,0.0941,11,56,95,104
mit_vierlinge,2.6,3.0,37,104,0.3558,0.2704,0.4514,0,37,0.0,0.0,0.0941,11,56,95,104
mit_vierlinge,2.6,3.1,37,104,0.3558,0.2704,0.4514,0,37,0.0,0.0,0.0941,11,56,95,104
mit_vierlinge,2.6,3.2,37,104,0.3558,0.2704,0.4514,0,37,0.0,0.0,0.0941,11,56,95,104
mit_vierlinge,2.6,3.3,37,104,0.3558,0.2704,0.4514,0,37,0.0,0.0,0.0941,11,56,95,104
mit_vierlinge,2.6,3.4,36,104,0.3462,0.2617,0.4416,0,36,0.0,0.0,0.0964,11,57,95,104
mit_vierlinge,2.6,3.5,36,104,0.3462,0.2617,0.4416,0,36,0.0,0.0,0.0964,11,57,95,104
mit_vierlinge,2.6,3.6,36,104,0.3462,0.2617,0.4416,0,36,0.0,0.0,0.0964,11,57,95,104
mit_vierlinge,2.6,3.7,34,104,0.3269,0.2443,0.4218,0,34,0.0,0.0,0.1015,11,59,95,104
mit_vierlinge,2.6,3.8,34,104,0.3269,0.2443,0.4218,0,34,0.0,0.0,0.1015,11,59,95,104
mit_vierlinge,2.6,3.9,34,104,0.3269,0.2443,0.4218,0,34,0.0,0.0,0.1015,11,59,95,104
mit_vierlinge,2.6,4.0,34,104,0.3269,0.2443,0.4218,0,34,0.0,0.0,0.1015,11,59,95,104
mit_vierlinge,2.6,4.1,34,104,0.3269,0.2443,0.4218,0,34,0.0,0.0,0.1015,11,59,95,104
mit_vierlinge,2.6,4.2,34,104,0.3269,0.2443,0.4218,0,34,0.0,0.0,0.1015,11,59,95,104
mit_vierlinge,2.6,4.3,33,104,0.3173,0.2357,0.4119,0,33,0.0,0.0,0.1043,11,60,95,104
mit_vierlinge,2.6,4.4,32,104,0.3077,0.2272,0.4019,0,32,0.0,0.0,0.1072,11,61,95,104
mit_vierlinge,2.6,4.5,32,104,0.3077,0.2272,0.4019,0,32,0.0,0.0,0.1072,11,61,95,104
mit_vierlinge,2.6,4.6,30,104,0.2885,0.2102,0.3818,0,30,0.0,0.0,0.1135,11,63,95,104
mit_vierlinge,2.6,4.7,30,104,0.2885,0.2102,0.3818,0,30,0.0,0.0,0.1135,11,63,95,104
mit_vierlinge,2.6,4.8,30,104,0.2885,0.2102,0.3818,0,30,0.0,0.0,0.1135,11,63,95,104
mit_vierlinge,2.6,4.9,30,104,0.2885,0.2102,0.3818,0,30,0.0,0.0,0.1135,11,63,95,104
mit_vierlinge,2.6,5.0,30,104,0.2885,0.2102,0.3818,0,30,0.0,0.0,0.1135,11,63,95,104
mit_vierlinge,2.7,0.0,93,104,0.8942,0.8205,0.9399,8,93,0.086,0.0442,0.1607,11,0,95,104
mit_vierlinge,2.7,0.1,88,104,0.8462,0.7646,0.903,6,88,0.0682,0.0316,0.1409,11,5,95,104
mit_vierlinge,2.7,0.2,80,104,0.7692,0.6795,0.8397,4,80,0.05,0.0196,0.1216,11,13,95,104
mit_vierlinge,2.7,0.3,76,104,0.7308,0.6384,0.8067,2,76,0.0263,0.0072,0.091,11,17,95,104
mit_vierlinge,2.7,0.4,74,104,0.7115,0.6182,0.7898,2,74,0.027,0.0074,0.0933,11,19,95,104
mit_vierlinge,2.7,0.5,70,104,0.6731,0.5782,0.7557,2,70,0.0286,0.0079,0.0983,11,23,95,104
mit_vierlinge,2.7,0.6,67,104,0.6442,0.5486,0.7296,2,67,0.0299,0.0082,0.1025,11,26,95,104
mit_vierlinge,2.7,0.7,64,104,0.6154,0.5194,0.7032,2,64,0.0312,0.0086,0.107,11,29,95,104
mit_vierlinge,2.7,0.8,63,104,0.6058,0.5097,0.6943,2,63,0.0317,0.0087,0.1086,11,30,95,104
mit_vierlinge,2.7,0.9,58,104,0.5577,0.4619,0.6494,2,58,0.0345,0.0095,0.1173,11,35,95,104
mit_vierlinge,2.7,1.0,54,104,0.5192,0.4242,0.6128,2,54,0.037,0.0102,0.1254,11,39,95,104
mit_vierlinge,2.7,1.1,53,104,0.5096,0.4149,0.6036,2,53,0.0377,0.0104,0.1275,11,40,95,104
mit_vierlinge,2.7,1.2,49,104,0.4712,0.378,0.5664,2,49,0.0408,0.0113,0.1371,11,44,95,104
mit_vierlinge,2.7,1.3,44,104,0.4231,0.3325,0.5191,1,44,0.0227,0.004,0.1181,11,49,95,104
mit_vierlinge,2.7,1.4,43,104,0.4135,0.3235,0.5095,1,43,0.0233,0.0041,0.1206,11,50,95,104
mit_vierlinge,2.7,1.5,42,104,0.4038,0.3146,0.4999,1,42,0.0238,0.0042,0.1232,11,51,95,104
mit_vierlinge,2.7,1.6,42,104,0.4038,0.3146,0.4999,1,42,0.0238,0.0042,0.1232,11,51,95,104
mit_vierlinge,2.7,1.7,42,104,0.4038,0.3146,0.4999,1,42,0.0238,0.0042,0.1232,11,51,95,104
mit_vierlinge,2.7,1.8,42,104,0.4038,0.3146,0.4999,1,42,0.0238,0.0042,0.1232,11,51,95,104
mit_vierlinge,2.7,1.9,42,104,0.4038,0.3146,0.4999,1,42,0.0238,0.0042,0.1232,11,51,95,104
mit_vierlinge,2.7,2.0,41,104,0.3942,0.3057,0.4903,0,41,0.0,0.0,0.0857,11,52,95,104
mit_vierlinge,2.7,2.1,40,104,0.3846,0.2968,0.4806,0,40,0.0,0.0,0.0876,11,53,95,104
mit_vierlinge,2.7,2.2,40,104,0.3846,0.2968,0.4806,0,40,0.0,0.0,0.0876,11,53,95,104
mit_vierlinge,2.7,2.3,39,104,0.375,0.288,0.4709,0,39,0.0,0.0,0.0897,11,54,95,104
mit_vierlinge,2.7,2.4,39,104,0.375,0.288,0.4709,0,39,0.0,0.0,0.0897,11,54,95,104
mit_vierlinge,2.7,2.5,39,104,0.375,0.288,0.4709,0,39,0.0,0.0,0.0897,11,54,95,104
mit_vierlinge,2.7,2.6,39,104,0.375,0.288,0.4709,0,39,0.0,0.0,0.0897,11,54,95,104
mit_vierlinge,2.7,2.7,38,104,0.3654,0.2792,0.4612,0,38,0.0,0.0,0.0918,11,55,95,104
mit_vierlinge,2.7,2.8,37,104,0.3558,0.2704,0.4514,0,37,0.0,0.0,0.0941,11,56,95,104
mit_vierlinge,2.7,2.9,37,104,0.3558,0.2704,0.4514,0,37,0.0,0.0,0.0941,11,56,95,104
mit_vierlinge,2.7,3.0,37,104,0.3558,0.2704,0.4514,0,37,0.0,0.0,0.0941,11,56,95,104
mit_vierlinge,2.7,3.1,37,104,0.3558,0.2704,0.4514,0,37,0.0,0.0,0.0941,11,56,95,104
mit_vierlinge,2.7,3.2,37,104,0.3558,0.2704,0.4514,0,37,0.0,0.0,0.0941,11,56,95,104
mit_vierlinge,2.7,3.3,37,104,0.3558,0.2704,0.4514,0,37,0.0,0.0,0.0941,11,56,95,104
mit_vierlinge,2.7,3.4,36,104,0.3462,0.2617,0.4416,0,36,0.0,0.0,0.0964,11,57,95,104
mit_vierlinge,2.7,3.5,36,104,0.3462,0.2617,0.4416,0,36,0.0,0.0,0.0964,11,57,95,104
mit_vierlinge,2.7,3.6,36,104,0.3462,0.2617,0.4416,0,36,0.0,0.0,0.0964,11,57,95,104
mit_vierlinge,2.7,3.7,34,104,0.3269,0.2443,0.4218,0,34,0.0,0.0,0.1015,11,59,95,104
mit_vierlinge,2.7,3.8,34,104,0.3269,0.2443,0.4218,0,34,0.0,0.0,0.1015,11,59,95,104
mit_vierlinge,2.7,3.9,34,104,0.3269,0.2443,0.4218,0,34,0.0,0.0,0.1015,11,59,95,104
mit_vierlinge,2.7,4.0,34,104,0.3269,0.2443,0.4218,0,34,0.0,0.0,0.1015,11,59,95,104
mit_vierlinge,2.7,4.1,34,104,0.3269,0.2443,0.4218,0,34,0.0,0.0,0.1015,11,59,95,104
mit_vierlinge,2.7,4.2,34,104,0.3269,0.2443,0.4218,0,34,0.0,0.0,0.1015,11,59,95,104
mit_vierlinge,2.7,4.3,33,104,0.3173,0.2357,0.4119,0,33,0.0,0.0,0.1043,11,60,95,104
mit_vierlinge,2.7,4.4,32,104,0.3077,0.2272,0.4019,0,32,0.0,0.0,0.1072,11,61,95,104
mit_vierlinge,2.7,4.5,32,104,0.3077,0.2272,0.4019,0,32,0.0,0.0,0.1072,11,61,95,104
mit_vierlinge,2.7,4.6,30,104,0.2885,0.2102,0.3818,0,30,0.0,0.0,0.1135,11,63,95,104
mit_vierlinge,2.7,4.7,30,104,0.2885,0.2102,0.3818,0,30,0.0,0.0,0.1135,11,63,95,104
mit_vierlinge,2.7,4.8,30,104,0.2885,0.2102,0.3818,0,30,0.0,0.0,0.1135,11,63,95,104
mit_vierlinge,2.7,4.9,30,104,0.2885,0.2102,0.3818,0,30,0.0,0.0,0.1135,11,63,95,104
mit_vierlinge,2.7,5.0,30,104,0.2885,0.2102,0.3818,0,30,0.0,0.0,0.1135,11,63,95,104
mit_vierlinge,2.8,0.0,93,104,0.8942,0.8205,0.9399,8,93,0.086,0.0442,0.1607,11,0,95,104
mit_vierlinge,2.8,0.1,88,104,0.8462,0.7646,0.903,6,88,0.0682,0.0316,0.1409,11,5,95,104
mit_vierlinge,2.8,0.2,80,104,0.7692,0.6795,0.8397,4,80,0.05,0.0196,0.1216,11,13,95,104
mit_vierlinge,2.8,0.3,76,104,0.7308,0.6384,0.8067,2,76,0.0263,0.0072,0.091,11,17,95,104
mit_vierlinge,2.8,0.4,74,104,0.7115,0.6182,0.7898,2,74,0.027,0.0074,0.0933,11,19,95,104
mit_vierlinge,2.8,0.5,70,104,0.6731,0.5782,0.7557,2,70,0.0286,0.0079,0.0983,11,23,95,104
mit_vierlinge,2.8,0.6,67,104,0.6442,0.5486,0.7296,2,67,0.0299,0.0082,0.1025,11,26,95,104
mit_vierlinge,2.8,0.7,64,104,0.6154,0.5194,0.7032,2,64,0.0312,0.0086,0.107,11,29,95,104
mit_vierlinge,2.8,0.8,63,104,0.6058,0.5097,0.6943,2,63,0.0317,0.0087,0.1086,11,30,95,104
mit_vierlinge,2.8,0.9,58,104,0.5577,0.4619,0.6494,2,58,0.0345,0.0095,0.1173,11,35,95,104
mit_vierlinge,2.8,1.0,54,104,0.5192,0.4242,0.6128,2,54,0.037,0.0102,0.1254,11,39,95,104
mit_vierlinge,2.8,1.1,53,104,0.5096,0.4149,0.6036,2,53,0.0377,0.0104,0.1275,11,40,95,104
mit_vierlinge,2.8,1.2,49,104,0.4712,0.378,0.5664,2,49,0.0408,0.0113,0.1371,11,44,95,104
mit_vierlinge,2.8,1.3,44,104,0.4231,0.3325,0.5191,1,44,0.0227,0.004,0.1181,11,49,95,104
mit_vierlinge,2.8,1.4,43,104,0.4135,0.3235,0.5095,1,43,0.0233,0.0041,0.1206,11,50,95,104
mit_vierlinge,2.8,1.5,42,104,0.4038,0.3146,0.4999,1,42,0.0238,0.0042,0.1232,11,51,95,104
mit_vierlinge,2.8,1.6,42,104,0.4038,0.3146,0.4999,1,42,0.0238,0.0042,0.1232,11,51,95,104
mit_vierlinge,2.8,1.7,42,104,0.4038,0.3146,0.4999,1,42,0.0238,0.0042,0.1232,11,51,95,104
mit_vierlinge,2.8,1.8,42,104,0.4038,0.3146,0.4999,1,42,0.0238,0.0042,0.1232,11,51,95,104
mit_vierlinge,2.8,1.9,42,104,0.4038,0.3146,0.4999,1,42,0.0238,0.0042,0.1232,11,51,95,104
mit_vierlinge,2.8,2.0,41,104,0.3942,0.3057,0.4903,0,41,0.0,0.0,0.0857,11,52,95,104
mit_vierlinge,2.8,2.1,40,104,0.3846,0.2968,0.4806,0,40,0.0,0.0,0.0876,11,53,95,104
mit_vierlinge,2.8,2.2,40,104,0.3846,0.2968,0.4806,0,40,0.0,0.0,0.0876,11,53,95,104
mit_vierlinge,2.8,2.3,39,104,0.375,0.288,0.4709,0,39,0.0,0.0,0.0897,11,54,95,104
mit_vierlinge,2.8,2.4,39,104,0.375,0.288,0.4709,0,39,0.0,0.0,0.0897,11,54,95,104
mit_vierlinge,2.8,2.5,39,104,0.375,0.288,0.4709,0,39,0.0,0.0,0.0897,11,54,95,104
mit_vierlinge,2.8,2.6,39,104,0.375,0.288,0.4709,0,39,0.0,0.0,0.0897,11,54,95,104
mit_vierlinge,2.8,2.7,38,104,0.3654,0.2792,0.4612,0,38,0.0,0.0,0.0918,11,55,95,104
mit_vierlinge,2.8,2.8,37,104,0.3558,0.2704,0.4514,0,37,0.0,0.0,0.0941,11,56,95,104
mit_vierlinge,2.8,2.9,37,104,0.3558,0.2704,0.4514,0,37,0.0,0.0,0.0941,11,56,95,104
mit_vierlinge,2.8,3.0,37,104,0.3558,0.2704,0.4514,0,37,0.0,0.0,0.0941,11,56,95,104
mit_vierlinge,2.8,3.1,37,104,0.3558,0.2704,0.4514,0,37,0.0,0.0,0.0941,11,56,95,104
mit_vierlinge,2.8,3.2,37,104,0.3558,0.2704,0.4514,0,37,0.0,0.0,0.0941,11,56,95,104
mit_vierlinge,2.8,3.3,37,104,0.3558,0.2704,0.4514,0,37,0.0,0.0,0.0941,11,56,95,104
mit_vierlinge,2.8,3.4,36,104,0.3462,0.2617,0.4416,0,36,0.0,0.0,0.0964,11,57,95,104
mit_vierlinge,2.8,3.5,36,104,0.3462,0.2617,0.4416,0,36,0.0,0.0,0.0964,11,57,95,104
mit_vierlinge,2.8,3.6,36,104,0.3462,0.2617,0.4416,0,36,0.0,0.0,0.0964,11,57,95,104
mit_vierlinge,2.8,3.7,34,104,0.3269,0.2443,0.4218,0,34,0.0,0.0,0.1015,11,59,95,104
mit_vierlinge,2.8,3.8,34,104,0.3269,0.2443,0.4218,0,34,0.0,0.0,0.1015,11,59,95,104
mit_vierlinge,2.8,3.9,34,104,0.3269,0.2443,0.4218,0,34,0.0,0.0,0.1015,11,59,95,104
mit_vierlinge,2.8,4.0,34,104,0.3269,0.2443,0.4218,0,34,0.0,0.0,0.1015,11,59,95,104
mit_vierlinge,2.8,4.1,34,104,0.3269,0.2443,0.4218,0,34,0.0,0.0,0.1015,11,59,95,104
mit_vierlinge,2.8,4.2,34,104,0.3269,0.2443,0.4218,0,34,0.0,0.0,0.1015,11,59,95,104
mit_vierlinge,2.8,4.3,33,104,0.3173,0.2357,0.4119,0,33,0.0,0.0,0.1043,11,60,95,104
mit_vierlinge,2.8,4.4,32,104,0.3077,0.2272,0.4019,0,32,0.0,0.0,0.1072,11,61,95,104
mit_vierlinge,2.8,4.5,32,104,0.3077,0.2272,0.4019,0,32,0.0,0.0,0.1072,11,61,95,104
mit_vierlinge,2.8,4.6,30,104,0.2885,0.2102,0.3818,0,30,0.0,0.0,0.1135,11,63,95,104
mit_vierlinge,2.8,4.7,30,104,0.2885,0.2102,0.3818,0,30,0.0,0.0,0.1135,11,63,95,104
mit_vierlinge,2.8,4.8,30,104,0.2885,0.2102,0.3818,0,30,0.0,0.0,0.1135,11,63,95,104
mit_vierlinge,2.8,4.9,30,104,0.2885,0.2102,0.3818,0,30,0.0,0.0,0.1135,11,63,95,104
mit_vierlinge,2.8,5.0,30,104,0.2885,0.2102,0.3818,0,30,0.0,0.0,0.1135,11,63,95,104
mit_vierlinge,2.9,0.0,94,104,0.9038,0.832,0.9469,8,94,0.0851,0.0438,0.159,10,0,95,104
mit_vierlinge,2.9,0.1,89,104,0.8558,0.7756,0.9106,6,89,0.0674,0.0313,0.1394,10,5,95,104
mit_vierlinge,2.9,0.2,81,104,0.7788,0.69,0.8479,4,81,0.0494,0.0194,0.1202,10,13,95,104
mit_vierlinge,2.9,0.3,77,104,0.7404,0.6486,0.815,2,77,0.026,0.0072,0.0898,10,17,95,104
mit_vierlinge,2.9,0.4,75,104,0.7212,0.6283,0.7983,2,75,0.0267,0.0073,0.0921,10,19,95,104
mit_vierlinge,2.9,0.5,71,104,0.6827,0.5881,0.7643,2,71,0.0282,0.0078,0.097,10,23,95,104
mit_vierlinge,2.9,0.6,68,104,0.6538,0.5584,0.7383,2,68,0.0294,0.0081,0.101,10,26,95,104
mit_vierlinge,2.9,0.7,65,104,0.625,0.5291,0.712,2,65,0.0308,0.0085,0.1054,10,29,95,104
mit_vierlinge,2.9,0.8,64,104,0.6154,0.5194,0.7032,2,64,0.0312,0.0086,0.107,10,30,95,104
mit_vierlinge,2.9,0.9,59,104,0.5673,0.4714,0.6585,2,59,0.0339,0.0093,0.1154,10,35,95,104
mit_vierlinge,2.9,1.0,55,104,0.5288,0.4336,0.622,2,55,0.0364,0.01,0.1232,10,39,95,104
mit_vierlinge,2.9,1.1,54,104,0.5192,0.4242,0.6128,2,54,0.037,0.0102,0.1254,10,40,95,104
mit_vierlinge,2.9,1.2,50,104,0.4808,0.3872,0.5758,2,50,0.04,0.011,0.1346,10,44,95,104
mit_vierlinge,2.9,1.3,45,104,0.4327,0.3415,0.5286,1,45,0.0222,0.0039,0.1157,10,49,95,104
mit_vierlinge,2.9,1.4,44,104,0.4231,0.3325,0.5191,1,44,0.0227,0.004,0.1181,10,50,95,104
mit_vierlinge,2.9,1.5,43,104,0.4135,0.3235,0.5095,1,43,0.0233,0.0041,0.1206,10,51,95,104
mit_vierlinge,2.9,1.6,43,104,0.4135,0.3235,0.5095,1,43,0.0233,0.0041,0.1206,10,51,95,104
mit_vierlinge,2.9,1.7,43,104,0.4135,0.3235,0.5095,1,43,0.0233,0.0041,0.1206,10,51,95,104
mit_vierlinge,2.9,1.8,43,104,0.4135,0.3235,0.5095,1,43,0.0233,0.0041,0.1206,10,51,95,104
mit_vierlinge,2.9,1.9,43,104,0.4135,0.3235,0.5095,1,43,0.0233,0.0041,0.1206,10,51,95,104
mit_vierlinge,2.9,2.0,42,104,0.4038,0.3146,0.4999,0,42,0.0,0.0,0.0838,10,52,95,104
mit_vierlinge,2.9,2.1,41,104,0.3942,0.3057,0.4903,0,41,0.0,0.0,0.0857,10,53,95,104
mit_vierlinge,2.9,2.2,40,104,0.3846,0.2968,0.4806,0,40,0.0,0.0,0.0876,10,54,95,104
mit_vierlinge,2.9,2.3,39,104,0.375,0.288,0.4709,0,39,0.0,0.0,0.0897,10,55,95,104
mit_vierlinge,2.9,2.4,39,104,0.375,0.288,0.4709,0,39,0.0,0.0,0.0897,10,55,95,104
mit_vierlinge,2.9,2.5,39,104,0.375,0.288,0.4709,0,39,0.0,0.0,0.0897,10,55,95,104
mit_vierlinge,2.9,2.6,39,104,0.375,0.288,0.4709,0,39,0.0,0.0,0.0897,10,55,95,104
mit_vierlinge,2.9,2.7,38,104,0.3654,0.2792,0.4612,0,38,0.0,0.0,0.0918,10,56,95,104
mit_vierlinge,2.9,2.8,37,104,0.3558,0.2704,0.4514,0,37,0.0,0.0,0.0941,10,57,95,104
mit_vierlinge,2.9,2.9,37,104,0.3558,0.2704,0.4514,0,37,0.0,0.0,0.0941,10,57,95,104
mit_vierlinge,2.9,3.0,37,104,0.3558,0.2704,0.4514,0,37,0.0,0.0,0.0941,10,57,95,104
mit_vierlinge,2.9,3.1,37,104,0.3558,0.2704,0.4514,0,37,0.0,0.0,0.0941,10,57,95,104
mit_vierlinge,2.9,3.2,37,104,0.3558,0.2704,0.4514,0,37,0.0,0.0,0.0941,10,57,95,104
mit_vierlinge,2.9,3.3,37,104,0.3558,0.2704,0.4514,0,37,0.0,0.0,0.0941,10,57,95,104
mit_vierlinge,2.9,3.4,36,104,0.3462,0.2617,0.4416,0,36,0.0,0.0,0.0964,10,58,95,104
mit_vierlinge,2.9,3.5,36,104,0.3462,0.2617,0.4416,0,36,0.0,0.0,0.0964,10,58,95,104
mit_vierlinge,2.9,3.6,36,104,0.3462,0.2617,0.4416,0,36,0.0,0.0,0.0964,10,58,95,104
mit_vierlinge,2.9,3.7,34,104,0.3269,0.2443,0.4218,0,34,0.0,0.0,0.1015,10,60,95,104
mit_vierlinge,2.9,3.8,34,104,0.3269,0.2443,0.4218,0,34,0.0,0.0,0.1015,10,60,95,104
mit_vierlinge,2.9,3.9,34,104,0.3269,0.2443,0.4218,0,34,0.0,0.0,0.1015,10,60,95,104
mit_vierlinge,2.9,4.0,34,104,0.3269,0.2443,0.4218,0,34,0.0,0.0,0.1015,10,60,95,104
mit_vierlinge,2.9,4.1,34,104,0.3269,0.2443,0.4218,0,34,0.0,0.0,0.1015,10,60,95,104
mit_vierlinge,2.9,4.2,34,104,0.3269,0.2443,0.4218,0,34,0.0,0.0,0.1015,10,60,95,104
mit_vierlinge,2.9,4.3,33,104,0.3173,0.2357,0.4119,0,33,0.0,0.0,0.1043,10,61,95,104
mit_vierlinge,2.9,4.4,32,104,0.3077,0.2272,0.4019,0,32,0.0,0.0,0.1072,10,62,95,104
mit_vierlinge,2.9,4.5,32,104,0.3077,0.2272,0.4019,0,32,0.0,0.0,0.1072,10,62,95,104
mit_vierlinge,2.9,4.6,30,104,0.2885,0.2102,0.3818,0,30,0.0,0.0,0.1135,10,64,95,104
mit_vierlinge,2.9,4.7,30,104,0.2885,0.2102,0.3818,0,30,0.0,0.0,0.1135,10,64,95,104
mit_vierlinge,2.9,4.8,30,104,0.2885,0.2102,0.3818,0,30,0.0,0.0,0.1135,10,64,95,104
mit_vierlinge,2.9,4.9,30,104,0.2885,0.2102,0.3818,0,30,0.0,0.0,0.1135,10,64,95,104
mit_vierlinge,2.9,5.0,30,104,0.2885,0.2102,0.3818,0,30,0.0,0.0,0.1135,10,64,95,104
mit_vierlinge,3.0,0.0,96,104,0.9231,0.8555,0.9605,8,96,0.0833,0.0428,0.1559,8,0,95,104
mit_vierlinge,3.0,0.1,91,104,0.875,0.7978,0.9255,6,91,0.0659,0.0306,0.1365,8,5,95,104
mit_vierlinge,3.0,0.2,83,104,0.7981,0.711,0.864,4,83,0.0482,0.0189,0.1175,8,13,95,104
mit_vierlinge,3.0,0.3,79,104,0.7596,0.6692,0.8315,2,79,0.0253,0.007,0.0877,8,17,95,104
mit_vierlinge,3.0,0.4,77,104,0.7404,0.6486,0.815,2,77,0.026,0.0072,0.0898,8,19,95,104
mit_vierlinge,3.0,0.5,73,104,0.7019,0.6081,0.7814,2,73,0.0274,0.0075,0.0945,8,23,95,104
mit_vierlinge,3.0,0.6,70,104,0.6731,0.5782,0.7557,2,70,0.0286,0.0079,0.0983,8,26,95,104
mit_vierlinge,3.0,0.7,67,104,0.6442,0.5486,0.7296,2,67,0.0299,0.0082,0.1025,8,29,95,104
mit_vierlinge,3.0,0.8,66,104,0.6346,0.5388,0.7208,2,66,0.0303,0.0083,0.1039,8,30,95,104
mit_vierlinge,3.0,0.9,61,104,0.5865,0.4905,0.6765,2,61,0.0328,0.009,0.1119,8,35,95,104
mit_vierlinge,3.0,1.0,57,104,0.5481,0.4524,0.6403,2,57,0.0351,0.0097,0.1192,8,39,95,104
mit_vierlinge,3.0,1.1,56,104,0.5385,0.443,0.6312,2,56,0.0357,0.0098,0.1212,8,40,95,104
mit_vierlinge,3.0,1.2,52,104,0.5,0.4056,0.5944,2,52,0.0385,0.0106,0.1298,8,44,95,104
mit_vierlinge,3.0,1.3,47,104,0.4519,0.3597,0.5476,1,47,0.0213,0.0038,0.1111,8,49,95,104
mit_vierlinge,3.0,1.4,46,104,0.4423,0.3506,0.5381,1,46,0.0217,0.0038,0.1134,8,50,95,104
mit_vierlinge,3.0,1.5,45,104,0.4327,0.3415,0.5286,1,45,0.0222,0.0039,0.1157,8,51,95,104
mit_vierlinge,3.0,1.6,44,104,0.4231,0.3325,0.5191,1,44,0.0227,0.004,0.1181,8,52,95,104
mit_vierlinge,3.0,1.7,44,104,0.4231,0.3325,0.5191,1,44,0.0227,0.004,0.1181,8,52,95,104
mit_vierlinge,3.0,1.8,44,104,0.4231,0.3325,0.5191,1,44,0.0227,0.004,0.1181,8,52,95,104
mit_vierlinge,3.0,1.9,44,104,0.4231,0.3325,0.5191,1,44,0.0227,0.004,0.1181,8,52,95,104
mit_vierlinge,3.0,2.0,43,104,0.4135,0.3235,0.5095,0,43,0.0,0.0,0.082,8,53,95,104
mit_vierlinge,3.0,2.1,42,104,0.4038,0.3146,0.4999,0,42,0.0,0.0,0.0838,8,54,95,104
mit_vierlinge,3.0,2.2,41,104,0.3942,0.3057,0.4903,0,41,0.0,0.0,0.0857,8,55,95,104
mit_vierlinge,3.0,2.3,40,104,0.3846,0.2968,0.4806,0,40,0.0,0.0,0.0876,8,56,95,104
mit_vierlinge,3.0,2.4,40,104,0.3846,0.2968,0.4806,0,40,0.0,0.0,0.0876,8,56,95,104
mit_vierlinge,3.0,2.5,40,104,0.3846,0.2968,0.4806,0,40,0.0,0.0,0.0876,8,56,95,104
mit_vierlinge,3.0,2.6,40,104,0.3846,0.2968,0.4806,0,40,0.0,0.0,0.0876,8,56,95,104
mit_vierlinge,3.0,2.7,39,104,0.375,0.288,0.4709,0,39,0.0,0.0,0.0897,8,57,95,104
mit_vierlinge,3.0,2.8,38,104,0.3654,0.2792,0.4612,0,38,0.0,0.0,0.0918,8,58,95,104
mit_vierlinge,3.0,2.9,38,104,0.3654,0.2792,0.4612,0,38,0.0,0.0,0.0918,8,58,95,104
mit_vierlinge,3.0,3.0,38,104,0.3654,0.2792,0.4612,0,38,0.0,0.0,0.0918,8,58,95,104
mit_vierlinge,3.0,3.1,38,104,0.3654,0.2792,0.4612,0,38,0.0,0.0,0.0918,8,58,95,104
mit_vierlinge,3.0,3.2,38,104,0.3654,0.2792,0.4612,0,38,0.0,0.0,0.0918,8,58,95,104
mit_vierlinge,3.0,3.3,38,104,0.3654,0.2792,0.4612,0,38,0.0,0.0,0.0918,8,58,95,104
mit_vierlinge,3.0,3.4,37,104,0.3558,0.2704,0.4514,0,37,0.0,0.0,0.0941,8,59,95,104
mit_vierlinge,3.0,3.5,37,104,0.3558,0.2704,0.4514,0,37,0.0,0.0,0.0941,8,59,95,104
mit_vierlinge,3.0,3.6,37,104,0.3558,0.2704,0.4514,0,37,0.0,0.0,0.0941,8,59,95,104
mit_vierlinge,3.0,3.7,35,104,0.3365,0.253,0.4317,0,35,0.0,0.0,0.0989,8,61,95,104
mit_vierlinge,3.0,3.8,35,104,0.3365,0.253,0.4317,0,35,0.0,0.0,0.0989,8,61,95,104
mit_vierlinge,3.0,3.9,35,104,0.3365,0.253,0.4317,0,35,0.0,0.0,0.0989,8,61,95,104
mit_vierlinge,3.0,4.0,35,104,0.3365,0.253,0.4317,0,35,0.0,0.0,0.0989,8,61,95,104
mit_vierlinge,3.0,4.1,35,104,0.3365,0.253,0.4317,0,35,0.0,0.0,0.0989,8,61,95,104
mit_vierlinge,3.0,4.2,35,104,0.3365,0.253,0.4317,0,35,0.0,0.0,0.0989,8,61,95,104
mit_vierlinge,3.0,4.3,34,104,0.3269,0.2443,0.4218,0,34,0.0,0.0,0.1015,8,62,95,104
mit_vierlinge,3.0,4.4,33,104,0.3173,0.2357,0.4119,0,33,0.0,0.0,0.1043,8,63,95,104
mit_vierlinge,3.0,4.5,33,104,0.3173,0.2357,0.4119,0,33,0.0,0.0,0.1043,8,63,95,104
mit_vierlinge,3.0,4.6,31,104,0.2981,0.2186,0.3919,0,31,0.0,0.0,0.1103,8,65,95,104
mit_vierlinge,3.0,4.7,31,104,0.2981,0.2186,0.3919,0,31,0.0,0.0,0.1103,8,65,95,104
mit_vierlinge,3.0,4.8,31,104,0.2981,0.2186,0.3919,0,31,0.0,0.0,0.1103,8,65,95,104
mit_vierlinge,3.0,4.9,31,104,0.2981,0.2186,0.3919,0,31,0.0,0.0,0.1103,8,65,95,104
mit_vierlinge,3.0,5.0,31,104,0.2981,0.2186,0.3919,0,31,0.0,0.0,0.1103,8,65,95,104
mit_vierlinge,3.1,0.0,97,104,0.9327,0.8675,0.967,8,97,0.0825,0.0424,0.1544,7,0,95,104
mit_vierlinge,3.1,0.1,92,104,0.8846,0.8091,0.9328,6,92,0.0652,0.0302,0.1351,7,5,95,104
mit_vierlinge,3.1,0.2,84,104,0.8077,0.7215,0.8719,4,84,0.0476,0.0187,0.1161,7,13,95,104
mit_vierlinge,3.1,0.3,80,104,0.7692,0.6795,0.8397,2,80,0.025,0.0069,0.0866,7,17,95,104
mit_vierlinge,3.1,0.4,78,104,0.75,0.6589,0.8233,2,78,0.0256,0.0071,0.0888,7,19,95,104
mit_vierlinge,3.1,0.5,74,104,0.7115,0.6182,0.7898,2,74,0.027,0.0074,0.0933,7,23,95,104
mit_vierlinge,3.1,0.6,71,104,0.6827,0.5881,0.7643,2,71,0.0282,0.0078,0.097,7,26,95,104
mit_vierlinge,3.1,0.7,68,104,0.6538,0.5584,0.7383,2,68,0.0294,0.0081,0.101,7,29,95,104
mit_vierlinge,3.1,0.8,67,104,0.6442,0.5486,0.7296,2,67,0.0299,0.0082,0.1025,7,30,95,104
mit_vierlinge,3.1,0.9,62,104,0.5962,0.5001,0.6854,2,62,0.0323,0.0089,0.1102,7,35,95,104
mit_vierlinge,3.1,1.0,58,104,0.5577,0.4619,0.6494,2,58,0.0345,0.0095,0.1173,7,39,95,104
mit_vierlinge,3.1,1.1,57,104,0.5481,0.4524,0.6403,2,57,0.0351,0.0097,0.1192,7,40,95,104
mit_vierlinge,3.1,1.2,53,104,0.5096,0.4149,0.6036,2,53,0.0377,0.0104,0.1275,7,44,95,104
mit_vierlinge,3.1,1.3,48,104,0.4615,0.3688,0.557,1,48,0.0208,0.0037,0.109,7,49,95,104
mit_vierlinge,3.1,1.4,47,104,0.4519,0.3597,0.5476,1,47,0.0213,0.0038,0.1111,7,50,95,104
mit_vierlinge,3.1,1.5,46,104,0.4423,0.3506,0.5381,1,46,0.0217,0.0038,0.1134,7,51,95,104
mit_vierlinge,3.1,1.6,45,104,0.4327,0.3415,0.5286,1,45,0.0222,0.0039,0.1157,7,52,95,104
mit_vierlinge,3.1,1.7,45,104,0.4327,0.3415,0.5286,1,45,0.0222,0.0039,0.1157,7,52,95,104
mit_vierlinge,3.1,1.8,45,104,0.4327,0.3415,0.5286,1,45,0.0222,0.0039,0.1157,7,52,95,104
mit_vierlinge,3.1,1.9,45,104,0.4327,0.3415,0.5286,1,45,0.0222,0.0039,0.1157,7,52,95,104
mit_vierlinge,3.1,2.0,44,104,0.4231,0.3325,0.5191,0,44,0.0,0.0,0.0803,7,53,95,104
mit_vierlinge,3.1,2.1,43,104,0.4135,0.3235,0.5095,0,43,0.0,0.0,0.082,7,54,95,104
mit_vierlinge,3.1,2.2,42,104,0.4038,0.3146,0.4999,0,42,0.0,0.0,0.0838,7,55,95,104
mit_vierlinge,3.1,2.3,41,104,0.3942,0.3057,0.4903,0,41,0.0,0.0,0.0857,7,56,95,104
mit_vierlinge,3.1,2.4,41,104,0.3942,0.3057,0.4903,0,41,0.0,0.0,0.0857,7,56,95,104
mit_vierlinge,3.1,2.5,41,104,0.3942,0.3057,0.4903,0,41,0.0,0.0,0.0857,7,56,95,104
mit_vierlinge,3.1,2.6,41,104,0.3942,0.3057,0.4903,0,41,0.0,0.0,0.0857,7,56,95,104
mit_vierlinge,3.1,2.7,40,104,0.3846,0.2968,0.4806,0,40,0.0,0.0,0.0876,7,57,95,104
mit_vierlinge,3.1,2.8,39,104,0.375,0.288,0.4709,0,39,0.0,0.0,0.0897,7,58,95,104
mit_vierlinge,3.1,2.9,39,104,0.375,0.288,0.4709,0,39,0.0,0.0,0.0897,7,58,95,104
mit_vierlinge,3.1,3.0,39,104,0.375,0.288,0.4709,0,39,0.0,0.0,0.0897,7,58,95,104
mit_vierlinge,3.1,3.1,39,104,0.375,0.288,0.4709,0,39,0.0,0.0,0.0897,7,58,95,104
mit_vierlinge,3.1,3.2,39,104,0.375,0.288,0.4709,0,39,0.0,0.0,0.0897,7,58,95,104
mit_vierlinge,3.1,3.3,39,104,0.375,0.288,0.4709,0,39,0.0,0.0,0.0897,7,58,95,104
mit_vierlinge,3.1,3.4,38,104,0.3654,0.2792,0.4612,0,38,0.0,0.0,0.0918,7,59,95,104
mit_vierlinge,3.1,3.5,38,104,0.3654,0.2792,0.4612,0,38,0.0,0.0,0.0918,7,59,95,104
mit_vierlinge,3.1,3.6,38,104,0.3654,0.2792,0.4612,0,38,0.0,0.0,0.0918,7,59,95,104
mit_vierlinge,3.1,3.7,36,104,0.3462,0.2617,0.4416,0,36,0.0,0.0,0.0964,7,61,95,104
mit_vierlinge,3.1,3.8,36,104,0.3462,0.2617,0.4416,0,36,0.0,0.0,0.0964,7,61,95,104
mit_vierlinge,3.1,3.9,36,104,0.3462,0.2617,0.4416,0,36,0.0,0.0,0.0964,7,61,95,104
mit_vierlinge,3.1,4.0,36,104,0.3462,0.2617,0.4416,0,36,0.0,0.0,0.0964,7,61,95,104
mit_vierlinge,3.1,4.1,36,104,0.3462,0.2617,0.4416,0,36,0.0,0.0,0.0964,7,61,95,104
mit_vierlinge,3.1,4.2,36,104,0.3462,0.2617,0.4416,0,36,0.0,0.0,0.0964,7,61,95,104
mit_vierlinge,3.1,4.3,35,104,0.3365,0.253,0.4317,0,35,0.0,0.0,0.0989,7,62,95,104
mit_vierlinge,3.1,4.4,34,104,0.3269,0.2443,0.4218,0,34,0.0,0.0,0.1015,7,63,95,104
mit_vierlinge,3.1,4.5,34,104,0.3269,0.2443,0.4218,0,34,0.0,0.0,0.1015,7,63,95,104
mit_vierlinge,3.1,4.6,32,104,0.3077,0.2272,0.4019,0,32,0.0,0.0,0.1072,7,65,95,104
mit_vierlinge,3.1,4.7,32,104,0.3077,0.2272,0.4019,0,32,0.0,0.0,0.1072,7,65,95,104
mit_vierlinge,3.1,4.8,32,104,0.3077,0.2272,0.4019,0,32,0.0,0.0,0.1072,7,65,95,104
mit_vierlinge,3.1,4.9,32,104,0.3077,0.2272,0.4019,0,32,0.0,0.0,0.1072,7,65,95,104
mit_vierlinge,3.1,5.0,32,104,0.3077,0.2272,0.4019,0,32,0.0,0.0,0.1072,7,65,95,104
mit_vierlinge,3.2,0.0,99,104,0.9519,0.8924,0.9793,8,99,0.0808,0.0415,0.1514,5,0,95,104
mit_vierlinge,3.2,0.1,93,104,0.8942,0.8205,0.9399,6,93,0.0645,0.0299,0.1337,5,6,95,104
mit_vierlinge,3.2,0.2,85,104,0.8173,0.7322,0.8798,4,85,0.0471,0.0184,0.1148,5,14,95,104
mit_vierlinge,3.2,0.3,80,104,0.7692,0.6795,0.8397,2,80,0.025,0.0069,0.0866,5,19,95,104
mit_vierlinge,3.2,0.4,78,104,0.75,0.6589,0.8233,2,78,0.0256,0.0071,0.0888,5,21,95,104
mit_vierlinge,3.2,0.5,74,104,0.7115,0.6182,0.7898,2,74,0.027,0.0074,0.0933,5,25,95,104
mit_vierlinge,3.2,0.6,71,104,0.6827,0.5881,0.7643,2,71,0.0282,0.0078,0.097,5,28,95,104
mit_vierlinge,3.2,0.7,68,104,0.6538,0.5584,0.7383,2,68,0.0294,0.0081,0.101,5,31,95,104
mit_vierlinge,3.2,0.8,67,104,0.6442,0.5486,0.7296,2,67,0.0299,0.0082,0.1025,5,32,95,104
mit_vierlinge,3.2,0.9,62,104,0.5962,0.5001,0.6854,2,62,0.0323,0.0089,0.1102,5,37,95,104
mit_vierlinge,3.2,1.0,58,104,0.5577,0.4619,0.6494,2,58,0.0345,0.0095,0.1173,5,41,95,104
mit_vierlinge,3.2,1.1,57,104,0.5481,0.4524,0.6403,2,57,0.0351,0.0097,0.1192,5,42,95,104
mit_vierlinge,3.2,1.2,53,104,0.5096,0.4149,0.6036,2,53,0.0377,0.0104,0.1275,5,46,95,104
mit_vierlinge,3.2,1.3,48,104,0.4615,0.3688,0.557,1,48,0.0208,0.0037,0.109,5,51,95,104
mit_vierlinge,3.2,1.4,47,104,0.4519,0.3597,0.5476,1,47,0.0213,0.0038,0.1111,5,52,95,104
mit_vierlinge,3.2,1.5,46,104,0.4423,0.3506,0.5381,1,46,0.0217,0.0038,0.1134,5,53,95,104
mit_vierlinge,3.2,1.6,45,104,0.4327,0.3415,0.5286,1,45,0.0222,0.0039,0.1157,5,54,95,104
mit_vierlinge,3.2,1.7,45,104,0.4327,0.3415,0.5286,1,45,0.0222,0.0039,0.1157,5,54,95,104
mit_vierlinge,3.2,1.8,45,104,0.4327,0.3415,0.5286,1,45,0.0222,0.0039,0.1157,5,54,95,104
mit_vierlinge,3.2,1.9,45,104,0.4327,0.3415,0.5286,1,45,0.0222,0.0039,0.1157,5,54,95,104
mit_vierlinge,3.2,2.0,44,104,0.4231,0.3325,0.5191,0,44,0.0,0.0,0.0803,5,55,95,104
mit_vierlinge,3.2,2.1,43,104,0.4135,0.3235,0.5095,0,43,0.0,0.0,0.082,5,56,95,104
mit_vierlinge,3.2,2.2,42,104,0.4038,0.3146,0.4999,0,42,0.0,0.0,0.0838,5,57,95,104
mit_vierlinge,3.2,2.3,41,104,0.3942,0.3057,0.4903,0,41,0.0,0.0,0.0857,5,58,95,104
mit_vierlinge,3.2,2.4,41,104,0.3942,0.3057,0.4903,0,41,0.0,0.0,0.0857,5,58,95,104
mit_vierlinge,3.2,2.5,41,104,0.3942,0.3057,0.4903,0,41,0.0,0.0,0.0857,5,58,95,104
mit_vierlinge,3.2,2.6,41,104,0.3942,0.3057,0.4903,0,41,0.0,0.0,0.0857,5,58,95,104
mit_vierlinge,3.2,2.7,40,104,0.3846,0.2968,0.4806,0,40,0.0,0.0,0.0876,5,59,95,104
mit_vierlinge,3.2,2.8,39,104,0.375,0.288,0.4709,0,39,0.0,0.0,0.0897,5,60,95,104
mit_vierlinge,3.2,2.9,39,104,0.375,0.288,0.4709,0,39,0.0,0.0,0.0897,5,60,95,104
mit_vierlinge,3.2,3.0,39,104,0.375,0.288,0.4709,0,39,0.0,0.0,0.0897,5,60,95,104
mit_vierlinge,3.2,3.1,39,104,0.375,0.288,0.4709,0,39,0.0,0.0,0.0897,5,60,95,104
mit_vierlinge,3.2,3.2,39,104,0.375,0.288,0.4709,0,39,0.0,0.0,0.0897,5,60,95,104
mit_vierlinge,3.2,3.3,39,104,0.375,0.288,0.4709,0,39,0.0,0.0,0.0897,5,60,95,104
mit_vierlinge,3.2,3.4,38,104,0.3654,0.2792,0.4612,0,38,0.0,0.0,0.0918,5,61,95,104
mit_vierlinge,3.2,3.5,38,104,0.3654,0.2792,0.4612,0,38,0.0,0.0,0.0918,5,61,95,104
mit_vierlinge,3.2,3.6,38,104,0.3654,0.2792,0.4612,0,38,0.0,0.0,0.0918,5,61,95,104
mit_vierlinge,3.2,3.7,36,104,0.3462,0.2617,0.4416,0,36,0.0,0.0,0.0964,5,63,95,104
mit_vierlinge,3.2,3.8,36,104,0.3462,0.2617,0.4416,0,36,0.0,0.0,0.0964,5,63,95,104
mit_vierlinge,3.2,3.9,36,104,0.3462,0.2617,0.4416,0,36,0.0,0.0,0.0964,5,63,95,104
mit_vierlinge,3.2,4.0,36,104,0.3462,0.2617,0.4416,0,36,0.0,0.0,0.0964,5,63,95,104
mit_vierlinge,3.2,4.1,36,104,0.3462,0.2617,0.4416,0,36,0.0,0.0,0.0964,5,63,95,104
mit_vierlinge,3.2,4.2,36,104,0.3462,0.2617,0.4416,0,36,0.0,0.0,0.0964,5,63,95,104
mit_vierlinge,3.2,4.3,35,104,0.3365,0.253,0.4317,0,35,0.0,0.0,0.0989,5,64,95,104
mit_vierlinge,3.2,4.4,34,104,0.3269,0.2443,0.4218,0,34,0.0,0.0,0.1015,5,65,95,104
mit_vierlinge,3.2,4.5,34,104,0.3269,0.2443,0.4218,0,34,0.0,0.0,0.1015,5,65,95,104
mit_vierlinge,3.2,4.6,32,104,0.3077,0.2272,0.4019,0,32,0.0,0.0,0.1072,5,67,95,104
mit_vierlinge,3.2,4.7,32,104,0.3077,0.2272,0.4019,0,32,0.0,0.0,0.1072,5,67,95,104
mit_vierlinge,3.2,4.8,32,104,0.3077,0.2272,0.4019,0,32,0.0,0.0,0.1072,5,67,95,104
mit_vierlinge,3.2,4.9,32,104,0.3077,0.2272,0.4019,0,32,0.0,0.0,0.1072,5,67,95,104
mit_vierlinge,3.2,5.0,32,104,0.3077,0.2272,0.4019,0,32,0.0,0.0,0.1072,5,67,95,104
mit_vierlinge,3.3,0.0,99,104,0.9519,0.8924,0.9793,8,99,0.0808,0.0415,0.1514,5,0,95,104
mit_vierlinge,3.3,0.1,93,104,0.8942,0.8205,0.9399,6,93,0.0645,0.0299,0.1337,5,6,95,104
mit_vierlinge,3.3,0.2,85,104,0.8173,0.7322,0.8798,4,85,0.0471,0.0184,0.1148,5,14,95,104
mit_vierlinge,3.3,0.3,80,104,0.7692,0.6795,0.8397,2,80,0.025,0.0069,0.0866,5,19,95,104
mit_vierlinge,3.3,0.4,78,104,0.75,0.6589,0.8233,2,78,0.0256,0.0071,0.0888,5,21,95,104
mit_vierlinge,3.3,0.5,74,104,0.7115,0.6182,0.7898,2,74,0.027,0.0074,0.0933,5,25,95,104
mit_vierlinge,3.3,0.6,71,104,0.6827,0.5881,0.7643,2,71,0.0282,0.0078,0.097,5,28,95,104
mit_vierlinge,3.3,0.7,68,104,0.6538,0.5584,0.7383,2,68,0.0294,0.0081,0.101,5,31,95,104
mit_vierlinge,3.3,0.8,67,104,0.6442,0.5486,0.7296,2,67,0.0299,0.0082,0.1025,5,32,95,104
mit_vierlinge,3.3,0.9,62,104,0.5962,0.5001,0.6854,2,62,0.0323,0.0089,0.1102,5,37,95,104
mit_vierlinge,3.3,1.0,58,104,0.5577,0.4619,0.6494,2,58,0.0345,0.0095,0.1173,5,41,95,104
mit_vierlinge,3.3,1.1,57,104,0.5481,0.4524,0.6403,2,57,0.0351,0.0097,0.1192,5,42,95,104
mit_vierlinge,3.3,1.2,53,104,0.5096,0.4149,0.6036,2,53,0.0377,0.0104,0.1275,5,46,95,104
mit_vierlinge,3.3,1.3,48,104,0.4615,0.3688,0.557,1,48,0.0208,0.0037,0.109,5,51,95,104
mit_vierlinge,3.3,1.4,47,104,0.4519,0.3597,0.5476,1,47,0.0213,0.0038,0.1111,5,52,95,104
mit_vierlinge,3.3,1.5,46,104,0.4423,0.3506,0.5381,1,46,0.0217,0.0038,0.1134,5,53,95,104
mit_vierlinge,3.3,1.6,45,104,0.4327,0.3415,0.5286,1,45,0.0222,0.0039,0.1157,5,54,95,104
mit_vierlinge,3.3,1.7,45,104,0.4327,0.3415,0.5286,1,45,0.0222,0.0039,0.1157,5,54,95,104
mit_vierlinge,3.3,1.8,45,104,0.4327,0.3415,0.5286,1,45,0.0222,0.0039,0.1157,5,54,95,104
mit_vierlinge,3.3,1.9,45,104,0.4327,0.3415,0.5286,1,45,0.0222,0.0039,0.1157,5,54,95,104
mit_vierlinge,3.3,2.0,44,104,0.4231,0.3325,0.5191,0,44,0.0,0.0,0.0803,5,55,95,104
mit_vierlinge,3.3,2.1,43,104,0.4135,0.3235,0.5095,0,43,0.0,0.0,0.082,5,56,95,104
mit_vierlinge,3.3,2.2,42,104,0.4038,0.3146,0.4999,0,42,0.0,0.0,0.0838,5,57,95,104
mit_vierlinge,3.3,2.3,41,104,0.3942,0.3057,0.4903,0,41,0.0,0.0,0.0857,5,58,95,104
mit_vierlinge,3.3,2.4,41,104,0.3942,0.3057,0.4903,0,41,0.0,0.0,0.0857,5,58,95,104
mit_vierlinge,3.3,2.5,41,104,0.3942,0.3057,0.4903,0,41,0.0,0.0,0.0857,5,58,95,104
mit_vierlinge,3.3,2.6,41,104,0.3942,0.3057,0.4903,0,41,0.0,0.0,0.0857,5,58,95,104
mit_vierlinge,3.3,2.7,40,104,0.3846,0.2968,0.4806,0,40,0.0,0.0,0.0876,5,59,95,104
mit_vierlinge,3.3,2.8,39,104,0.375,0.288,0.4709,0,39,0.0,0.0,0.0897,5,60,95,104
mit_vierlinge,3.3,2.9,39,104,0.375,0.288,0.4709,0,39,0.0,0.0,0.0897,5,60,95,104
mit_vierlinge,3.3,3.0,39,104,0.375,0.288,0.4709,0,39,0.0,0.0,0.0897,5,60,95,104
mit_vierlinge,3.3,3.1,39,104,0.375,0.288,0.4709,0,39,0.0,0.0,0.0897,5,60,95,104
mit_vierlinge,3.3,3.2,39,104,0.375,0.288,0.4709,0,39,0.0,0.0,0.0897,5,60,95,104
mit_vierlinge,3.3,3.3,39,104,0.375,0.288,0.4709,0,39,0.0,0.0,0.0897,5,60,95,104
mit_vierlinge,3.3,3.4,38,104,0.3654,0.2792,0.4612,0,38,0.0,0.0,0.0918,5,61,95,104
mit_vierlinge,3.3,3.5,38,104,0.3654,0.2792,0.4612,0,38,0.0,0.0,0.0918,5,61,95,104
mit_vierlinge,3.3,3.6,38,104,0.3654,0.2792,0.4612,0,38,0.0,0.0,0.0918,5,61,95,104
mit_vierlinge,3.3,3.7,36,104,0.3462,0.2617,0.4416,0,36,0.0,0.0,0.0964,5,63,95,104
mit_vierlinge,3.3,3.8,36,104,0.3462,0.2617,0.4416,0,36,0.0,0.0,0.0964,5,63,95,104
mit_vierlinge,3.3,3.9,36,104,0.3462,0.2617,0.4416,0,36,0.0,0.0,0.0964,5,63,95,104
mit_vierlinge,3.3,4.0,36,104,0.3462,0.2617,0.4416,0,36,0.0,0.0,0.0964,5,63,95,104
mit_vierlinge,3.3,4.1,36,104,0.3462,0.2617,0.4416,0,36,0.0,0.0,0.0964,5,63,95,104
mit_vierlinge,3.3,4.2,36,104,0.3462,0.2617,0.4416,0,36,0.0,0.0,0.0964,5,63,95,104
mit_vierlinge,3.3,4.3,35,104,0.3365,0.253,0.4317,0,35,0.0,0.0,0.0989,5,64,95,104
mit_vierlinge,3.3,4.4,34,104,0.3269,0.2443,0.4218,0,34,0.0,0.0,0.1015,5,65,95,104
mit_vierlinge,3.3,4.5,34,104,0.3269,0.2443,0.4218,0,34,0.0,0.0,0.1015,5,65,95,104
mit_vierlinge,3.3,4.6,32,104,0.3077,0.2272,0.4019,0,32,0.0,0.0,0.1072,5,67,95,104
mit_vierlinge,3.3,4.7,32,104,0.3077,0.2272,0.4019,0,32,0.0,0.0,0.1072,5,67,95,104
mit_vierlinge,3.3,4.8,32,104,0.3077,0.2272,0.4019,0,32,0.0,0.0,0.1072,5,67,95,104
mit_vierlinge,3.3,4.9,32,104,0.3077,0.2272,0.4019,0,32,0.0,0.0,0.1072,5,67,95,104
mit_vierlinge,3.3,5.0,32,104,0.3077,0.2272,0.4019,0,32,0.0,0.0,0.1072,5,67,95,104
mit_vierlinge,3.4,0.0,99,104,0.9519,0.8924,0.9793,8,99,0.0808,0.0415,0.1514,5,0,95,104
mit_vierlinge,3.4,0.1,93,104,0.8942,0.8205,0.9399,6,93,0.0645,0.0299,0.1337,5,6,95,104
mit_vierlinge,3.4,0.2,85,104,0.8173,0.7322,0.8798,4,85,0.0471,0.0184,0.1148,5,14,95,104
mit_vierlinge,3.4,0.3,80,104,0.7692,0.6795,0.8397,2,80,0.025,0.0069,0.0866,5,19,95,104
mit_vierlinge,3.4,0.4,78,104,0.75,0.6589,0.8233,2,78,0.0256,0.0071,0.0888,5,21,95,104
mit_vierlinge,3.4,0.5,74,104,0.7115,0.6182,0.7898,2,74,0.027,0.0074,0.0933,5,25,95,104
mit_vierlinge,3.4,0.6,71,104,0.6827,0.5881,0.7643,2,71,0.0282,0.0078,0.097,5,28,95,104
mit_vierlinge,3.4,0.7,68,104,0.6538,0.5584,0.7383,2,68,0.0294,0.0081,0.101,5,31,95,104
mit_vierlinge,3.4,0.8,67,104,0.6442,0.5486,0.7296,2,67,0.0299,0.0082,0.1025,5,32,95,104
mit_vierlinge,3.4,0.9,62,104,0.5962,0.5001,0.6854,2,62,0.0323,0.0089,0.1102,5,37,95,104
mit_vierlinge,3.4,1.0,58,104,0.5577,0.4619,0.6494,2,58,0.0345,0.0095,0.1173,5,41,95,104
mit_vierlinge,3.4,1.1,57,104,0.5481,0.4524,0.6403,2,57,0.0351,0.0097,0.1192,5,42,95,104
mit_vierlinge,3.4,1.2,53,104,0.5096,0.4149,0.6036,2,53,0.0377,0.0104,0.1275,5,46,95,104
mit_vierlinge,3.4,1.3,48,104,0.4615,0.3688,0.557,1,48,0.0208,0.0037,0.109,5,51,95,104
mit_vierlinge,3.4,1.4,47,104,0.4519,0.3597,0.5476,1,47,0.0213,0.0038,0.1111,5,52,95,104
mit_vierlinge,3.4,1.5,46,104,0.4423,0.3506,0.5381,1,46,0.0217,0.0038,0.1134,5,53,95,104
mit_vierlinge,3.4,1.6,45,104,0.4327,0.3415,0.5286,1,45,0.0222,0.0039,0.1157,5,54,95,104
mit_vierlinge,3.4,1.7,45,104,0.4327,0.3415,0.5286,1,45,0.0222,0.0039,0.1157,5,54,95,104
mit_vierlinge,3.4,1.8,45,104,0.4327,0.3415,0.5286,1,45,0.0222,0.0039,0.1157,5,54,95,104
mit_vierlinge,3.4,1.9,45,104,0.4327,0.3415,0.5286,1,45,0.0222,0.0039,0.1157,5,54,95,104
mit_vierlinge,3.4,2.0,44,104,0.4231,0.3325,0.5191,0,44,0.0,0.0,0.0803,5,55,95,104
mit_vierlinge,3.4,2.1,43,104,0.4135,0.3235,0.5095,0,43,0.0,0.0,0.082,5,56,95,104
mit_vierlinge,3.4,2.2,42,104,0.4038,0.3146,0.4999,0,42,0.0,0.0,0.0838,5,57,95,104
mit_vierlinge,3.4,2.3,41,104,0.3942,0.3057,0.4903,0,41,0.0,0.0,0.0857,5,58,95,104
mit_vierlinge,3.4,2.4,41,104,0.3942,0.3057,0.4903,0,41,0.0,0.0,0.0857,5,58,95,104
mit_vierlinge,3.4,2.5,41,104,0.3942,0.3057,0.4903,0,41,0.0,0.0,0.0857,5,58,95,104
mit_vierlinge,3.4,2.6,41,104,0.3942,0.3057,0.4903,0,41,0.0,0.0,0.0857,5,58,95,104
mit_vierlinge,3.4,2.7,40,104,0.3846,0.2968,0.4806,0,40,0.0,0.0,0.0876,5,59,95,104
mit_vierlinge,3.4,2.8,39,104,0.375,0.288,0.4709,0,39,0.0,0.0,0.0897,5,60,95,104
mit_vierlinge,3.4,2.9,39,104,0.375,0.288,0.4709,0,39,0.0,0.0,0.0897,5,60,95,104
mit_vierlinge,3.4,3.0,39,104,0.375,0.288,0.4709,0,39,0.0,0.0,0.0897,5,60,95,104
mit_vierlinge,3.4,3.1,39,104,0.375,0.288,0.4709,0,39,0.0,0.0,0.0897,5,60,95,104
mit_vierlinge,3.4,3.2,39,104,0.375,0.288,0.4709,0,39,0.0,0.0,0.0897,5,60,95,104
mit_vierlinge,3.4,3.3,39,104,0.375,0.288,0.4709,0,39,0.0,0.0,0.0897,5,60,95,104
mit_vierlinge,3.4,3.4,38,104,0.3654,0.2792,0.4612,0,38,0.0,0.0,0.0918,5,61,95,104
mit_vierlinge,3.4,3.5,38,104,0.3654,0.2792,0.4612,0,38,0.0,0.0,0.0918,5,61,95,104
mit_vierlinge,3.4,3.6,38,104,0.3654,0.2792,0.4612,0,38,0.0,0.0,0.0918,5,61,95,104
mit_vierlinge,3.4,3.7,36,104,0.3462,0.2617,0.4416,0,36,0.0,0.0,0.0964,5,63,95,104
mit_vierlinge,3.4,3.8,36,104,0.3462,0.2617,0.4416,0,36,0.0,0.0,0.0964,5,63,95,104
mit_vierlinge,3.4,3.9,36,104,0.3462,0.2617,0.4416,0,36,0.0,0.0,0.0964,5,63,95,104
mit_vierlinge,3.4,4.0,36,104,0.3462,0.2617,0.4416,0,36,0.0,0.0,0.0964,5,63,95,104
mit_vierlinge,3.4,4.1,36,104,0.3462,0.2617,0.4416,0,36,0.0,0.0,0.0964,5,63,95,104
mit_vierlinge,3.4,4.2,36,104,0.3462,0.2617,0.4416,0,36,0.0,0.0,0.0964,5,63,95,104
mit_vierlinge,3.4,4.3,35,104,0.3365,0.253,0.4317,0,35,0.0,0.0,0.0989,5,64,95,104
mit_vierlinge,3.4,4.4,34,104,0.3269,0.2443,0.4218,0,34,0.0,0.0,0.1015,5,65,95,104
mit_vierlinge,3.4,4.5,34,104,0.3269,0.2443,0.4218,0,34,0.0,0.0,0.1015,5,65,95,104
mit_vierlinge,3.4,4.6,32,104,0.3077,0.2272,0.4019,0,32,0.0,0.0,0.1072,5,67,95,104
mit_vierlinge,3.4,4.7,32,104,0.3077,0.2272,0.4019,0,32,0.0,0.0,0.1072,5,67,95,104
mit_vierlinge,3.4,4.8,32,104,0.3077,0.2272,0.4019,0,32,0.0,0.0,0.1072,5,67,95,104
mit_vierlinge,3.4,4.9,32,104,0.3077,0.2272,0.4019,0,32,0.0,0.0,0.1072,5,67,95,104
mit_vierlinge,3.4,5.0,32,104,0.3077,0.2272,0.4019,0,32,0.0,0.0,0.1072,5,67,95,104
mit_vierlinge,3.5,0.0,100,104,0.9615,0.9053,0.9849,8,100,0.08,0.0411,0.15,4,0,95,104
mit_vierlinge,3.5,0.1,94,104,0.9038,0.832,0.9469,6,94,0.0638,0.0296,0.1323,4,6,95,104
mit_vierlinge,3.5,0.2,86,104,0.8269,0.7429,0.8876,4,86,0.0465,0.0182,0.1136,4,14,95,104
mit_vierlinge,3.5,0.3,81,104,0.7788,0.69,0.8479,2,81,0.0247,0.0068,0.0856,4,19,95,104
mit_vierlinge,3.5,0.4,79,104,0.7596,0.6692,0.8315,2,79,0.0253,0.007,0.0877,4,21,95,104
mit_vierlinge,3.5,0.5,75,104,0.7212,0.6283,0.7983,2,75,0.0267,0.0073,0.0921,4,25,95,104
mit_vierlinge,3.5,0.6,72,104,0.6923,0.5981,0.7728,2,72,0.0278,0.0077,0.0957,4,28,95,104
mit_vierlinge,3.5,0.7,69,104,0.6635,0.5683,0.747,2,69,0.029,0.008,0.0997,4,31,95,104
mit_vierlinge,3.5,0.8,67,104,0.6442,0.5486,0.7296,2,67,0.0299,0.0082,0.1025,4,33,95,104
mit_vierlinge,3.5,0.9,62,104,0.5962,0.5001,0.6854,2,62,0.0323,0.0089,0.1102,4,38,95,104
mit_vierlinge,3.5,1.0,58,104,0.5577,0.4619,0.6494,2,58,0.0345,0.0095,0.1173,4,42,95,104
mit_vierlinge,3.5,1.1,57,104,0.5481,0.4524,0.6403,2,57,0.0351,0.0097,0.1192,4,43,95,104
mit_vierlinge,3.5,1.2,53,104,0.5096,0.4149,0.6036,2,53,0.0377,0.0104,0.1275,4,47,95,104
mit_vierlinge,3.5,1.3,48,104,0.4615,0.3688,0.557,1,48,0.0208,0.0037,0.109,4,52,95,104
mit_vierlinge,3.5,1.4,47,104,0.4519,0.3597,0.5476,1,47,0.0213,0.0038,0.1111,4,53,95,104
mit_vierlinge,3.5,1.5,46,104,0.4423,0.3506,0.5381,1,46,0.0217,0.0038,0.1134,4,54,95,104
mit_vierlinge,3.5,1.6,45,104,0.4327,0.3415,0.5286,1,45,0.0222,0.0039,0.1157,4,55,95,104
mit_vierlinge,3.5,1.7,45,104,0.4327,0.3415,0.5286,1,45,0.0222,0.0039,0.1157,4,55,95,104
mit_vierlinge,3.5,1.8,45,104,0.4327,0.3415,0.5286,1,45,0.0222,0.0039,0.1157,4,55,95,104
mit_vierlinge,3.5,1.9,45,104,0.4327,0.3415,0.5286,1,45,0.0222,0.0039,0.1157,4,55,95,104
mit_vierlinge,3.5,2.0,44,104,0.4231,0.3325,0.5191,0,44,0.0,0.0,0.0803,4,56,95,104
mit_vierlinge,3.5,2.1,43,104,0.4135,0.3235,0.5095,0,43,0.0,0.0,0.082,4,57,95,104
mit_vierlinge,3.5,2.2,42,104,0.4038,0.3146,0.4999,0,42,0.0,0.0,0.0838,4,58,95,104
mit_vierlinge,3.5,2.3,41,104,0.3942,0.3057,0.4903,0,41,0.0,0.0,0.0857,4,59,95,104
mit_vierlinge,3.5,2.4,41,104,0.3942,0.3057,0.4903,0,41,0.0,0.0,0.0857,4,59,95,104
mit_vierlinge,3.5,2.5,41,104,0.3942,0.3057,0.4903,0,41,0.0,0.0,0.0857,4,59,95,104
mit_vierlinge,3.5,2.6,41,104,0.3942,0.3057,0.4903,0,41,0.0,0.0,0.0857,4,59,95,104
mit_vierlinge,3.5,2.7,40,104,0.3846,0.2968,0.4806,0,40,0.0,0.0,0.0876,4,60,95,104
mit_vierlinge,3.5,2.8,39,104,0.375,0.288,0.4709,0,39,0.0,0.0,0.0897,4,61,95,104
mit_vierlinge,3.5,2.9,39,104,0.375,0.288,0.4709,0,39,0.0,0.0,0.0897,4,61,95,104
mit_vierlinge,3.5,3.0,39,104,0.375,0.288,0.4709,0,39,0.0,0.0,0.0897,4,61,95,104
mit_vierlinge,3.5,3.1,39,104,0.375,0.288,0.4709,0,39,0.0,0.0,0.0897,4,61,95,104
mit_vierlinge,3.5,3.2,39,104,0.375,0.288,0.4709,0,39,0.0,0.0,0.0897,4,61,95,104
mit_vierlinge,3.5,3.3,39,104,0.375,0.288,0.4709,0,39,0.0,0.0,0.0897,4,61,95,104
mit_vierlinge,3.5,3.4,38,104,0.3654,0.2792,0.4612,0,38,0.0,0.0,0.0918,4,62,95,104
mit_vierlinge,3.5,3.5,38,104,0.3654,0.2792,0.4612,0,38,0.0,0.0,0.0918,4,62,95,104
mit_vierlinge,3.5,3.6,38,104,0.3654,0.2792,0.4612,0,38,0.0,0.0,0.0918,4,62,95,104
mit_vierlinge,3.5,3.7,36,104,0.3462,0.2617,0.4416,0,36,0.0,0.0,0.0964,4,64,95,104
mit_vierlinge,3.5,3.8,36,104,0.3462,0.2617,0.4416,0,36,0.0,0.0,0.0964,4,64,95,104
mit_vierlinge,3.5,3.9,36,104,0.3462,0.2617,0.4416,0,36,0.0,0.0,0.0964,4,64,95,104
mit_vierlinge,3.5,4.0,36,104,0.3462,0.2617,0.4416,0,36,0.0,0.0,0.0964,4,64,95,104
mit_vierlinge,3.5,4.1,36,104,0.3462,0.2617,0.4416,0,36,0.0,0.0,0.0964,4,64,95,104
mit_vierlinge,3.5,4.2,36,104,0.3462,0.2617,0.4416,0,36,0.0,0.0,0.0964,4,64,95,104
mit_vierlinge,3.5,4.3,35,104,0.3365,0.253,0.4317,0,35,0.0,0.0,0.0989,4,65,95,104
mit_vierlinge,3.5,4.4,34,104,0.3269,0.2443,0.4218,0,34,0.0,0.0,0.1015,4,66,95,104
mit_vierlinge,3.5,4.5,34,104,0.3269,0.2443,0.4218,0,34,0.0,0.0,0.1015,4,66,95,104
mit_vierlinge,3.5,4.6,32,104,0.3077,0.2272,0.4019,0,32,0.0,0.0,0.1072,4,68,95,104
mit_vierlinge,3.5,4.7,32,104,0.3077,0.2272,0.4019,0,32,0.0,0.0,0.1072,4,68,95,104
mit_vierlinge,3.5,4.8,32,104,0.3077,0.2272,0.4019,0,32,0.0,0.0,0.1072,4,68,95,104
mit_vierlinge,3.5,4.9,32,104,0.3077,0.2272,0.4019,0,32,0.0,0.0,0.1072,4,68,95,104
mit_vierlinge,3.5,5.0,32,104,0.3077,0.2272,0.4019,0,32,0.0,0.0,0.1072,4,68,95,104
mit_vierlinge,3.6,0.0,100,104,0.9615,0.9053,0.9849,8,100,0.08,0.0411,0.15,4,0,95,104
mit_vierlinge,3.6,0.1,94,104,0.9038,0.832,0.9469,6,94,0.0638,0.0296,0.1323,4,6,95,104
mit_vierlinge,3.6,0.2,86,104,0.8269,0.7429,0.8876,4,86,0.0465,0.0182,0.1136,4,14,95,104
mit_vierlinge,3.6,0.3,81,104,0.7788,0.69,0.8479,2,81,0.0247,0.0068,0.0856,4,19,95,104
mit_vierlinge,3.6,0.4,79,104,0.7596,0.6692,0.8315,2,79,0.0253,0.007,0.0877,4,21,95,104
mit_vierlinge,3.6,0.5,75,104,0.7212,0.6283,0.7983,2,75,0.0267,0.0073,0.0921,4,25,95,104
mit_vierlinge,3.6,0.6,72,104,0.6923,0.5981,0.7728,2,72,0.0278,0.0077,0.0957,4,28,95,104
mit_vierlinge,3.6,0.7,69,104,0.6635,0.5683,0.747,2,69,0.029,0.008,0.0997,4,31,95,104
mit_vierlinge,3.6,0.8,67,104,0.6442,0.5486,0.7296,2,67,0.0299,0.0082,0.1025,4,33,95,104
mit_vierlinge,3.6,0.9,62,104,0.5962,0.5001,0.6854,2,62,0.0323,0.0089,0.1102,4,38,95,104
mit_vierlinge,3.6,1.0,58,104,0.5577,0.4619,0.6494,2,58,0.0345,0.0095,0.1173,4,42,95,104
mit_vierlinge,3.6,1.1,57,104,0.5481,0.4524,0.6403,2,57,0.0351,0.0097,0.1192,4,43,95,104
mit_vierlinge,3.6,1.2,53,104,0.5096,0.4149,0.6036,2,53,0.0377,0.0104,0.1275,4,47,95,104
mit_vierlinge,3.6,1.3,48,104,0.4615,0.3688,0.557,1,48,0.0208,0.0037,0.109,4,52,95,104
mit_vierlinge,3.6,1.4,47,104,0.4519,0.3597,0.5476,1,47,0.0213,0.0038,0.1111,4,53,95,104
mit_vierlinge,3.6,1.5,46,104,0.4423,0.3506,0.5381,1,46,0.0217,0.0038,0.1134,4,54,95,104
mit_vierlinge,3.6,1.6,45,104,0.4327,0.3415,0.5286,1,45,0.0222,0.0039,0.1157,4,55,95,104
mit_vierlinge,3.6,1.7,45,104,0.4327,0.3415,0.5286,1,45,0.0222,0.0039,0.1157,4,55,95,104
mit_vierlinge,3.6,1.8,45,104,0.4327,0.3415,0.5286,1,45,0.0222,0.0039,0.1157,4,55,95,104
mit_vierlinge,3.6,1.9,45,104,0.4327,0.3415,0.5286,1,45,0.0222,0.0039,0.1157,4,55,95,104
mit_vierlinge,3.6,2.0,44,104,0.4231,0.3325,0.5191,0,44,0.0,0.0,0.0803,4,56,95,104
mit_vierlinge,3.6,2.1,43,104,0.4135,0.3235,0.5095,0,43,0.0,0.0,0.082,4,57,95,104
mit_vierlinge,3.6,2.2,42,104,0.4038,0.3146,0.4999,0,42,0.0,0.0,0.0838,4,58,95,104
mit_vierlinge,3.6,2.3,41,104,0.3942,0.3057,0.4903,0,41,0.0,0.0,0.0857,4,59,95,104
mit_vierlinge,3.6,2.4,41,104,0.3942,0.3057,0.4903,0,41,0.0,0.0,0.0857,4,59,95,104
mit_vierlinge,3.6,2.5,41,104,0.3942,0.3057,0.4903,0,41,0.0,0.0,0.0857,4,59,95,104
mit_vierlinge,3.6,2.6,41,104,0.3942,0.3057,0.4903,0,41,0.0,0.0,0.0857,4,59,95,104
mit_vierlinge,3.6,2.7,40,104,0.3846,0.2968,0.4806,0,40,0.0,0.0,0.0876,4,60,95,104
mit_vierlinge,3.6,2.8,39,104,0.375,0.288,0.4709,0,39,0.0,0.0,0.0897,4,61,95,104
mit_vierlinge,3.6,2.9,39,104,0.375,0.288,0.4709,0,39,0.0,0.0,0.0897,4,61,95,104
mit_vierlinge,3.6,3.0,39,104,0.375,0.288,0.4709,0,39,0.0,0.0,0.0897,4,61,95,104
mit_vierlinge,3.6,3.1,39,104,0.375,0.288,0.4709,0,39,0.0,0.0,0.0897,4,61,95,104
mit_vierlinge,3.6,3.2,39,104,0.375,0.288,0.4709,0,39,0.0,0.0,0.0897,4,61,95,104
mit_vierlinge,3.6,3.3,39,104,0.375,0.288,0.4709,0,39,0.0,0.0,0.0897,4,61,95,104
mit_vierlinge,3.6,3.4,38,104,0.3654,0.2792,0.4612,0,38,0.0,0.0,0.0918,4,62,95,104
mit_vierlinge,3.6,3.5,38,104,0.3654,0.2792,0.4612,0,38,0.0,0.0,0.0918,4,62,95,104
mit_vierlinge,3.6,3.6,38,104,0.3654,0.2792,0.4612,0,38,0.0,0.0,0.0918,4,62,95,104
mit_vierlinge,3.6,3.7,36,104,0.3462,0.2617,0.4416,0,36,0.0,0.0,0.0964,4,64,95,104
mit_vierlinge,3.6,3.8,36,104,0.3462,0.2617,0.4416,0,36,0.0,0.0,0.0964,4,64,95,104
mit_vierlinge,3.6,3.9,36,104,0.3462,0.2617,0.4416,0,36,0.0,0.0,0.0964,4,64,95,104
mit_vierlinge,3.6,4.0,36,104,0.3462,0.2617,0.4416,0,36,0.0,0.0,0.0964,4,64,95,104
mit_vierlinge,3.6,4.1,36,104,0.3462,0.2617,0.4416,0,36,0.0,0.0,0.0964,4,64,95,104
mit_vierlinge,3.6,4.2,36,104,0.3462,0.2617,0.4416,0,36,0.0,0.0,0.0964,4,64,95,104
mit_vierlinge,3.6,4.3,35,104,0.3365,0.253,0.4317,0,35,0.0,0.0,0.0989,4,65,95,104
mit_vierlinge,3.6,4.4,34,104,0.3269,0.2443,0.4218,0,34,0.0,0.0,0.1015,4,66,95,104
mit_vierlinge,3.6,4.5,34,104,0.3269,0.2443,0.4218,0,34,0.0,0.0,0.1015,4,66,95,104
mit_vierlinge,3.6,4.6,32,104,0.3077,0.2272,0.4019,0,32,0.0,0.0,0.1072,4,68,95,104
mit_vierlinge,3.6,4.7,32,104,0.3077,0.2272,0.4019,0,32,0.0,0.0,0.1072,4,68,95,104
mit_vierlinge,3.6,4.8,32,104,0.3077,0.2272,0.4019,0,32,0.0,0.0,0.1072,4,68,95,104
mit_vierlinge,3.6,4.9,32,104,0.3077,0.2272,0.4019,0,32,0.0,0.0,0.1072,4,68,95,104
mit_vierlinge,3.6,5.0,32,104,0.3077,0.2272,0.4019,0,32,0.0,0.0,0.1072,4,68,95,104
mit_vierlinge,3.7,0.0,100,104,0.9615,0.9053,0.9849,8,100,0.08,0.0411,0.15,4,0,95,104
mit_vierlinge,3.7,0.1,94,104,0.9038,0.832,0.9469,6,94,0.0638,0.0296,0.1323,4,6,95,104
mit_vierlinge,3.7,0.2,86,104,0.8269,0.7429,0.8876,4,86,0.0465,0.0182,0.1136,4,14,95,104
mit_vierlinge,3.7,0.3,81,104,0.7788,0.69,0.8479,2,81,0.0247,0.0068,0.0856,4,19,95,104
mit_vierlinge,3.7,0.4,79,104,0.7596,0.6692,0.8315,2,79,0.0253,0.007,0.0877,4,21,95,104
mit_vierlinge,3.7,0.5,75,104,0.7212,0.6283,0.7983,2,75,0.0267,0.0073,0.0921,4,25,95,104
mit_vierlinge,3.7,0.6,72,104,0.6923,0.5981,0.7728,2,72,0.0278,0.0077,0.0957,4,28,95,104
mit_vierlinge,3.7,0.7,69,104,0.6635,0.5683,0.747,2,69,0.029,0.008,0.0997,4,31,95,104
mit_vierlinge,3.7,0.8,67,104,0.6442,0.5486,0.7296,2,67,0.0299,0.0082,0.1025,4,33,95,104
mit_vierlinge,3.7,0.9,62,104,0.5962,0.5001,0.6854,2,62,0.0323,0.0089,0.1102,4,38,95,104
mit_vierlinge,3.7,1.0,58,104,0.5577,0.4619,0.6494,2,58,0.0345,0.0095,0.1173,4,42,95,104
mit_vierlinge,3.7,1.1,57,104,0.5481,0.4524,0.6403,2,57,0.0351,0.0097,0.1192,4,43,95,104
mit_vierlinge,3.7,1.2,53,104,0.5096,0.4149,0.6036,2,53,0.0377,0.0104,0.1275,4,47,95,104
mit_vierlinge,3.7,1.3,48,104,0.4615,0.3688,0.557,1,48,0.0208,0.0037,0.109,4,52,95,104
mit_vierlinge,3.7,1.4,47,104,0.4519,0.3597,0.5476,1,47,0.0213,0.0038,0.1111,4,53,95,104
mit_vierlinge,3.7,1.5,46,104,0.4423,0.3506,0.5381,1,46,0.0217,0.0038,0.1134,4,54,95,104
mit_vierlinge,3.7,1.6,45,104,0.4327,0.3415,0.5286,1,45,0.0222,0.0039,0.1157,4,55,95,104
mit_vierlinge,3.7,1.7,45,104,0.4327,0.3415,0.5286,1,45,0.0222,0.0039,0.1157,4,55,95,104
mit_vierlinge,3.7,1.8,45,104,0.4327,0.3415,0.5286,1,45,0.0222,0.0039,0.1157,4,55,95,104
mit_vierlinge,3.7,1.9,45,104,0.4327,0.3415,0.5286,1,45,0.0222,0.0039,0.1157,4,55,95,104
mit_vierlinge,3.7,2.0,44,104,0.4231,0.3325,0.5191,0,44,0.0,0.0,0.0803,4,56,95,104
mit_vierlinge,3.7,2.1,43,104,0.4135,0.3235,0.5095,0,43,0.0,0.0,0.082,4,57,95,104
mit_vierlinge,3.7,2.2,42,104,0.4038,0.3146,0.4999,0,42,0.0,0.0,0.0838,4,58,95,104
mit_vierlinge,3.7,2.3,41,104,0.3942,0.3057,0.4903,0,41,0.0,0.0,0.0857,4,59,95,104
mit_vierlinge,3.7,2.4,41,104,0.3942,0.3057,0.4903,0,41,0.0,0.0,0.0857,4,59,95,104
mit_vierlinge,3.7,2.5,41,104,0.3942,0.3057,0.4903,0,41,0.0,0.0,0.0857,4,59,95,104
mit_vierlinge,3.7,2.6,41,104,0.3942,0.3057,0.4903,0,41,0.0,0.0,0.0857,4,59,95,104
mit_vierlinge,3.7,2.7,40,104,0.3846,0.2968,0.4806,0,40,0.0,0.0,0.0876,4,60,95,104
mit_vierlinge,3.7,2.8,39,104,0.375,0.288,0.4709,0,39,0.0,0.0,0.0897,4,61,95,104
mit_vierlinge,3.7,2.9,39,104,0.375,0.288,0.4709,0,39,0.0,0.0,0.0897,4,61,95,104
mit_vierlinge,3.7,3.0,39,104,0.375,0.288,0.4709,0,39,0.0,0.0,0.0897,4,61,95,104
mit_vierlinge,3.7,3.1,39,104,0.375,0.288,0.4709,0,39,0.0,0.0,0.0897,4,61,95,104
mit_vierlinge,3.7,3.2,39,104,0.375,0.288,0.4709,0,39,0.0,0.0,0.0897,4,61,95,104
mit_vierlinge,3.7,3.3,39,104,0.375,0.288,0.4709,0,39,0.0,0.0,0.0897,4,61,95,104
mit_vierlinge,3.7,3.4,38,104,0.3654,0.2792,0.4612,0,38,0.0,0.0,0.0918,4,62,95,104
mit_vierlinge,3.7,3.5,38,104,0.3654,0.2792,0.4612,0,38,0.0,0.0,0.0918,4,62,95,104
mit_vierlinge,3.7,3.6,38,104,0.3654,0.2792,0.4612,0,38,0.0,0.0,0.0918,4,62,95,104
mit_vierlinge,3.7,3.7,36,104,0.3462,0.2617,0.4416,0,36,0.0,0.0,0.0964,4,64,95,104
mit_vierlinge,3.7,3.8,36,104,0.3462,0.2617,0.4416,0,36,0.0,0.0,0.0964,4,64,95,104
mit_vierlinge,3.7,3.9,36,104,0.3462,0.2617,0.4416,0,36,0.0,0.0,0.0964,4,64,95,104
mit_vierlinge,3.7,4.0,36,104,0.3462,0.2617,0.4416,0,36,0.0,0.0,0.0964,4,64,95,104
mit_vierlinge,3.7,4.1,36,104,0.3462,0.2617,0.4416,0,36,0.0,0.0,0.0964,4,64,95,104
mit_vierlinge,3.7,4.2,36,104,0.3462,0.2617,0.4416,0,36,0.0,0.0,0.0964,4,64,95,104
mit_vierlinge,3.7,4.3,35,104,0.3365,0.253,0.4317,0,35,0.0,0.0,0.0989,4,65,95,104
mit_vierlinge,3.7,4.4,34,104,0.3269,0.2443,0.4218,0,34,0.0,0.0,0.1015,4,66,95,104
mit_vierlinge,3.7,4.5,34,104,0.3269,0.2443,0.4218,0,34,0.0,0.0,0.1015,4,66,95,104
mit_vierlinge,3.7,4.6,32,104,0.3077,0.2272,0.4019,0,32,0.0,0.0,0.1072,4,68,95,104
mit_vierlinge,3.7,4.7,32,104,0.3077,0.2272,0.4019,0,32,0.0,0.0,0.1072,4,68,95,104
mit_vierlinge,3.7,4.8,32,104,0.3077,0.2272,0.4019,0,32,0.0,0.0,0.1072,4,68,95,104
mit_vierlinge,3.7,4.9,32,104,0.3077,0.2272,0.4019,0,32,0.0,0.0,0.1072,4,68,95,104
mit_vierlinge,3.7,5.0,32,104,0.3077,0.2272,0.4019,0,32,0.0,0.0,0.1072,4,68,95,104
mit_vierlinge,3.8,0.0,100,104,0.9615,0.9053,0.9849,8,100,0.08,0.0411,0.15,4,0,95,104
mit_vierlinge,3.8,0.1,94,104,0.9038,0.832,0.9469,6,94,0.0638,0.0296,0.1323,4,6,95,104
mit_vierlinge,3.8,0.2,86,104,0.8269,0.7429,0.8876,4,86,0.0465,0.0182,0.1136,4,14,95,104
mit_vierlinge,3.8,0.3,81,104,0.7788,0.69,0.8479,2,81,0.0247,0.0068,0.0856,4,19,95,104
mit_vierlinge,3.8,0.4,79,104,0.7596,0.6692,0.8315,2,79,0.0253,0.007,0.0877,4,21,95,104
mit_vierlinge,3.8,0.5,75,104,0.7212,0.6283,0.7983,2,75,0.0267,0.0073,0.0921,4,25,95,104
mit_vierlinge,3.8,0.6,72,104,0.6923,0.5981,0.7728,2,72,0.0278,0.0077,0.0957,4,28,95,104
mit_vierlinge,3.8,0.7,69,104,0.6635,0.5683,0.747,2,69,0.029,0.008,0.0997,4,31,95,104
mit_vierlinge,3.8,0.8,67,104,0.6442,0.5486,0.7296,2,67,0.0299,0.0082,0.1025,4,33,95,104
mit_vierlinge,3.8,0.9,62,104,0.5962,0.5001,0.6854,2,62,0.0323,0.0089,0.1102,4,38,95,104
mit_vierlinge,3.8,1.0,58,104,0.5577,0.4619,0.6494,2,58,0.0345,0.0095,0.1173,4,42,95,104
mit_vierlinge,3.8,1.1,57,104,0.5481,0.4524,0.6403,2,57,0.0351,0.0097,0.1192,4,43,95,104
mit_vierlinge,3.8,1.2,53,104,0.5096,0.4149,0.6036,2,53,0.0377,0.0104,0.1275,4,47,95,104
mit_vierlinge,3.8,1.3,48,104,0.4615,0.3688,0.557,1,48,0.0208,0.0037,0.109,4,52,95,104
mit_vierlinge,3.8,1.4,47,104,0.4519,0.3597,0.5476,1,47,0.0213,0.0038,0.1111,4,53,95,104
mit_vierlinge,3.8,1.5,46,104,0.4423,0.3506,0.5381,1,46,0.0217,0.0038,0.1134,4,54,95,104
mit_vierlinge,3.8,1.6,45,104,0.4327,0.3415,0.5286,1,45,0.0222,0.0039,0.1157,4,55,95,104
mit_vierlinge,3.8,1.7,45,104,0.4327,0.3415,0.5286,1,45,0.0222,0.0039,0.1157,4,55,95,104
mit_vierlinge,3.8,1.8,45,104,0.4327,0.3415,0.5286,1,45,0.0222,0.0039,0.1157,4,55,95,104
mit_vierlinge,3.8,1.9,45,104,0.4327,0.3415,0.5286,1,45,0.0222,0.0039,0.1157,4,55,95,104
mit_vierlinge,3.8,2.0,44,104,0.4231,0.3325,0.5191,0,44,0.0,0.0,0.0803,4,56,95,104
mit_vierlinge,3.8,2.1,43,104,0.4135,0.3235,0.5095,0,43,0.0,0.0,0.082,4,57,95,104
mit_vierlinge,3.8,2.2,42,104,0.4038,0.3146,0.4999,0,42,0.0,0.0,0.0838,4,58,95,104
mit_vierlinge,3.8,2.3,41,104,0.3942,0.3057,0.4903,0,41,0.0,0.0,0.0857,4,59,95,104
mit_vierlinge,3.8,2.4,41,104,0.3942,0.3057,0.4903,0,41,0.0,0.0,0.0857,4,59,95,104
mit_vierlinge,3.8,2.5,41,104,0.3942,0.3057,0.4903,0,41,0.0,0.0,0.0857,4,59,95,104
mit_vierlinge,3.8,2.6,41,104,0.3942,0.3057,0.4903,0,41,0.0,0.0,0.0857,4,59,95,104
mit_vierlinge,3.8,2.7,40,104,0.3846,0.2968,0.4806,0,40,0.0,0.0,0.0876,4,60,95,104
mit_vierlinge,3.8,2.8,39,104,0.375,0.288,0.4709,0,39,0.0,0.0,0.0897,4,61,95,104
mit_vierlinge,3.8,2.9,39,104,0.375,0.288,0.4709,0,39,0.0,0.0,0.0897,4,61,95,104
mit_vierlinge,3.8,3.0,39,104,0.375,0.288,0.4709,0,39,0.0,0.0,0.0897,4,61,95,104
mit_vierlinge,3.8,3.1,39,104,0.375,0.288,0.4709,0,39,0.0,0.0,0.0897,4,61,95,104
mit_vierlinge,3.8,3.2,39,104,0.375,0.288,0.4709,0,39,0.0,0.0,0.0897,4,61,95,104
mit_vierlinge,3.8,3.3,39,104,0.375,0.288,0.4709,0,39,0.0,0.0,0.0897,4,61,95,104
mit_vierlinge,3.8,3.4,38,104,0.3654,0.2792,0.4612,0,38,0.0,0.0,0.0918,4,62,95,104
mit_vierlinge,3.8,3.5,38,104,0.3654,0.2792,0.4612,0,38,0.0,0.0,0.0918,4,62,95,104
mit_vierlinge,3.8,3.6,38,104,0.3654,0.2792,0.4612,0,38,0.0,0.0,0.0918,4,62,95,104
mit_vierlinge,3.8,3.7,36,104,0.3462,0.2617,0.4416,0,36,0.0,0.0,0.0964,4,64,95,104
mit_vierlinge,3.8,3.8,36,104,0.3462,0.2617,0.4416,0,36,0.0,0.0,0.0964,4,64,95,104
mit_vierlinge,3.8,3.9,36,104,0.3462,0.2617,0.4416,0,36,0.0,0.0,0.0964,4,64,95,104
mit_vierlinge,3.8,4.0,36,104,0.3462,0.2617,0.4416,0,36,0.0,0.0,0.0964,4,64,95,104
mit_vierlinge,3.8,4.1,36,104,0.3462,0.2617,0.4416,0,36,0.0,0.0,0.0964,4,64,95,104
mit_vierlinge,3.8,4.2,36,104,0.3462,0.2617,0.4416,0,36,0.0,0.0,0.0964,4,64,95,104
mit_vierlinge,3.8,4.3,35,104,0.3365,0.253,0.4317,0,35,0.0,0.0,0.0989,4,65,95,104
mit_vierlinge,3.8,4.4,34,104,0.3269,0.2443,0.4218,0,34,0.0,0.0,0.1015,4,66,95,104
mit_vierlinge,3.8,4.5,34,104,0.3269,0.2443,0.4218,0,34,0.0,0.0,0.1015,4,66,95,104
mit_vierlinge,3.8,4.6,32,104,0.3077,0.2272,0.4019,0,32,0.0,0.0,0.1072,4,68,95,104
mit_vierlinge,3.8,4.7,32,104,0.3077,0.2272,0.4019,0,32,0.0,0.0,0.1072,4,68,95,104
mit_vierlinge,3.8,4.8,32,104,0.3077,0.2272,0.4019,0,32,0.0,0.0,0.1072,4,68,95,104
mit_vierlinge,3.8,4.9,32,104,0.3077,0.2272,0.4019,0,32,0.0,0.0,0.1072,4,68,95,104
mit_vierlinge,3.8,5.0,32,104,0.3077,0.2272,0.4019,0,32,0.0,0.0,0.1072,4,68,95,104
mit_vierlinge,3.9,0.0,101,104,0.9712,0.9186,0.9901,8,101,0.0792,0.0407,0.1486,3,0,95,104
mit_vierlinge,3.9,0.1,95,104,0.9135,0.8437,0.9538,6,95,0.0632,0.0293,0.131,3,6,95,104
mit_vierlinge,3.9,0.2,87,104,0.8365,0.7537,0.8954,4,87,0.046,0.018,0.1123,3,14,95,104
mit_vierlinge,3.9,0.3,82,104,0.7885,0.7004,0.8559,2,82,0.0244,0.0067,0.0846,3,19,95,104
mit_vierlinge,3.9,0.4,80,104,0.7692,0.6795,0.8397,2,80,0.025,0.0069,0.0866,3,21,95,104
mit_vierlinge,3.9,0.5,76,104,0.7308,0.6384,0.8067,2,76,0.0263,0.0072,0.091,3,25,95,104
mit_vierlinge,3.9,0.6,73,104,0.7019,0.6081,0.7814,2,73,0.0274,0.0075,0.0945,3,28,95,104
mit_vierlinge,3.9,0.7,70,104,0.6731,0.5782,0.7557,2,70,0.0286,0.0079,0.0983,3,31,95,104
mit_vierlinge,3.9,0.8,68,104,0.6538,0.5584,0.7383,2,68,0.0294,0.0081,0.101,3,33,95,104
mit_vierlinge,3.9,0.9,63,104,0.6058,0.5097,0.6943,2,63,0.0317,0.0087,0.1086,3,38,95,104
mit_vierlinge,3.9,1.0,59,104,0.5673,0.4714,0.6585,2,59,0.0339,0.0093,0.1154,3,42,95,104
mit_vierlinge,3.9,1.1,58,104,0.5577,0.4619,0.6494,2,58,0.0345,0.0095,0.1173,3,43,95,104
mit_vierlinge,3.9,1.2,54,104,0.5192,0.4242,0.6128,2,54,0.037,0.0102,0.1254,3,47,95,104
mit_vierlinge,3.9,1.3,49,104,0.4712,0.378,0.5664,1,49,0.0204,0.0036,0.1069,3,52,95,104
mit_vierlinge,3.9,1.4,48,104,0.4615,0.3688,0.557,1,48,0.0208,0.0037,0.109,3,53,95,104
mit_vierlinge,3.9,1.5,47,104,0.4519,0.3597,0.5476,1,47,0.0213,0.0038,0.1111,3,54,95,104
mit_vierlinge,3.9,1.6,46,104,0.4423,0.3506,0.5381,1,46,0.0217,0.0038,0.1134,3,55,95,104
mit_vierlinge,3.9,1.7,46,104,0.4423,0.3506,0.5381,1,46,0.0217,0.0038,0.1134,3,55,95,104
mit_vierlinge,3.9,1.8,46,104,0.4423,0.3506,0.5381,1,46,0.0217,0.0038,0.1134,3,55,95,104
mit_vierlinge,3.9,1.9,46,104,0.4423,0.3506,0.5381,1,46,0.0217,0.0038,0.1134,3,55,95,104
mit_vierlinge,3.9,2.0,45,104,0.4327,0.3415,0.5286,0,45,0.0,0.0,0.0787,3,56,95,104
mit_vierlinge,3.9,2.1,44,104,0.4231,0.3325,0.5191,0,44,0.0,0.0,0.0803,3,57,95,104
mit_vierlinge,3.9,2.2,43,104,0.4135,0.3235,0.5095,0,43,0.0,0.0,0.082,3,58,95,104
mit_vierlinge,3.9,2.3,42,104,0.4038,0.3146,0.4999,0,42,0.0,0.0,0.0838,3,59,95,104
mit_vierlinge,3.9,2.4,42,104,0.4038,0.3146,0.4999,0,42,0.0,0.0,0.0838,3,59,95,104
mit_vierlinge,3.9,2.5,42,104,0.4038,0.3146,0.4999,0,42,0.0,0.0,0.0838,3,59,95,104
mit_vierlinge,3.9,2.6,42,104,0.4038,0.3146,0.4999,0,42,0.0,0.0,0.0838,3,59,95,104
mit_vierlinge,3.9,2.7,41,104,0.3942,0.3057,0.4903,0,41,0.0,0.0,0.0857,3,60,95,104
mit_vierlinge,3.9,2.8,40,104,0.3846,0.2968,0.4806,0,40,0.0,0.0,0.0876,3,61,95,104
mit_vierlinge,3.9,2.9,40,104,0.3846,0.2968,0.4806,0,40,0.0,0.0,0.0876,3,61,95,104
mit_vierlinge,3.9,3.0,40,104,0.3846,0.2968,0.4806,0,40,0.0,0.0,0.0876,3,61,95,104
mit_vierlinge,3.9,3.1,40,104,0.3846,0.2968,0.4806,0,40,0.0,0.0,0.0876,3,61,95,104
mit_vierlinge,3.9,3.2,40,104,0.3846,0.2968,0.4806,0,40,0.0,0.0,0.0876,3,61,95,104
mit_vierlinge,3.9,3.3,40,104,0.3846,0.2968,0.4806,0,40,0.0,0.0,0.0876,3,61,95,104
mit_vierlinge,3.9,3.4,39,104,0.375,0.288,0.4709,0,39,0.0,0.0,0.0897,3,62,95,104
mit_vierlinge,3.9,3.5,39,104,0.375,0.288,0.4709,0,39,0.0,0.0,0.0897,3,62,95,104
mit_vierlinge,3.9,3.6,39,104,0.375,0.288,0.4709,0,39,0.0,0.0,0.0897,3,62,95,104
mit_vierlinge,3.9,3.7,37,104,0.3558,0.2704,0.4514,0,37,0.0,0.0,0.0941,3,64,95,104
mit_vierlinge,3.9,3.8,37,104,0.3558,0.2704,0.4514,0,37,0.0,0.0,0.0941,3,64,95,104
mit_vierlinge,3.9,3.9,37,104,0.3558,0.2704,0.4514,0,37,0.0,0.0,0.0941,3,64,95,104
mit_vierlinge,3.9,4.0,37,104,0.3558,0.2704,0.4514,0,37,0.0,0.0,0.0941,3,64,95,104
mit_vierlinge,3.9,4.1,37,104,0.3558,0.2704,0.4514,0,37,0.0,0.0,0.0941,3,64,95,104
mit_vierlinge,3.9,4.2,37,104,0.3558,0.2704,0.4514,0,37,0.0,0.0,0.0941,3,64,95,104
mit_vierlinge,3.9,4.3,36,104,0.3462,0.2617,0.4416,0,36,0.0,0.0,0.0964,3,65,95,104
mit_vierlinge,3.9,4.4,35,104,0.3365,0.253,0.4317,0,35,0.0,0.0,0.0989,3,66,95,104
mit_vierlinge,3.9,4.5,35,104,0.3365,0.253,0.4317,0,35,0.0,0.0,0.0989,3,66,95,104
mit_vierlinge,3.9,4.6,33,104,0.3173,0.2357,0.4119,0,33,0.0,0.0,0.1043,3,68,95,104
mit_vierlinge,3.9,4.7,33,104,0.3173,0.2357,0.4119,0,33,0.0,0.0,0.1043,3,68,95,104
mit_vierlinge,3.9,4.8,33,104,0.3173,0.2357,0.4119,0,33,0.0,0.0,0.1043,3,68,95,104
mit_vierlinge,3.9,4.9,33,104,0.3173,0.2357,0.4119,0,33,0.0,0.0,0.1043,3,68,95,104
mit_vierlinge,3.9,5.0,33,104,0.3173,0.2357,0.4119,0,33,0.0,0.0,0.1043,3,68,95,104
mit_vierlinge,4.0,0.0,101,104,0.9712,0.9186,0.9901,8,101,0.0792,0.0407,0.1486,3,0,95,104
mit_vierlinge,4.0,0.1,95,104,0.9135,0.8437,0.9538,6,95,0.0632,0.0293,0.131,3,6,95,104
mit_vierlinge,4.0,0.2,87,104,0.8365,0.7537,0.8954,4,87,0.046,0.018,0.1123,3,14,95,104
mit_vierlinge,4.0,0.3,82,104,0.7885,0.7004,0.8559,2,82,0.0244,0.0067,0.0846,3,19,95,104
mit_vierlinge,4.0,0.4,80,104,0.7692,0.6795,0.8397,2,80,0.025,0.0069,0.0866,3,21,95,104
mit_vierlinge,4.0,0.5,76,104,0.7308,0.6384,0.8067,2,76,0.0263,0.0072,0.091,3,25,95,104
mit_vierlinge,4.0,0.6,73,104,0.7019,0.6081,0.7814,2,73,0.0274,0.0075,0.0945,3,28,95,104
mit_vierlinge,4.0,0.7,70,104,0.6731,0.5782,0.7557,2,70,0.0286,0.0079,0.0983,3,31,95,104
mit_vierlinge,4.0,0.8,68,104,0.6538,0.5584,0.7383,2,68,0.0294,0.0081,0.101,3,33,95,104
mit_vierlinge,4.0,0.9,63,104,0.6058,0.5097,0.6943,2,63,0.0317,0.0087,0.1086,3,38,95,104
mit_vierlinge,4.0,1.0,59,104,0.5673,0.4714,0.6585,2,59,0.0339,0.0093,0.1154,3,42,95,104
mit_vierlinge,4.0,1.1,58,104,0.5577,0.4619,0.6494,2,58,0.0345,0.0095,0.1173,3,43,95,104
mit_vierlinge,4.0,1.2,54,104,0.5192,0.4242,0.6128,2,54,0.037,0.0102,0.1254,3,47,95,104
mit_vierlinge,4.0,1.3,49,104,0.4712,0.378,0.5664,1,49,0.0204,0.0036,0.1069,3,52,95,104
mit_vierlinge,4.0,1.4,48,104,0.4615,0.3688,0.557,1,48,0.0208,0.0037,0.109,3,53,95,104
mit_vierlinge,4.0,1.5,47,104,0.4519,0.3597,0.5476,1,47,0.0213,0.0038,0.1111,3,54,95,104
mit_vierlinge,4.0,1.6,46,104,0.4423,0.3506,0.5381,1,46,0.0217,0.0038,0.1134,3,55,95,104
mit_vierlinge,4.0,1.7,46,104,0.4423,0.3506,0.5381,1,46,0.0217,0.0038,0.1134,3,55,95,104
mit_vierlinge,4.0,1.8,46,104,0.4423,0.3506,0.5381,1,46,0.0217,0.0038,0.1134,3,55,95,104
mit_vierlinge,4.0,1.9,46,104,0.4423,0.3506,0.5381,1,46,0.0217,0.0038,0.1134,3,55,95,104
mit_vierlinge,4.0,2.0,45,104,0.4327,0.3415,0.5286,0,45,0.0,0.0,0.0787,3,56,95,104
mit_vierlinge,4.0,2.1,44,104,0.4231,0.3325,0.5191,0,44,0.0,0.0,0.0803,3,57,95,104
mit_vierlinge,4.0,2.2,43,104,0.4135,0.3235,0.5095,0,43,0.0,0.0,0.082,3,58,95,104
mit_vierlinge,4.0,2.3,42,104,0.4038,0.3146,0.4999,0,42,0.0,0.0,0.0838,3,59,95,104
mit_vierlinge,4.0,2.4,42,104,0.4038,0.3146,0.4999,0,42,0.0,0.0,0.0838,3,59,95,104
mit_vierlinge,4.0,2.5,42,104,0.4038,0.3146,0.4999,0,42,0.0,0.0,0.0838,3,59,95,104
mit_vierlinge,4.0,2.6,42,104,0.4038,0.3146,0.4999,0,42,0.0,0.0,0.0838,3,59,95,104
mit_vierlinge,4.0,2.7,41,104,0.3942,0.3057,0.4903,0,41,0.0,0.0,0.0857,3,60,95,104
mit_vierlinge,4.0,2.8,40,104,0.3846,0.2968,0.4806,0,40,0.0,0.0,0.0876,3,61,95,104
mit_vierlinge,4.0,2.9,40,104,0.3846,0.2968,0.4806,0,40,0.0,0.0,0.0876,3,61,95,104
mit_vierlinge,4.0,3.0,40,104,0.3846,0.2968,0.4806,0,40,0.0,0.0,0.0876,3,61,95,104
mit_vierlinge,4.0,3.1,40,104,0.3846,0.2968,0.4806,0,40,0.0,0.0,0.0876,3,61,95,104
mit_vierlinge,4.0,3.2,40,104,0.3846,0.2968,0.4806,0,40,0.0,0.0,0.0876,3,61,95,104
mit_vierlinge,4.0,3.3,40,104,0.3846,0.2968,0.4806,0,40,0.0,0.0,0.0876,3,61,95,104
mit_vierlinge,4.0,3.4,39,104,0.375,0.288,0.4709,0,39,0.0,0.0,0.0897,3,62,95,104
mit_vierlinge,4.0,3.5,39,104,0.375,0.288,0.4709,0,39,0.0,0.0,0.0897,3,62,95,104
mit_vierlinge,4.0,3.6,39,104,0.375,0.288,0.4709,0,39,0.0,0.0,0.0897,3,62,95,104
mit_vierlinge,4.0,3.7,37,104,0.3558,0.2704,0.4514,0,37,0.0,0.0,0.0941,3,64,95,104
mit_vierlinge,4.0,3.8,37,104,0.3558,0.2704,0.4514,0,37,0.0,0.0,0.0941,3,64,95,104
mit_vierlinge,4.0,3.9,37,104,0.3558,0.2704,0.4514,0,37,0.0,0.0,0.0941,3,64,95,104
mit_vierlinge,4.0,4.0,37,104,0.3558,0.2704,0.4514,0,37,0.0,0.0,0.0941,3,64,95,104
mit_vierlinge,4.0,4.1,37,104,0.3558,0.2704,0.4514,0,37,0.0,0.0,0.0941,3,64,95,104
mit_vierlinge,4.0,4.2,37,104,0.3558,0.2704,0.4514,0,37,0.0,0.0,0.0941,3,64,95,104
mit_vierlinge,4.0,4.3,36,104,0.3462,0.2617,0.4416,0,36,0.0,0.0,0.0964,3,65,95,104
mit_vierlinge,4.0,4.4,35,104,0.3365,0.253,0.4317,0,35,0.0,0.0,0.0989,3,66,95,104
mit_vierlinge,4.0,4.5,35,104,0.3365,0.253,0.4317,0,35,0.0,0.0,0.0989,3,66,95,104
mit_vierlinge,4.0,4.6,33,104,0.3173,0.2357,0.4119,0,33,0.0,0.0,0.1043,3,68,95,104
mit_vierlinge,4.0,4.7,33,104,0.3173,0.2357,0.4119,0,33,0.0,0.0,0.1043,3,68,95,104
mit_vierlinge,4.0,4.8,33,104,0.3173,0.2357,0.4119,0,33,0.0,0.0,0.1043,3,68,95,104
mit_vierlinge,4.0,4.9,33,104,0.3173,0.2357,0.4119,0,33,0.0,0.0,0.1043,3,68,95,104
mit_vierlinge,4.0,5.0,33,104,0.3173,0.2357,0.4119,0,33,0.0,0.0,0.1043,3,68,95,104
mit_vierlinge,4.1,0.0,101,104,0.9712,0.9186,0.9901,8,101,0.0792,0.0407,0.1486,3,0,95,104
mit_vierlinge,4.1,0.1,95,104,0.9135,0.8437,0.9538,6,95,0.0632,0.0293,0.131,3,6,95,104
mit_vierlinge,4.1,0.2,87,104,0.8365,0.7537,0.8954,4,87,0.046,0.018,0.1123,3,14,95,104
mit_vierlinge,4.1,0.3,82,104,0.7885,0.7004,0.8559,2,82,0.0244,0.0067,0.0846,3,19,95,104
mit_vierlinge,4.1,0.4,80,104,0.7692,0.6795,0.8397,2,80,0.025,0.0069,0.0866,3,21,95,104
mit_vierlinge,4.1,0.5,76,104,0.7308,0.6384,0.8067,2,76,0.0263,0.0072,0.091,3,25,95,104
mit_vierlinge,4.1,0.6,73,104,0.7019,0.6081,0.7814,2,73,0.0274,0.0075,0.0945,3,28,95,104
mit_vierlinge,4.1,0.7,70,104,0.6731,0.5782,0.7557,2,70,0.0286,0.0079,0.0983,3,31,95,104
mit_vierlinge,4.1,0.8,68,104,0.6538,0.5584,0.7383,2,68,0.0294,0.0081,0.101,3,33,95,104
mit_vierlinge,4.1,0.9,63,104,0.6058,0.5097,0.6943,2,63,0.0317,0.0087,0.1086,3,38,95,104
mit_vierlinge,4.1,1.0,59,104,0.5673,0.4714,0.6585,2,59,0.0339,0.0093,0.1154,3,42,95,104
mit_vierlinge,4.1,1.1,58,104,0.5577,0.4619,0.6494,2,58,0.0345,0.0095,0.1173,3,43,95,104
mit_vierlinge,4.1,1.2,54,104,0.5192,0.4242,0.6128,2,54,0.037,0.0102,0.1254,3,47,95,104
mit_vierlinge,4.1,1.3,49,104,0.4712,0.378,0.5664,1,49,0.0204,0.0036,0.1069,3,52,95,104
mit_vierlinge,4.1,1.4,48,104,0.4615,0.3688,0.557,1,48,0.0208,0.0037,0.109,3,53,95,104
mit_vierlinge,4.1,1.5,47,104,0.4519,0.3597,0.5476,1,47,0.0213,0.0038,0.1111,3,54,95,104
mit_vierlinge,4.1,1.6,46,104,0.4423,0.3506,0.5381,1,46,0.0217,0.0038,0.1134,3,55,95,104
mit_vierlinge,4.1,1.7,46,104,0.4423,0.3506,0.5381,1,46,0.0217,0.0038,0.1134,3,55,95,104
mit_vierlinge,4.1,1.8,46,104,0.4423,0.3506,0.5381,1,46,0.0217,0.0038,0.1134,3,55,95,104
mit_vierlinge,4.1,1.9,46,104,0.4423,0.3506,0.5381,1,46,0.0217,0.0038,0.1134,3,55,95,104
mit_vierlinge,4.1,2.0,45,104,0.4327,0.3415,0.5286,0,45,0.0,0.0,0.0787,3,56,95,104
mit_vierlinge,4.1,2.1,44,104,0.4231,0.3325,0.5191,0,44,0.0,0.0,0.0803,3,57,95,104
mit_vierlinge,4.1,2.2,43,104,0.4135,0.3235,0.5095,0,43,0.0,0.0,0.082,3,58,95,104
mit_vierlinge,4.1,2.3,42,104,0.4038,0.3146,0.4999,0,42,0.0,0.0,0.0838,3,59,95,104
mit_vierlinge,4.1,2.4,42,104,0.4038,0.3146,0.4999,0,42,0.0,0.0,0.0838,3,59,95,104
mit_vierlinge,4.1,2.5,42,104,0.4038,0.3146,0.4999,0,42,0.0,0.0,0.0838,3,59,95,104
mit_vierlinge,4.1,2.6,42,104,0.4038,0.3146,0.4999,0,42,0.0,0.0,0.0838,3,59,95,104
mit_vierlinge,4.1,2.7,41,104,0.3942,0.3057,0.4903,0,41,0.0,0.0,0.0857,3,60,95,104
mit_vierlinge,4.1,2.8,40,104,0.3846,0.2968,0.4806,0,40,0.0,0.0,0.0876,3,61,95,104
mit_vierlinge,4.1,2.9,40,104,0.3846,0.2968,0.4806,0,40,0.0,0.0,0.0876,3,61,95,104
mit_vierlinge,4.1,3.0,40,104,0.3846,0.2968,0.4806,0,40,0.0,0.0,0.0876,3,61,95,104
mit_vierlinge,4.1,3.1,40,104,0.3846,0.2968,0.4806,0,40,0.0,0.0,0.0876,3,61,95,104
mit_vierlinge,4.1,3.2,40,104,0.3846,0.2968,0.4806,0,40,0.0,0.0,0.0876,3,61,95,104
mit_vierlinge,4.1,3.3,40,104,0.3846,0.2968,0.4806,0,40,0.0,0.0,0.0876,3,61,95,104
mit_vierlinge,4.1,3.4,39,104,0.375,0.288,0.4709,0,39,0.0,0.0,0.0897,3,62,95,104
mit_vierlinge,4.1,3.5,39,104,0.375,0.288,0.4709,0,39,0.0,0.0,0.0897,3,62,95,104
mit_vierlinge,4.1,3.6,39,104,0.375,0.288,0.4709,0,39,0.0,0.0,0.0897,3,62,95,104
mit_vierlinge,4.1,3.7,37,104,0.3558,0.2704,0.4514,0,37,0.0,0.0,0.0941,3,64,95,104
mit_vierlinge,4.1,3.8,37,104,0.3558,0.2704,0.4514,0,37,0.0,0.0,0.0941,3,64,95,104
mit_vierlinge,4.1,3.9,37,104,0.3558,0.2704,0.4514,0,37,0.0,0.0,0.0941,3,64,95,104
mit_vierlinge,4.1,4.0,37,104,0.3558,0.2704,0.4514,0,37,0.0,0.0,0.0941,3,64,95,104
mit_vierlinge,4.1,4.1,37,104,0.3558,0.2704,0.4514,0,37,0.0,0.0,0.0941,3,64,95,104
mit_vierlinge,4.1,4.2,37,104,0.3558,0.2704,0.4514,0,37,0.0,0.0,0.0941,3,64,95,104
mit_vierlinge,4.1,4.3,36,104,0.3462,0.2617,0.4416,0,36,0.0,0.0,0.0964,3,65,95,104
mit_vierlinge,4.1,4.4,35,104,0.3365,0.253,0.4317,0,35,0.0,0.0,0.0989,3,66,95,104
mit_vierlinge,4.1,4.5,35,104,0.3365,0.253,0.4317,0,35,0.0,0.0,0.0989,3,66,95,104
mit_vierlinge,4.1,4.6,33,104,0.3173,0.2357,0.4119,0,33,0.0,0.0,0.1043,3,68,95,104
mit_vierlinge,4.1,4.7,33,104,0.3173,0.2357,0.4119,0,33,0.0,0.0,0.1043,3,68,95,104
mit_vierlinge,4.1,4.8,33,104,0.3173,0.2357,0.4119,0,33,0.0,0.0,0.1043,3,68,95,104
mit_vierlinge,4.1,4.9,33,104,0.3173,0.2357,0.4119,0,33,0.0,0.0,0.1043,3,68,95,104
mit_vierlinge,4.1,5.0,33,104,0.3173,0.2357,0.4119,0,33,0.0,0.0,0.1043,3,68,95,104
mit_vierlinge,4.2,0.0,101,104,0.9712,0.9186,0.9901,8,101,0.0792,0.0407,0.1486,3,0,95,104
mit_vierlinge,4.2,0.1,95,104,0.9135,0.8437,0.9538,6,95,0.0632,0.0293,0.131,3,6,95,104
mit_vierlinge,4.2,0.2,87,104,0.8365,0.7537,0.8954,4,87,0.046,0.018,0.1123,3,14,95,104
mit_vierlinge,4.2,0.3,82,104,0.7885,0.7004,0.8559,2,82,0.0244,0.0067,0.0846,3,19,95,104
mit_vierlinge,4.2,0.4,80,104,0.7692,0.6795,0.8397,2,80,0.025,0.0069,0.0866,3,21,95,104
mit_vierlinge,4.2,0.5,76,104,0.7308,0.6384,0.8067,2,76,0.0263,0.0072,0.091,3,25,95,104
mit_vierlinge,4.2,0.6,73,104,0.7019,0.6081,0.7814,2,73,0.0274,0.0075,0.0945,3,28,95,104
mit_vierlinge,4.2,0.7,70,104,0.6731,0.5782,0.7557,2,70,0.0286,0.0079,0.0983,3,31,95,104
mit_vierlinge,4.2,0.8,68,104,0.6538,0.5584,0.7383,2,68,0.0294,0.0081,0.101,3,33,95,104
mit_vierlinge,4.2,0.9,63,104,0.6058,0.5097,0.6943,2,63,0.0317,0.0087,0.1086,3,38,95,104
mit_vierlinge,4.2,1.0,59,104,0.5673,0.4714,0.6585,2,59,0.0339,0.0093,0.1154,3,42,95,104
mit_vierlinge,4.2,1.1,58,104,0.5577,0.4619,0.6494,2,58,0.0345,0.0095,0.1173,3,43,95,104
mit_vierlinge,4.2,1.2,54,104,0.5192,0.4242,0.6128,2,54,0.037,0.0102,0.1254,3,47,95,104
mit_vierlinge,4.2,1.3,49,104,0.4712,0.378,0.5664,1,49,0.0204,0.0036,0.1069,3,52,95,104
mit_vierlinge,4.2,1.4,48,104,0.4615,0.3688,0.557,1,48,0.0208,0.0037,0.109,3,53,95,104
mit_vierlinge,4.2,1.5,47,104,0.4519,0.3597,0.5476,1,47,0.0213,0.0038,0.1111,3,54,95,104
mit_vierlinge,4.2,1.6,46,104,0.4423,0.3506,0.5381,1,46,0.0217,0.0038,0.1134,3,55,95,104
mit_vierlinge,4.2,1.7,46,104,0.4423,0.3506,0.5381,1,46,0.0217,0.0038,0.1134,3,55,95,104
mit_vierlinge,4.2,1.8,46,104,0.4423,0.3506,0.5381,1,46,0.0217,0.0038,0.1134,3,55,95,104
mit_vierlinge,4.2,1.9,46,104,0.4423,0.3506,0.5381,1,46,0.0217,0.0038,0.1134,3,55,95,104
mit_vierlinge,4.2,2.0,45,104,0.4327,0.3415,0.5286,0,45,0.0,0.0,0.0787,3,56,95,104
mit_vierlinge,4.2,2.1,44,104,0.4231,0.3325,0.5191,0,44,0.0,0.0,0.0803,3,57,95,104
mit_vierlinge,4.2,2.2,43,104,0.4135,0.3235,0.5095,0,43,0.0,0.0,0.082,3,58,95,104
mit_vierlinge,4.2,2.3,42,104,0.4038,0.3146,0.4999,0,42,0.0,0.0,0.0838,3,59,95,104
mit_vierlinge,4.2,2.4,42,104,0.4038,0.3146,0.4999,0,42,0.0,0.0,0.0838,3,59,95,104
mit_vierlinge,4.2,2.5,42,104,0.4038,0.3146,0.4999,0,42,0.0,0.0,0.0838,3,59,95,104
mit_vierlinge,4.2,2.6,42,104,0.4038,0.3146,0.4999,0,42,0.0,0.0,0.0838,3,59,95,104
mit_vierlinge,4.2,2.7,41,104,0.3942,0.3057,0.4903,0,41,0.0,0.0,0.0857,3,60,95,104
mit_vierlinge,4.2,2.8,40,104,0.3846,0.2968,0.4806,0,40,0.0,0.0,0.0876,3,61,95,104
mit_vierlinge,4.2,2.9,40,104,0.3846,0.2968,0.4806,0,40,0.0,0.0,0.0876,3,61,95,104
mit_vierlinge,4.2,3.0,40,104,0.3846,0.2968,0.4806,0,40,0.0,0.0,0.0876,3,61,95,104
mit_vierlinge,4.2,3.1,40,104,0.3846,0.2968,0.4806,0,40,0.0,0.0,0.0876,3,61,95,104
mit_vierlinge,4.2,3.2,40,104,0.3846,0.2968,0.4806,0,40,0.0,0.0,0.0876,3,61,95,104
mit_vierlinge,4.2,3.3,40,104,0.3846,0.2968,0.4806,0,40,0.0,0.0,0.0876,3,61,95,104
mit_vierlinge,4.2,3.4,39,104,0.375,0.288,0.4709,0,39,0.0,0.0,0.0897,3,62,95,104
mit_vierlinge,4.2,3.5,39,104,0.375,0.288,0.4709,0,39,0.0,0.0,0.0897,3,62,95,104
mit_vierlinge,4.2,3.6,39,104,0.375,0.288,0.4709,0,39,0.0,0.0,0.0897,3,62,95,104
mit_vierlinge,4.2,3.7,37,104,0.3558,0.2704,0.4514,0,37,0.0,0.0,0.0941,3,64,95,104
mit_vierlinge,4.2,3.8,37,104,0.3558,0.2704,0.4514,0,37,0.0,0.0,0.0941,3,64,95,104
mit_vierlinge,4.2,3.9,37,104,0.3558,0.2704,0.4514,0,37,0.0,0.0,0.0941,3,64,95,104
mit_vierlinge,4.2,4.0,37,104,0.3558,0.2704,0.4514,0,37,0.0,0.0,0.0941,3,64,95,104
mit_vierlinge,4.2,4.1,37,104,0.3558,0.2704,0.4514,0,37,0.0,0.0,0.0941,3,64,95,104
mit_vierlinge,4.2,4.2,37,104,0.3558,0.2704,0.4514,0,37,0.0,0.0,0.0941,3,64,95,104
mit_vierlinge,4.2,4.3,36,104,0.3462,0.2617,0.4416,0,36,0.0,0.0,0.0964,3,65,95,104
mit_vierlinge,4.2,4.4,35,104,0.3365,0.253,0.4317,0,35,0.0,0.0,0.0989,3,66,95,104
mit_vierlinge,4.2,4.5,35,104,0.3365,0.253,0.4317,0,35,0.0,0.0,0.0989,3,66,95,104
mit_vierlinge,4.2,4.6,33,104,0.3173,0.2357,0.4119,0,33,0.0,0.0,0.1043,3,68,95,104
mit_vierlinge,4.2,4.7,33,104,0.3173,0.2357,0.4119,0,33,0.0,0.0,0.1043,3,68,95,104
mit_vierlinge,4.2,4.8,33,104,0.3173,0.2357,0.4119,0,33,0.0,0.0,0.1043,3,68,95,104
mit_vierlinge,4.2,4.9,33,104,0.3173,0.2357,0.4119,0,33,0.0,0.0,0.1043,3,68,95,104
mit_vierlinge,4.2,5.0,33,104,0.3173,0.2357,0.4119,0,33,0.0,0.0,0.1043,3,68,95,104
mit_vierlinge,4.3,0.0,102,104,0.9808,0.9326,0.9947,8,102,0.0784,0.0403,0.1472,2,0,95,104
mit_vierlinge,4.3,0.1,96,104,0.9231,0.8555,0.9605,6,96,0.0625,0.029,0.1297,2,6,95,104
mit_vierlinge,4.3,0.2,88,104,0.8462,0.7646,0.903,4,88,0.0455,0.0178,0.1111,2,14,95,104
mit_vierlinge,4.3,0.3,83,104,0.7981,0.711,0.864,2,83,0.0241,0.0066,0.0837,2,19,95,104
mit_vierlinge,4.3,0.4,81,104,0.7788,0.69,0.8479,2,81,0.0247,0.0068,0.0856,2,21,95,104
mit_vierlinge,4.3,0.5,77,104,0.7404,0.6486,0.815,2,77,0.026,0.0072,0.0898,2,25,95,104
mit_vierlinge,4.3,0.6,74,104,0.7115,0.6182,0.7898,2,74,0.027,0.0074,0.0933,2,28,95,104
mit_vierlinge,4.3,0.7,71,104,0.6827,0.5881,0.7643,2,71,0.0282,0.0078,0.097,2,31,95,104
mit_vierlinge,4.3,0.8,69,104,0.6635,0.5683,0.747,2,69,0.029,0.008,0.0997,2,33,95,104
mit_vierlinge,4.3,0.9,64,104,0.6154,0.5194,0.7032,2,64,0.0312,0.0086,0.107,2,38,95,104
mit_vierlinge,4.3,1.0,60,104,0.5769,0.4809,0.6675,2,60,0.0333,0.0092,0.1136,2,42,95,104
mit_vierlinge,4.3,1.1,59,104,0.5673,0.4714,0.6585,2,59,0.0339,0.0093,0.1154,2,43,95,104
mit_vierlinge,4.3,1.2,55,104,0.5288,0.4336,0.622,2,55,0.0364,0.01,0.1232,2,47,95,104
mit_vierlinge,4.3,1.3,50,104,0.4808,0.3872,0.5758,1,50,0.02,0.0035,0.105,2,52,95,104
mit_vierlinge,4.3,1.4,49,104,0.4712,0.378,0.5664,1,49,0.0204,0.0036,0.1069,2,53,95,104
mit_vierlinge,4.3,1.5,48,104,0.4615,0.3688,0.557,1,48,0.0208,0.0037,0.109,2,54,95,104
mit_vierlinge,4.3,1.6,47,104,0.4519,0.3597,0.5476,1,47,0.0213,0.0038,0.1111,2,55,95,104
mit_vierlinge,4.3,1.7,47,104,0.4519,0.3597,0.5476,1,47,0.0213,0.0038,0.1111,2,55,95,104
mit_vierlinge,4.3,1.8,47,104,0.4519,0.3597,0.5476,1,47,0.0213,0.0038,0.1111,2,55,95,104
mit_vierlinge,4.3,1.9,47,104,0.4519,0.3597,0.5476,1,47,0.0213,0.0038,0.1111,2,55,95,104
mit_vierlinge,4.3,2.0,46,104,0.4423,0.3506,0.5381,0,46,0.0,0.0,0.0771,2,56,95,104
mit_vierlinge,4.3,2.1,45,104,0.4327,0.3415,0.5286,0,45,0.0,0.0,0.0787,2,57,95,104
mit_vierlinge,4.3,2.2,44,104,0.4231,0.3325,0.5191,0,44,0.0,0.0,0.0803,2,58,95,104
mit_vierlinge,4.3,2.3,43,104,0.4135,0.3235,0.5095,0,43,0.0,0.0,0.082,2,59,95,104
mit_vierlinge,4.3,2.4,43,104,0.4135,0.3235,0.5095,0,43,0.0,0.0,0.082,2,59,95,104
mit_vierlinge,4.3,2.5,42,104,0.4038,0.3146,0.4999,0,42,0.0,0.0,0.0838,2,60,95,104
mit_vierlinge,4.3,2.6,42,104,0.4038,0.3146,0.4999,0,42,0.0,0.0,0.0838,2,60,95,104
mit_vierlinge,4.3,2.7,41,104,0.3942,0.3057,0.4903,0,41,0.0,0.0,0.0857,2,61,95,104
mit_vierlinge,4.3,2.8,40,104,0.3846,0.2968,0.4806,0,40,0.0,0.0,0.0876,2,62,95,104
mit_vierlinge,4.3,2.9,40,104,0.3846,0.2968,0.4806,0,40,0.0,0.0,0.0876,2,62,95,104
mit_vierlinge,4.3,3.0,40,104,0.3846,0.2968,0.4806,0,40,0.0,0.0,0.0876,2,62,95,104
mit_vierlinge,4.3,3.1,40,104,0.3846,0.2968,0.4806,0,40,0.0,0.0,0.0876,2,62,95,104
mit_vierlinge,4.3,3.2,40,104,0.3846,0.2968,0.4806,0,40,0.0,0.0,0.0876,2,62,95,104
mit_vierlinge,4.3,3.3,40,104,0.3846,0.2968,0.4806,0,40,0.0,0.0,0.0876,2,62,95,104
mit_vierlinge,4.3,3.4,39,104,0.375,0.288,0.4709,0,39,0.0,0.0,0.0897,2,63,95,104
mit_vierlinge,4.3,3.5,39,104,0.375,0.288,0.4709,0,39,0.0,0.0,0.0897,2,63,95,104
mit_vierlinge,4.3,3.6,39,104,0.375,0.288,0.4709,0,39,0.0,0.0,0.0897,2,63,95,104
mit_vierlinge,4.3,3.7,37,104,0.3558,0.2704,0.4514,0,37,0.0,0.0,0.0941,2,65,95,104
mit_vierlinge,4.3,3.8,37,104,0.3558,0.2704,0.4514,0,37,0.0,0.0,0.0941,2,65,95,104
mit_vierlinge,4.3,3.9,37,104,0.3558,0.2704,0.4514,0,37,0.0,0.0,0.0941,2,65,95,104
mit_vierlinge,4.3,4.0,37,104,0.3558,0.2704,0.4514,0,37,0.0,0.0,0.0941,2,65,95,104
mit_vierlinge,4.3,4.1,37,104,0.3558,0.2704,0.4514,0,37,0.0,0.0,0.0941,2,65,95,104
mit_vierlinge,4.3,4.2,37,104,0.3558,0.2704,0.4514,0,37,0.0,0.0,0.0941,2,65,95,104
mit_vierlinge,4.3,4.3,36,104,0.3462,0.2617,0.4416,0,36,0.0,0.0,0.0964,2,66,95,104
mit_vierlinge,4.3,4.4,35,104,0.3365,0.253,0.4317,0,35,0.0,0.0,0.0989,2,67,95,104
mit_vierlinge,4.3,4.5,35,104,0.3365,0.253,0.4317,0,35,0.0,0.0,0.0989,2,67,95,104
mit_vierlinge,4.3,4.6,33,104,0.3173,0.2357,0.4119,0,33,0.0,0.0,0.1043,2,69,95,104
mit_vierlinge,4.3,4.7,33,104,0.3173,0.2357,0.4119,0,33,0.0,0.0,0.1043,2,69,95,104
mit_vierlinge,4.3,4.8,33,104,0.3173,0.2357,0.4119,0,33,0.0,0.0,0.1043,2,69,95,104
mit_vierlinge,4.3,4.9,33,104,0.3173,0.2357,0.4119,0,33,0.0,0.0,0.1043,2,69,95,104
mit_vierlinge,4.3,5.0,33,104,0.3173,0.2357,0.4119,0,33,0.0,0.0,0.1043,2,69,95,104
mit_vierlinge,4.4,0.0,102,104,0.9808,0.9326,0.9947,8,102,0.0784,0.0403,0.1472,2,0,95,104
mit_vierlinge,4.4,0.1,96,104,0.9231,0.8555,0.9605,6,96,0.0625,0.029,0.1297,2,6,95,104
mit_vierlinge,4.4,0.2,88,104,0.8462,0.7646,0.903,4,88,0.0455,0.0178,0.1111,2,14,95,104
mit_vierlinge,4.4,0.3,83,104,0.7981,0.711,0.864,2,83,0.0241,0.0066,0.0837,2,19,95,104
mit_vierlinge,4.4,0.4,81,104,0.7788,0.69,0.8479,2,81,0.0247,0.0068,0.0856,2,21,95,104
mit_vierlinge,4.4,0.5,77,104,0.7404,0.6486,0.815,2,77,0.026,0.0072,0.0898,2,25,95,104
mit_vierlinge,4.4,0.6,74,104,0.7115,0.6182,0.7898,2,74,0.027,0.0074,0.0933,2,28,95,104
mit_vierlinge,4.4,0.7,71,104,0.6827,0.5881,0.7643,2,71,0.0282,0.0078,0.097,2,31,95,104
mit_vierlinge,4.4,0.8,69,104,0.6635,0.5683,0.747,2,69,0.029,0.008,0.0997,2,33,95,104
mit_vierlinge,4.4,0.9,64,104,0.6154,0.5194,0.7032,2,64,0.0312,0.0086,0.107,2,38,95,104
mit_vierlinge,4.4,1.0,60,104,0.5769,0.4809,0.6675,2,60,0.0333,0.0092,0.1136,2,42,95,104
mit_vierlinge,4.4,1.1,59,104,0.5673,0.4714,0.6585,2,59,0.0339,0.0093,0.1154,2,43,95,104
mit_vierlinge,4.4,1.2,55,104,0.5288,0.4336,0.622,2,55,0.0364,0.01,0.1232,2,47,95,104
mit_vierlinge,4.4,1.3,50,104,0.4808,0.3872,0.5758,1,50,0.02,0.0035,0.105,2,52,95,104
mit_vierlinge,4.4,1.4,49,104,0.4712,0.378,0.5664,1,49,0.0204,0.0036,0.1069,2,53,95,104
mit_vierlinge,4.4,1.5,48,104,0.4615,0.3688,0.557,1,48,0.0208,0.0037,0.109,2,54,95,104
mit_vierlinge,4.4,1.6,47,104,0.4519,0.3597,0.5476,1,47,0.0213,0.0038,0.1111,2,55,95,104
mit_vierlinge,4.4,1.7,47,104,0.4519,0.3597,0.5476,1,47,0.0213,0.0038,0.1111,2,55,95,104
mit_vierlinge,4.4,1.8,47,104,0.4519,0.3597,0.5476,1,47,0.0213,0.0038,0.1111,2,55,95,104
mit_vierlinge,4.4,1.9,47,104,0.4519,0.3597,0.5476,1,47,0.0213,0.0038,0.1111,2,55,95,104
mit_vierlinge,4.4,2.0,46,104,0.4423,0.3506,0.5381,0,46,0.0,0.0,0.0771,2,56,95,104
mit_vierlinge,4.4,2.1,45,104,0.4327,0.3415,0.5286,0,45,0.0,0.0,0.0787,2,57,95,104
mit_vierlinge,4.4,2.2,44,104,0.4231,0.3325,0.5191,0,44,0.0,0.0,0.0803,2,58,95,104
mit_vierlinge,4.4,2.3,43,104,0.4135,0.3235,0.5095,0,43,0.0,0.0,0.082,2,59,95,104
mit_vierlinge,4.4,2.4,43,104,0.4135,0.3235,0.5095,0,43,0.0,0.0,0.082,2,59,95,104
mit_vierlinge,4.4,2.5,42,104,0.4038,0.3146,0.4999,0,42,0.0,0.0,0.0838,2,60,95,104
mit_vierlinge,4.4,2.6,42,104,0.4038,0.3146,0.4999,0,42,0.0,0.0,0.0838,2,60,95,104
mit_vierlinge,4.4,2.7,41,104,0.3942,0.3057,0.4903,0,41,0.0,0.0,0.0857,2,61,95,104
mit_vierlinge,4.4,2.8,40,104,0.3846,0.2968,0.4806,0,40,0.0,0.0,0.0876,2,62,95,104
mit_vierlinge,4.4,2.9,40,104,0.3846,0.2968,0.4806,0,40,0.0,0.0,0.0876,2,62,95,104
mit_vierlinge,4.4,3.0,40,104,0.3846,0.2968,0.4806,0,40,0.0,0.0,0.0876,2,62,95,104
mit_vierlinge,4.4,3.1,40,104,0.3846,0.2968,0.4806,0,40,0.0,0.0,0.0876,2,62,95,104
mit_vierlinge,4.4,3.2,40,104,0.3846,0.2968,0.4806,0,40,0.0,0.0,0.0876,2,62,95,104
mit_vierlinge,4.4,3.3,40,104,0.3846,0.2968,0.4806,0,40,0.0,0.0,0.0876,2,62,95,104
mit_vierlinge,4.4,3.4,39,104,0.375,0.288,0.4709,0,39,0.0,0.0,0.0897,2,63,95,104
mit_vierlinge,4.4,3.5,39,104,0.375,0.288,0.4709,0,39,0.0,0.0,0.0897,2,63,95,104
mit_vierlinge,4.4,3.6,39,104,0.375,0.288,0.4709,0,39,0.0,0.0,0.0897,2,63,95,104
mit_vierlinge,4.4,3.7,37,104,0.3558,0.2704,0.4514,0,37,0.0,0.0,0.0941,2,65,95,104
mit_vierlinge,4.4,3.8,37,104,0.3558,0.2704,0.4514,0,37,0.0,0.0,0.0941,2,65,95,104
mit_vierlinge,4.4,3.9,37,104,0.3558,0.2704,0.4514,0,37,0.0,0.0,0.0941,2,65,95,104
mit_vierlinge,4.4,4.0,37,104,0.3558,0.2704,0.4514,0,37,0.0,0.0,0.0941,2,65,95,104
mit_vierlinge,4.4,4.1,37,104,0.3558,0.2704,0.4514,0,37,0.0,0.0,0.0941,2,65,95,104
mit_vierlinge,4.4,4.2,37,104,0.3558,0.2704,0.4514,0,37,0.0,0.0,0.0941,2,65,95,104
mit_vierlinge,4.4,4.3,36,104,0.3462,0.2617,0.4416,0,36,0.0,0.0,0.0964,2,66,95,104
mit_vierlinge,4.4,4.4,35,104,0.3365,0.253,0.4317,0,35,0.0,0.0,0.0989,2,67,95,104
mit_vierlinge,4.4,4.5,35,104,0.3365,0.253,0.4317,0,35,0.0,0.0,0.0989,2,67,95,104
mit_vierlinge,4.4,4.6,33,104,0.3173,0.2357,0.4119,0,33,0.0,0.0,0.1043,2,69,95,104
mit_vierlinge,4.4,4.7,33,104,0.3173,0.2357,0.4119,0,33,0.0,0.0,0.1043,2,69,95,104
mit_vierlinge,4.4,4.8,33,104,0.3173,0.2357,0.4119,0,33,0.0,0.0,0.1043,2,69,95,104
mit_vierlinge,4.4,4.9,33,104,0.3173,0.2357,0.4119,0,33,0.0,0.0,0.1043,2,69,95,104
mit_vierlinge,4.4,5.0,33,104,0.3173,0.2357,0.4119,0,33,0.0,0.0,0.1043,2,69,95,104
mit_vierlinge,4.5,0.0,103,104,0.9904,0.9475,0.9983,8,103,0.0777,0.0399,0.1458,1,0,95,104
mit_vierlinge,4.5,0.1,97,104,0.9327,0.8675,0.967,6,97,0.0619,0.0287,0.1284,1,6,95,104
mit_vierlinge,4.5,0.2,89,104,0.8558,0.7756,0.9106,4,89,0.0449,0.0176,0.1099,1,14,95,104
mit_vierlinge,4.5,0.3,84,104,0.8077,0.7215,0.8719,2,84,0.0238,0.0066,0.0827,1,19,95,104
mit_vierlinge,4.5,0.4,82,104,0.7885,0.7004,0.8559,2,82,0.0244,0.0067,0.0846,1,21,95,104
mit_vierlinge,4.5,0.5,78,104,0.75,0.6589,0.8233,2,78,0.0256,0.0071,0.0888,1,25,95,104
mit_vierlinge,4.5,0.6,75,104,0.7212,0.6283,0.7983,2,75,0.0267,0.0073,0.0921,1,28,95,104
mit_vierlinge,4.5,0.7,72,104,0.6923,0.5981,0.7728,2,72,0.0278,0.0077,0.0957,1,31,95,104
mit_vierlinge,4.5,0.8,70,104,0.6731,0.5782,0.7557,2,70,0.0286,0.0079,0.0983,1,33,95,104
mit_vierlinge,4.5,0.9,65,104,0.625,0.5291,0.712,2,65,0.0308,0.0085,0.1054,1,38,95,104
mit_vierlinge,4.5,1.0,61,104,0.5865,0.4905,0.6765,2,61,0.0328,0.009,0.1119,1,42,95,104
mit_vierlinge,4.5,1.1,60,104,0.5769,0.4809,0.6675,2,60,0.0333,0.0092,0.1136,1,43,95,104
mit_vierlinge,4.5,1.2,56,104,0.5385,0.443,0.6312,2,56,0.0357,0.0098,0.1212,1,47,95,104
mit_vierlinge,4.5,1.3,51,104,0.4904,0.3964,0.5851,1,51,0.0196,0.0035,0.103,1,52,95,104
mit_vierlinge,4.5,1.4,50,104,0.4808,0.3872,0.5758,1,50,0.02,0.0035,0.105,1,53,95,104
mit_vierlinge,4.5,1.5,49,104,0.4712,0.378,0.5664,1,49,0.0204,0.0036,0.1069,1,54,95,104
mit_vierlinge,4.5,1.6,48,104,0.4615,0.3688,0.557,1,48,0.0208,0.0037,0.109,1,55,95,104
mit_vierlinge,4.5,1.7,48,104,0.4615,0.3688,0.557,1,48,0.0208,0.0037,0.109,1,55,95,104
mit_vierlinge,4.5,1.8,48,104,0.4615,0.3688,0.557,1,48,0.0208,0.0037,0.109,1,55,95,104
mit_vierlinge,4.5,1.9,48,104,0.4615,0.3688,0.557,1,48,0.0208,0.0037,0.109,1,55,95,104
mit_vierlinge,4.5,2.0,47,104,0.4519,0.3597,0.5476,0,47,0.0,0.0,0.0756,1,56,95,104
mit_vierlinge,4.5,2.1,46,104,0.4423,0.3506,0.5381,0,46,0.0,0.0,0.0771,1,57,95,104
mit_vierlinge,4.5,2.2,45,104,0.4327,0.3415,0.5286,0,45,0.0,0.0,0.0787,1,58,95,104
mit_vierlinge,4.5,2.3,44,104,0.4231,0.3325,0.5191,0,44,0.0,0.0,0.0803,1,59,95,104
mit_vierlinge,4.5,2.4,44,104,0.4231,0.3325,0.5191,0,44,0.0,0.0,0.0803,1,59,95,104
mit_vierlinge,4.5,2.5,43,104,0.4135,0.3235,0.5095,0,43,0.0,0.0,0.082,1,60,95,104
mit_vierlinge,4.5,2.6,43,104,0.4135,0.3235,0.5095,0,43,0.0,0.0,0.082,1,60,95,104
mit_vierlinge,4.5,2.7,42,104,0.4038,0.3146,0.4999,0,42,0.0,0.0,0.0838,1,61,95,104
mit_vierlinge,4.5,2.8,41,104,0.3942,0.3057,0.4903,0,41,0.0,0.0,0.0857,1,62,95,104
mit_vierlinge,4.5,2.9,41,104,0.3942,0.3057,0.4903,0,41,0.0,0.0,0.0857,1,62,95,104
mit_vierlinge,4.5,3.0,41,104,0.3942,0.3057,0.4903,0,41,0.0,0.0,0.0857,1,62,95,104
mit_vierlinge,4.5,3.1,41,104,0.3942,0.3057,0.4903,0,41,0.0,0.0,0.0857,1,62,95,104
mit_vierlinge,4.5,3.2,41,104,0.3942,0.3057,0.4903,0,41,0.0,0.0,0.0857,1,62,95,104
mit_vierlinge,4.5,3.3,41,104,0.3942,0.3057,0.4903,0,41,0.0,0.0,0.0857,1,62,95,104
mit_vierlinge,4.5,3.4,40,104,0.3846,0.2968,0.4806,0,40,0.0,0.0,0.0876,1,63,95,104
mit_vierlinge,4.5,3.5,40,104,0.3846,0.2968,0.4806,0,40,0.0,0.0,0.0876,1,63,95,104
mit_vierlinge,4.5,3.6,40,104,0.3846,0.2968,0.4806,0,40,0.0,0.0,0.0876,1,63,95,104
mit_vierlinge,4.5,3.7,38,104,0.3654,0.2792,0.4612,0,38,0.0,0.0,0.0918,1,65,95,104
mit_vierlinge,4.5,3.8,38,104,0.3654,0.2792,0.4612,0,38,0.0,0.0,0.0918,1,65,95,104
mit_vierlinge,4.5,3.9,38,104,0.3654,0.2792,0.4612,0,38,0.0,0.0,0.0918,1,65,95,104
mit_vierlinge,4.5,4.0,38,104,0.3654,0.2792,0.4612,0,38,0.0,0.0,0.0918,1,65,95,104
mit_vierlinge,4.5,4.1,38,104,0.3654,0.2792,0.4612,0,38,0.0,0.0,0.0918,1,65,95,104
mit_vierlinge,4.5,4.2,38,104,0.3654,0.2792,0.4612,0,38,0.0,0.0,0.0918,1,65,95,104
mit_vierlinge,4.5,4.3,37,104,0.3558,0.2704,0.4514,0,37,0.0,0.0,0.0941,1,66,95,104
mit_vierlinge,4.5,4.4,36,104,0.3462,0.2617,0.4416,0,36,0.0,0.0,0.0964,1,67,95,104
mit_vierlinge,4.5,4.5,36,104,0.3462,0.2617,0.4416,0,36,0.0,0.0,0.0964,1,67,95,104
mit_vierlinge,4.5,4.6,34,104,0.3269,0.2443,0.4218,0,34,0.0,0.0,0.1015,1,69,95,104
mit_vierlinge,4.5,4.7,34,104,0.3269,0.2443,0.4218,0,34,0.0,0.0,0.1015,1,69,95,104
mit_vierlinge,4.5,4.8,34,104,0.3269,0.2443,0.4218,0,34,0.0,0.0,0.1015,1,69,95,104
mit_vierlinge,4.5,4.9,34,104,0.3269,0.2443,0.4218,0,34,0.0,0.0,0.1015,1,69,95,104
mit_vierlinge,4.5,5.0,34,104,0.3269,0.2443,0.4218,0,34,0.0,0.0,0.1015,1,69,95,104
mit_vierlinge,4.6,0.0,103,104,0.9904,0.9475,0.9983,8,103,0.0777,0.0399,0.1458,1,0,95,104
mit_vierlinge,4.6,0.1,97,104,0.9327,0.8675,0.967,6,97,0.0619,0.0287,0.1284,1,6,95,104
mit_vierlinge,4.6,0.2,89,104,0.8558,0.7756,0.9106,4,89,0.0449,0.0176,0.1099,1,14,95,104
mit_vierlinge,4.6,0.3,84,104,0.8077,0.7215,0.8719,2,84,0.0238,0.0066,0.0827,1,19,95,104
mit_vierlinge,4.6,0.4,82,104,0.7885,0.7004,0.8559,2,82,0.0244,0.0067,0.0846,1,21,95,104
mit_vierlinge,4.6,0.5,78,104,0.75,0.6589,0.8233,2,78,0.0256,0.0071,0.0888,1,25,95,104
mit_vierlinge,4.6,0.6,75,104,0.7212,0.6283,0.7983,2,75,0.0267,0.0073,0.0921,1,28,95,104
mit_vierlinge,4.6,0.7,72,104,0.6923,0.5981,0.7728,2,72,0.0278,0.0077,0.0957,1,31,95,104
mit_vierlinge,4.6,0.8,70,104,0.6731,0.5782,0.7557,2,70,0.0286,0.0079,0.0983,1,33,95,104
mit_vierlinge,4.6,0.9,65,104,0.625,0.5291,0.712,2,65,0.0308,0.0085,0.1054,1,38,95,104
mit_vierlinge,4.6,1.0,61,104,0.5865,0.4905,0.6765,2,61,0.0328,0.009,0.1119,1,42,95,104
mit_vierlinge,4.6,1.1,60,104,0.5769,0.4809,0.6675,2,60,0.0333,0.0092,0.1136,1,43,95,104
mit_vierlinge,4.6,1.2,56,104,0.5385,0.443,0.6312,2,56,0.0357,0.0098,0.1212,1,47,95,104
mit_vierlinge,4.6,1.3,51,104,0.4904,0.3964,0.5851,1,51,0.0196,0.0035,0.103,1,52,95,104
mit_vierlinge,4.6,1.4,50,104,0.4808,0.3872,0.5758,1,50,0.02,0.0035,0.105,1,53,95,104
mit_vierlinge,4.6,1.5,49,104,0.4712,0.378,0.5664,1,49,0.0204,0.0036,0.1069,1,54,95,104
mit_vierlinge,4.6,1.6,48,104,0.4615,0.3688,0.557,1,48,0.0208,0.0037,0.109,1,55,95,104
mit_vierlinge,4.6,1.7,48,104,0.4615,0.3688,0.557,1,48,0.0208,0.0037,0.109,1,55,95,104
mit_vierlinge,4.6,1.8,48,104,0.4615,0.3688,0.557,1,48,0.0208,0.0037,0.109,1,55,95,104
mit_vierlinge,4.6,1.9,48,104,0.4615,0.3688,0.557,1,48,0.0208,0.0037,0.109,1,55,95,104
mit_vierlinge,4.6,2.0,47,104,0.4519,0.3597,0.5476,0,47,0.0,0.0,0.0756,1,56,95,104
mit_vierlinge,4.6,2.1,46,104,0.4423,0.3506,0.5381,0,46,0.0,0.0,0.0771,1,57,95,104
mit_vierlinge,4.6,2.2,45,104,0.4327,0.3415,0.5286,0,45,0.0,0.0,0.0787,1,58,95,104
mit_vierlinge,4.6,2.3,44,104,0.4231,0.3325,0.5191,0,44,0.0,0.0,0.0803,1,59,95,104
mit_vierlinge,4.6,2.4,44,104,0.4231,0.3325,0.5191,0,44,0.0,0.0,0.0803,1,59,95,104
mit_vierlinge,4.6,2.5,43,104,0.4135,0.3235,0.5095,0,43,0.0,0.0,0.082,1,60,95,104
mit_vierlinge,4.6,2.6,43,104,0.4135,0.3235,0.5095,0,43,0.0,0.0,0.082,1,60,95,104
mit_vierlinge,4.6,2.7,42,104,0.4038,0.3146,0.4999,0,42,0.0,0.0,0.0838,1,61,95,104
mit_vierlinge,4.6,2.8,41,104,0.3942,0.3057,0.4903,0,41,0.0,0.0,0.0857,1,62,95,104
mit_vierlinge,4.6,2.9,41,104,0.3942,0.3057,0.4903,0,41,0.0,0.0,0.0857,1,62,95,104
mit_vierlinge,4.6,3.0,41,104,0.3942,0.3057,0.4903,0,41,0.0,0.0,0.0857,1,62,95,104
mit_vierlinge,4.6,3.1,41,104,0.3942,0.3057,0.4903,0,41,0.0,0.0,0.0857,1,62,95,104
mit_vierlinge,4.6,3.2,41,104,0.3942,0.3057,0.4903,0,41,0.0,0.0,0.0857,1,62,95,104
mit_vierlinge,4.6,3.3,41,104,0.3942,0.3057,0.4903,0,41,0.0,0.0,0.0857,1,62,95,104
mit_vierlinge,4.6,3.4,40,104,0.3846,0.2968,0.4806,0,40,0.0,0.0,0.0876,1,63,95,104
mit_vierlinge,4.6,3.5,40,104,0.3846,0.2968,0.4806,0,40,0.0,0.0,0.0876,1,63,95,104
mit_vierlinge,4.6,3.6,40,104,0.3846,0.2968,0.4806,0,40,0.0,0.0,0.0876,1,63,95,104
mit_vierlinge,4.6,3.7,38,104,0.3654,0.2792,0.4612,0,38,0.0,0.0,0.0918,1,65,95,104
mit_vierlinge,4.6,3.8,38,104,0.3654,0.2792,0.4612,0,38,0.0,0.0,0.0918,1,65,95,104
mit_vierlinge,4.6,3.9,38,104,0.3654,0.2792,0.4612,0,38,0.0,0.0,0.0918,1,65,95,104
mit_vierlinge,4.6,4.0,38,104,0.3654,0.2792,0.4612,0,38,0.0,0.0,0.0918,1,65,95,104
mit_vierlinge,4.6,4.1,38,104,0.3654,0.2792,0.4612,0,38,0.0,0.0,0.0918,1,65,95,104
mit_vierlinge,4.6,4.2,38,104,0.3654,0.2792,0.4612,0,38,0.0,0.0,0.0918,1,65,95,104
mit_vierlinge,4.6,4.3,37,104,0.3558,0.2704,0.4514,0,37,0.0,0.0,0.0941,1,66,95,104
mit_vierlinge,4.6,4.4,36,104,0.3462,0.2617,0.4416,0,36,0.0,0.0,0.0964,1,67,95,104
mit_vierlinge,4.6,4.5,36,104,0.3462,0.2617,0.4416,0,36,0.0,0.0,0.0964,1,67,95,104
mit_vierlinge,4.6,4.6,34,104,0.3269,0.2443,0.4218,0,34,0.0,0.0,0.1015,1,69,95,104
mit_vierlinge,4.6,4.7,34,104,0.3269,0.2443,0.4218,0,34,0.0,0.0,0.1015,1,69,95,104
mit_vierlinge,4.6,4.8,34,104,0.3269,0.2443,0.4218,0,34,0.0,0.0,0.1015,1,69,95,104
mit_vierlinge,4.6,4.9,34,104,0.3269,0.2443,0.4218,0,34,0.0,0.0,0.1015,1,69,95,104
mit_vierlinge,4.6,5.0,34,104,0.3269,0.2443,0.4218,0,34,0.0,0.0,0.1015,1,69,95,104
mit_vierlinge,4.7,0.0,103,104,0.9904,0.9475,0.9983,8,103,0.0777,0.0399,0.1458,1,0,95,104
mit_vierlinge,4.7,0.1,97,104,0.9327,0.8675,0.967,6,97,0.0619,0.0287,0.1284,1,6,95,104
mit_vierlinge,4.7,0.2,89,104,0.8558,0.7756,0.9106,4,89,0.0449,0.0176,0.1099,1,14,95,104
mit_vierlinge,4.7,0.3,84,104,0.8077,0.7215,0.8719,2,84,0.0238,0.0066,0.0827,1,19,95,104
mit_vierlinge,4.7,0.4,82,104,0.7885,0.7004,0.8559,2,82,0.0244,0.0067,0.0846,1,21,95,104
mit_vierlinge,4.7,0.5,78,104,0.75,0.6589,0.8233,2,78,0.0256,0.0071,0.0888,1,25,95,104
mit_vierlinge,4.7,0.6,75,104,0.7212,0.6283,0.7983,2,75,0.0267,0.0073,0.0921,1,28,95,104
mit_vierlinge,4.7,0.7,72,104,0.6923,0.5981,0.7728,2,72,0.0278,0.0077,0.0957,1,31,95,104
mit_vierlinge,4.7,0.8,70,104,0.6731,0.5782,0.7557,2,70,0.0286,0.0079,0.0983,1,33,95,104
mit_vierlinge,4.7,0.9,65,104,0.625,0.5291,0.712,2,65,0.0308,0.0085,0.1054,1,38,95,104
mit_vierlinge,4.7,1.0,61,104,0.5865,0.4905,0.6765,2,61,0.0328,0.009,0.1119,1,42,95,104
mit_vierlinge,4.7,1.1,60,104,0.5769,0.4809,0.6675,2,60,0.0333,0.0092,0.1136,1,43,95,104
mit_vierlinge,4.7,1.2,56,104,0.5385,0.443,0.6312,2,56,0.0357,0.0098,0.1212,1,47,95,104
mit_vierlinge,4.7,1.3,51,104,0.4904,0.3964,0.5851,1,51,0.0196,0.0035,0.103,1,52,95,104
mit_vierlinge,4.7,1.4,50,104,0.4808,0.3872,0.5758,1,50,0.02,0.0035,0.105,1,53,95,104
mit_vierlinge,4.7,1.5,49,104,0.4712,0.378,0.5664,1,49,0.0204,0.0036,0.1069,1,54,95,104
mit_vierlinge,4.7,1.6,48,104,0.4615,0.3688,0.557,1,48,0.0208,0.0037,0.109,1,55,95,104
mit_vierlinge,4.7,1.7,48,104,0.4615,0.3688,0.557,1,48,0.0208,0.0037,0.109,1,55,95,104
mit_vierlinge,4.7,1.8,48,104,0.4615,0.3688,0.557,1,48,0.0208,0.0037,0.109,1,55,95,104
mit_vierlinge,4.7,1.9,48,104,0.4615,0.3688,0.557,1,48,0.0208,0.0037,0.109,1,55,95,104
mit_vierlinge,4.7,2.0,47,104,0.4519,0.3597,0.5476,0,47,0.0,0.0,0.0756,1,56,95,104
mit_vierlinge,4.7,2.1,46,104,0.4423,0.3506,0.5381,0,46,0.0,0.0,0.0771,1,57,95,104
mit_vierlinge,4.7,2.2,45,104,0.4327,0.3415,0.5286,0,45,0.0,0.0,0.0787,1,58,95,104
mit_vierlinge,4.7,2.3,44,104,0.4231,0.3325,0.5191,0,44,0.0,0.0,0.0803,1,59,95,104
mit_vierlinge,4.7,2.4,44,104,0.4231,0.3325,0.5191,0,44,0.0,0.0,0.0803,1,59,95,104
mit_vierlinge,4.7,2.5,43,104,0.4135,0.3235,0.5095,0,43,0.0,0.0,0.082,1,60,95,104
mit_vierlinge,4.7,2.6,43,104,0.4135,0.3235,0.5095,0,43,0.0,0.0,0.082,1,60,95,104
mit_vierlinge,4.7,2.7,42,104,0.4038,0.3146,0.4999,0,42,0.0,0.0,0.0838,1,61,95,104
mit_vierlinge,4.7,2.8,41,104,0.3942,0.3057,0.4903,0,41,0.0,0.0,0.0857,1,62,95,104
mit_vierlinge,4.7,2.9,41,104,0.3942,0.3057,0.4903,0,41,0.0,0.0,0.0857,1,62,95,104
mit_vierlinge,4.7,3.0,41,104,0.3942,0.3057,0.4903,0,41,0.0,0.0,0.0857,1,62,95,104
mit_vierlinge,4.7,3.1,41,104,0.3942,0.3057,0.4903,0,41,0.0,0.0,0.0857,1,62,95,104
mit_vierlinge,4.7,3.2,41,104,0.3942,0.3057,0.4903,0,41,0.0,0.0,0.0857,1,62,95,104
mit_vierlinge,4.7,3.3,41,104,0.3942,0.3057,0.4903,0,41,0.0,0.0,0.0857,1,62,95,104
mit_vierlinge,4.7,3.4,40,104,0.3846,0.2968,0.4806,0,40,0.0,0.0,0.0876,1,63,95,104
mit_vierlinge,4.7,3.5,40,104,0.3846,0.2968,0.4806,0,40,0.0,0.0,0.0876,1,63,95,104
mit_vierlinge,4.7,3.6,40,104,0.3846,0.2968,0.4806,0,40,0.0,0.0,0.0876,1,63,95,104
mit_vierlinge,4.7,3.7,38,104,0.3654,0.2792,0.4612,0,38,0.0,0.0,0.0918,1,65,95,104
mit_vierlinge,4.7,3.8,38,104,0.3654,0.2792,0.4612,0,38,0.0,0.0,0.0918,1,65,95,104
mit_vierlinge,4.7,3.9,38,104,0.3654,0.2792,0.4612,0,38,0.0,0.0,0.0918,1,65,95,104
mit_vierlinge,4.7,4.0,38,104,0.3654,0.2792,0.4612,0,38,0.0,0.0,0.0918,1,65,95,104
mit_vierlinge,4.7,4.1,38,104,0.3654,0.2792,0.4612,0,38,0.0,0.0,0.0918,1,65,95,104
mit_vierlinge,4.7,4.2,38,104,0.3654,0.2792,0.4612,0,38,0.0,0.0,0.0918,1,65,95,104
mit_vierlinge,4.7,4.3,37,104,0.3558,0.2704,0.4514,0,37,0.0,0.0,0.0941,1,66,95,104
mit_vierlinge,4.7,4.4,36,104,0.3462,0.2617,0.4416,0,36,0.0,0.0,0.0964,1,67,95,104
mit_vierlinge,4.7,4.5,36,104,0.3462,0.2617,0.4416,0,36,0.0,0.0,0.0964,1,67,95,104
mit_vierlinge,4.7,4.6,34,104,0.3269,0.2443,0.4218,0,34,0.0,0.0,0.1015,1,69,95,104
mit_vierlinge,4.7,4.7,34,104,0.3269,0.2443,0.4218,0,34,0.0,0.0,0.1015,1,69,95,104
mit_vierlinge,4.7,4.8,34,104,0.3269,0.2443,0.4218,0,34,0.0,0.0,0.1015,1,69,95,104
mit_vierlinge,4.7,4.9,34,104,0.3269,0.2443,0.4218,0,34,0.0,0.0,0.1015,1,69,95,104
mit_vierlinge,4.7,5.0,34,104,0.3269,0.2443,0.4218,0,34,0.0,0.0,0.1015,1,69,95,104
mit_vierlinge,4.8,0.0,103,104,0.9904,0.9475,0.9983,8,103,0.0777,0.0399,0.1458,1,0,95,104
mit_vierlinge,4.8,0.1,97,104,0.9327,0.8675,0.967,6,97,0.0619,0.0287,0.1284,1,6,95,104
mit_vierlinge,4.8,0.2,89,104,0.8558,0.7756,0.9106,4,89,0.0449,0.0176,0.1099,1,14,95,104
mit_vierlinge,4.8,0.3,84,104,0.8077,0.7215,0.8719,2,84,0.0238,0.0066,0.0827,1,19,95,104
mit_vierlinge,4.8,0.4,82,104,0.7885,0.7004,0.8559,2,82,0.0244,0.0067,0.0846,1,21,95,104
mit_vierlinge,4.8,0.5,78,104,0.75,0.6589,0.8233,2,78,0.0256,0.0071,0.0888,1,25,95,104
mit_vierlinge,4.8,0.6,75,104,0.7212,0.6283,0.7983,2,75,0.0267,0.0073,0.0921,1,28,95,104
mit_vierlinge,4.8,0.7,72,104,0.6923,0.5981,0.7728,2,72,0.0278,0.0077,0.0957,1,31,95,104
mit_vierlinge,4.8,0.8,70,104,0.6731,0.5782,0.7557,2,70,0.0286,0.0079,0.0983,1,33,95,104
mit_vierlinge,4.8,0.9,65,104,0.625,0.5291,0.712,2,65,0.0308,0.0085,0.1054,1,38,95,104
mit_vierlinge,4.8,1.0,61,104,0.5865,0.4905,0.6765,2,61,0.0328,0.009,0.1119,1,42,95,104
mit_vierlinge,4.8,1.1,60,104,0.5769,0.4809,0.6675,2,60,0.0333,0.0092,0.1136,1,43,95,104
mit_vierlinge,4.8,1.2,56,104,0.5385,0.443,0.6312,2,56,0.0357,0.0098,0.1212,1,47,95,104
mit_vierlinge,4.8,1.3,51,104,0.4904,0.3964,0.5851,1,51,0.0196,0.0035,0.103,1,52,95,104
mit_vierlinge,4.8,1.4,50,104,0.4808,0.3872,0.5758,1,50,0.02,0.0035,0.105,1,53,95,104
mit_vierlinge,4.8,1.5,49,104,0.4712,0.378,0.5664,1,49,0.0204,0.0036,0.1069,1,54,95,104
mit_vierlinge,4.8,1.6,48,104,0.4615,0.3688,0.557,1,48,0.0208,0.0037,0.109,1,55,95,104
mit_vierlinge,4.8,1.7,48,104,0.4615,0.3688,0.557,1,48,0.0208,0.0037,0.109,1,55,95,104
mit_vierlinge,4.8,1.8,48,104,0.4615,0.3688,0.557,1,48,0.0208,0.0037,0.109,1,55,95,104
mit_vierlinge,4.8,1.9,48,104,0.4615,0.3688,0.557,1,48,0.0208,0.0037,0.109,1,55,95,104
mit_vierlinge,4.8,2.0,47,104,0.4519,0.3597,0.5476,0,47,0.0,0.0,0.0756,1,56,95,104
mit_vierlinge,4.8,2.1,46,104,0.4423,0.3506,0.5381,0,46,0.0,0.0,0.0771,1,57,95,104
mit_vierlinge,4.8,2.2,45,104,0.4327,0.3415,0.5286,0,45,0.0,0.0,0.0787,1,58,95,104
mit_vierlinge,4.8,2.3,44,104,0.4231,0.3325,0.5191,0,44,0.0,0.0,0.0803,1,59,95,104
mit_vierlinge,4.8,2.4,44,104,0.4231,0.3325,0.5191,0,44,0.0,0.0,0.0803,1,59,95,104
mit_vierlinge,4.8,2.5,43,104,0.4135,0.3235,0.5095,0,43,0.0,0.0,0.082,1,60,95,104
mit_vierlinge,4.8,2.6,43,104,0.4135,0.3235,0.5095,0,43,0.0,0.0,0.082,1,60,95,104
mit_vierlinge,4.8,2.7,42,104,0.4038,0.3146,0.4999,0,42,0.0,0.0,0.0838,1,61,95,104
mit_vierlinge,4.8,2.8,41,104,0.3942,0.3057,0.4903,0,41,0.0,0.0,0.0857,1,62,95,104
mit_vierlinge,4.8,2.9,41,104,0.3942,0.3057,0.4903,0,41,0.0,0.0,0.0857,1,62,95,104
mit_vierlinge,4.8,3.0,41,104,0.3942,0.3057,0.4903,0,41,0.0,0.0,0.0857,1,62,95,104
mit_vierlinge,4.8,3.1,41,104,0.3942,0.3057,0.4903,0,41,0.0,0.0,0.0857,1,62,95,104
mit_vierlinge,4.8,3.2,41,104,0.3942,0.3057,0.4903,0,41,0.0,0.0,0.0857,1,62,95,104
mit_vierlinge,4.8,3.3,41,104,0.3942,0.3057,0.4903,0,41,0.0,0.0,0.0857,1,62,95,104
mit_vierlinge,4.8,3.4,40,104,0.3846,0.2968,0.4806,0,40,0.0,0.0,0.0876,1,63,95,104
mit_vierlinge,4.8,3.5,40,104,0.3846,0.2968,0.4806,0,40,0.0,0.0,0.0876,1,63,95,104
mit_vierlinge,4.8,3.6,40,104,0.3846,0.2968,0.4806,0,40,0.0,0.0,0.0876,1,63,95,104
mit_vierlinge,4.8,3.7,38,104,0.3654,0.2792,0.4612,0,38,0.0,0.0,0.0918,1,65,95,104
mit_vierlinge,4.8,3.8,38,104,0.3654,0.2792,0.4612,0,38,0.0,0.0,0.0918,1,65,95,104
mit_vierlinge,4.8,3.9,38,104,0.3654,0.2792,0.4612,0,38,0.0,0.0,0.0918,1,65,95,104
mit_vierlinge,4.8,4.0,38,104,0.3654,0.2792,0.4612,0,38,0.0,0.0,0.0918,1,65,95,104
mit_vierlinge,4.8,4.1,38,104,0.3654,0.2792,0.4612,0,38,0.0,0.0,0.0918,1,65,95,104
mit_vierlinge,4.8,4.2,38,104,0.3654,0.2792,0.4612,0,38,0.0,0.0,0.0918,1,65,95,104
mit_vierlinge,4.8,4.3,37,104,0.3558,0.2704,0.4514,0,37,0.0,0.0,0.0941,1,66,95,104
mit_vierlinge,4.8,4.4,36,104,0.3462,0.2617,0.4416,0,36,0.0,0.0,0.0964,1,67,95,104
mit_vierlinge,4.8,4.5,36,104,0.3462,0.2617,0.4416,0,36,0.0,0.0,0.0964,1,67,95,104
mit_vierlinge,4.8,4.6,34,104,0.3269,0.2443,0.4218,0,34,0.0,0.0,0.1015,1,69,95,104
mit_vierlinge,4.8,4.7,34,104,0.3269,0.2443,0.4218,0,34,0.0,0.0,0.1015,1,69,95,104
mit_vierlinge,4.8,4.8,34,104,0.3269,0.2443,0.4218,0,34,0.0,0.0,0.1015,1,69,95,104
mit_vierlinge,4.8,4.9,34,104,0.3269,0.2443,0.4218,0,34,0.0,0.0,0.1015,1,69,95,104
mit_vierlinge,4.8,5.0,34,104,0.3269,0.2443,0.4218,0,34,0.0,0.0,0.1015,1,69,95,104
mit_vierlinge,4.9,0.0,103,104,0.9904,0.9475,0.9983,8,103,0.0777,0.0399,0.1458,1,0,95,104
mit_vierlinge,4.9,0.1,97,104,0.9327,0.8675,0.967,6,97,0.0619,0.0287,0.1284,1,6,95,104
mit_vierlinge,4.9,0.2,89,104,0.8558,0.7756,0.9106,4,89,0.0449,0.0176,0.1099,1,14,95,104
mit_vierlinge,4.9,0.3,84,104,0.8077,0.7215,0.8719,2,84,0.0238,0.0066,0.0827,1,19,95,104
mit_vierlinge,4.9,0.4,82,104,0.7885,0.7004,0.8559,2,82,0.0244,0.0067,0.0846,1,21,95,104
mit_vierlinge,4.9,0.5,78,104,0.75,0.6589,0.8233,2,78,0.0256,0.0071,0.0888,1,25,95,104
mit_vierlinge,4.9,0.6,75,104,0.7212,0.6283,0.7983,2,75,0.0267,0.0073,0.0921,1,28,95,104
mit_vierlinge,4.9,0.7,72,104,0.6923,0.5981,0.7728,2,72,0.0278,0.0077,0.0957,1,31,95,104
mit_vierlinge,4.9,0.8,70,104,0.6731,0.5782,0.7557,2,70,0.0286,0.0079,0.0983,1,33,95,104
mit_vierlinge,4.9,0.9,65,104,0.625,0.5291,0.712,2,65,0.0308,0.0085,0.1054,1,38,95,104
mit_vierlinge,4.9,1.0,61,104,0.5865,0.4905,0.6765,2,61,0.0328,0.009,0.1119,1,42,95,104
mit_vierlinge,4.9,1.1,60,104,0.5769,0.4809,0.6675,2,60,0.0333,0.0092,0.1136,1,43,95,104
mit_vierlinge,4.9,1.2,56,104,0.5385,0.443,0.6312,2,56,0.0357,0.0098,0.1212,1,47,95,104
mit_vierlinge,4.9,1.3,51,104,0.4904,0.3964,0.5851,1,51,0.0196,0.0035,0.103,1,52,95,104
mit_vierlinge,4.9,1.4,50,104,0.4808,0.3872,0.5758,1,50,0.02,0.0035,0.105,1,53,95,104
mit_vierlinge,4.9,1.5,49,104,0.4712,0.378,0.5664,1,49,0.0204,0.0036,0.1069,1,54,95,104
mit_vierlinge,4.9,1.6,48,104,0.4615,0.3688,0.557,1,48,0.0208,0.0037,0.109,1,55,95,104
mit_vierlinge,4.9,1.7,48,104,0.4615,0.3688,0.557,1,48,0.0208,0.0037,0.109,1,55,95,104
mit_vierlinge,4.9,1.8,48,104,0.4615,0.3688,0.557,1,48,0.0208,0.0037,0.109,1,55,95,104
mit_vierlinge,4.9,1.9,48,104,0.4615,0.3688,0.557,1,48,0.0208,0.0037,0.109,1,55,95,104
mit_vierlinge,4.9,2.0,47,104,0.4519,0.3597,0.5476,0,47,0.0,0.0,0.0756,1,56,95,104
mit_vierlinge,4.9,2.1,46,104,0.4423,0.3506,0.5381,0,46,0.0,0.0,0.0771,1,57,95,104
mit_vierlinge,4.9,2.2,45,104,0.4327,0.3415,0.5286,0,45,0.0,0.0,0.0787,1,58,95,104
mit_vierlinge,4.9,2.3,44,104,0.4231,0.3325,0.5191,0,44,0.0,0.0,0.0803,1,59,95,104
mit_vierlinge,4.9,2.4,44,104,0.4231,0.3325,0.5191,0,44,0.0,0.0,0.0803,1,59,95,104
mit_vierlinge,4.9,2.5,43,104,0.4135,0.3235,0.5095,0,43,0.0,0.0,0.082,1,60,95,104
mit_vierlinge,4.9,2.6,43,104,0.4135,0.3235,0.5095,0,43,0.0,0.0,0.082,1,60,95,104
mit_vierlinge,4.9,2.7,42,104,0.4038,0.3146,0.4999,0,42,0.0,0.0,0.0838,1,61,95,104
mit_vierlinge,4.9,2.8,41,104,0.3942,0.3057,0.4903,0,41,0.0,0.0,0.0857,1,62,95,104
mit_vierlinge,4.9,2.9,41,104,0.3942,0.3057,0.4903,0,41,0.0,0.0,0.0857,1,62,95,104
mit_vierlinge,4.9,3.0,41,104,0.3942,0.3057,0.4903,0,41,0.0,0.0,0.0857,1,62,95,104
mit_vierlinge,4.9,3.1,41,104,0.3942,0.3057,0.4903,0,41,0.0,0.0,0.0857,1,62,95,104
mit_vierlinge,4.9,3.2,41,104,0.3942,0.3057,0.4903,0,41,0.0,0.0,0.0857,1,62,95,104
mit_vierlinge,4.9,3.3,41,104,0.3942,0.3057,0.4903,0,41,0.0,0.0,0.0857,1,62,95,104
mit_vierlinge,4.9,3.4,40,104,0.3846,0.2968,0.4806,0,40,0.0,0.0,0.0876,1,63,95,104
mit_vierlinge,4.9,3.5,40,104,0.3846,0.2968,0.4806,0,40,0.0,0.0,0.0876,1,63,95,104
mit_vierlinge,4.9,3.6,40,104,0.3846,0.2968,0.4806,0,40,0.0,0.0,0.0876,1,63,95,104
mit_vierlinge,4.9,3.7,38,104,0.3654,0.2792,0.4612,0,38,0.0,0.0,0.0918,1,65,95,104
mit_vierlinge,4.9,3.8,38,104,0.3654,0.2792,0.4612,0,38,0.0,0.0,0.0918,1,65,95,104
mit_vierlinge,4.9,3.9,38,104,0.3654,0.2792,0.4612,0,38,0.0,0.0,0.0918,1,65,95,104
mit_vierlinge,4.9,4.0,38,104,0.3654,0.2792,0.4612,0,38,0.0,0.0,0.0918,1,65,95,104
mit_vierlinge,4.9,4.1,38,104,0.3654,0.2792,0.4612,0,38,0.0,0.0,0.0918,1,65,95,104
mit_vierlinge,4.9,4.2,38,104,0.3654,0.2792,0.4612,0,38,0.0,0.0,0.0918,1,65,95,104
mit_vierlinge,4.9,4.3,37,104,0.3558,0.2704,0.4514,0,37,0.0,0.0,0.0941,1,66,95,104
mit_vierlinge,4.9,4.4,36,104,0.3462,0.2617,0.4416,0,36,0.0,0.0,0.0964,1,67,95,104
mit_vierlinge,4.9,4.5,36,104,0.3462,0.2617,0.4416,0,36,0.0,0.0,0.0964,1,67,95,104
mit_vierlinge,4.9,4.6,34,104,0.3269,0.2443,0.4218,0,34,0.0,0.0,0.1015,1,69,95,104
mit_vierlinge,4.9,4.7,34,104,0.3269,0.2443,0.4218,0,34,0.0,0.0,0.1015,1,69,95,104
mit_vierlinge,4.9,4.8,34,104,0.3269,0.2443,0.4218,0,34,0.0,0.0,0.1015,1,69,95,104
mit_vierlinge,4.9,4.9,34,104,0.3269,0.2443,0.4218,0,34,0.0,0.0,0.1015,1,69,95,104
mit_vierlinge,4.9,5.0,34,104,0.3269,0.2443,0.4218,0,34,0.0,0.0,0.1015,1,69,95,104
mit_vierlinge,5.0,0.0,103,104,0.9904,0.9475,0.9983,8,103,0.0777,0.0399,0.1458,1,0,95,104
mit_vierlinge,5.0,0.1,97,104,0.9327,0.8675,0.967,6,97,0.0619,0.0287,0.1284,1,6,95,104
mit_vierlinge,5.0,0.2,89,104,0.8558,0.7756,0.9106,4,89,0.0449,0.0176,0.1099,1,14,95,104
mit_vierlinge,5.0,0.3,84,104,0.8077,0.7215,0.8719,2,84,0.0238,0.0066,0.0827,1,19,95,104
mit_vierlinge,5.0,0.4,82,104,0.7885,0.7004,0.8559,2,82,0.0244,0.0067,0.0846,1,21,95,104
mit_vierlinge,5.0,0.5,78,104,0.75,0.6589,0.8233,2,78,0.0256,0.0071,0.0888,1,25,95,104
mit_vierlinge,5.0,0.6,75,104,0.7212,0.6283,0.7983,2,75,0.0267,0.0073,0.0921,1,28,95,104
mit_vierlinge,5.0,0.7,72,104,0.6923,0.5981,0.7728,2,72,0.0278,0.0077,0.0957,1,31,95,104
mit_vierlinge,5.0,0.8,70,104,0.6731,0.5782,0.7557,2,70,0.0286,0.0079,0.0983,1,33,95,104
mit_vierlinge,5.0,0.9,65,104,0.625,0.5291,0.712,2,65,0.0308,0.0085,0.1054,1,38,95,104
mit_vierlinge,5.0,1.0,61,104,0.5865,0.4905,0.6765,2,61,0.0328,0.009,0.1119,1,42,95,104
mit_vierlinge,5.0,1.1,60,104,0.5769,0.4809,0.6675,2,60,0.0333,0.0092,0.1136,1,43,95,104
mit_vierlinge,5.0,1.2,56,104,0.5385,0.443,0.6312,2,56,0.0357,0.0098,0.1212,1,47,95,104
mit_vierlinge,5.0,1.3,51,104,0.4904,0.3964,0.5851,1,51,0.0196,0.0035,0.103,1,52,95,104
mit_vierlinge,5.0,1.4,50,104,0.4808,0.3872,0.5758,1,50,0.02,0.0035,0.105,1,53,95,104
mit_vierlinge,5.0,1.5,49,104,0.4712,0.378,0.5664,1,49,0.0204,0.0036,0.1069,1,54,95,104
mit_vierlinge,5.0,1.6,48,104,0.4615,0.3688,0.557,1,48,0.0208,0.0037,0.109,1,55,95,104
mit_vierlinge,5.0,1.7,48,104,0.4615,0.3688,0.557,1,48,0.0208,0.0037,0.109,1,55,95,104
mit_vierlinge,5.0,1.8,48,104,0.4615,0.3688,0.557,1,48,0.0208,0.0037,0.109,1,55,95,104
mit_vierlinge,5.0,1.9,48,104,0.4615,0.3688,0.557,1,48,0.0208,0.0037,0.109,1,55,95,104
mit_vierlinge,5.0,2.0,47,104,0.4519,0.3597,0.5476,0,47,0.0,0.0,0.0756,1,56,95,104
mit_vierlinge,5.0,2.1,46,104,0.4423,0.3506,0.5381,0,46,0.0,0.0,0.0771,1,57,95,104
mit_vierlinge,5.0,2.2,45,104,0.4327,0.3415,0.5286,0,45,0.0,0.0,0.0787,1,58,95,104
mit_vierlinge,5.0,2.3,44,104,0.4231,0.3325,0.5191,0,44,0.0,0.0,0.0803,1,59,95,104
mit_vierlinge,5.0,2.4,44,104,0.4231,0.3325,0.5191,0,44,0.0,0.0,0.0803,1,59,95,104
mit_vierlinge,5.0,2.5,43,104,0.4135,0.3235,0.5095,0,43,0.0,0.0,0.082,1,60,95,104
mit_vierlinge,5.0,2.6,43,104,0.4135,0.3235,0.5095,0,43,0.0,0.0,0.082,1,60,95,104
mit_vierlinge,5.0,2.7,42,104,0.4038,0.3146,0.4999,0,42,0.0,0.0,0.0838,1,61,95,104
mit_vierlinge,5.0,2.8,41,104,0.3942,0.3057,0.4903,0,41,0.0,0.0,0.0857,1,62,95,104
mit_vierlinge,5.0,2.9,41,104,0.3942,0.3057,0.4903,0,41,0.0,0.0,0.0857,1,62,95,104
mit_vierlinge,5.0,3.0,41,104,0.3942,0.3057,0.4903,0,41,0.0,0.0,0.0857,1,62,95,104
mit_vierlinge,5.0,3.1,41,104,0.3942,0.3057,0.4903,0,41,0.0,0.0,0.0857,1,62,95,104
mit_vierlinge,5.0,3.2,41,104,0.3942,0.3057,0.4903,0,41,0.0,0.0,0.0857,1,62,95,104
mit_vierlinge,5.0,3.3,41,104,0.3942,0.3057,0.4903,0,41,0.0,0.0,0.0857,1,62,95,104
mit_vierlinge,5.0,3.4,40,104,0.3846,0.2968,0.4806,0,40,0.0,0.0,0.0876,1,63,95,104
mit_vierlinge,5.0,3.5,40,104,0.3846,0.2968,0.4806,0,40,0.0,0.0,0.0876,1,63,95,104
mit_vierlinge,5.0,3.6,40,104,0.3846,0.2968,0.4806,0,40,0.0,0.0,0.0876,1,63,95,104
mit_vierlinge,5.0,3.7,38,104,0.3654,0.2792,0.4612,0,38,0.0,0.0,0.0918,1,65,95,104
mit_vierlinge,5.0,3.8,38,104,0.3654,0.2792,0.4612,0,38,0.0,0.0,0.0918,1,65,95,104
mit_vierlinge,5.0,3.9,38,104,0.3654,0.2792,0.4612,0,38,0.0,0.0,0.0918,1,65,95,104
mit_vierlinge,5.0,4.0,38,104,0.3654,0.2792,0.4612,0,38,0.0,0.0,0.0918,1,65,95,104
mit_vierlinge,5.0,4.1,38,104,0.3654,0.2792,0.4612,0,38,0.0,0.0,0.0918,1,65,95,104
mit_vierlinge,5.0,4.2,38,104,0.3654,0.2792,0.4612,0,38,0.0,0.0,0.0918,1,65,95,104
mit_vierlinge,5.0,4.3,37,104,0.3558,0.2704,0.4514,0,37,0.0,0.0,0.0941,1,66,95,104
mit_vierlinge,5.0,4.4,36,104,0.3462,0.2617,0.4416,0,36,0.0,0.0,0.0964,1,67,95,104
mit_vierlinge,5.0,4.5,36,104,0.3462,0.2617,0.4416,0,36,0.0,0.0,0.0964,1,67,95,104
mit_vierlinge,5.0,4.6,34,104,0.3269,0.2443,0.4218,0,34,0.0,0.0,0.1015,1,69,95,104
mit_vierlinge,5.0,4.7,34,104,0.3269,0.2443,0.4218,0,34,0.0,0.0,0.1015,1,69,95,104
mit_vierlinge,5.0,4.8,34,104,0.3269,0.2443,0.4218,0,34,0.0,0.0,0.1015,1,69,95,104
mit_vierlinge,5.0,4.9,34,104,0.3269,0.2443,0.4218,0,34,0.0,0.0,0.1015,1,69,95,104
mit_vierlinge,5.0,5.0,34,104,0.3269,0.2443,0.4218,0,34,0.0,0.0,0.1015,1,69,95,104
mit_vierlinge,5.1,0.0,103,104,0.9904,0.9475,0.9983,8,103,0.0777,0.0399,0.1458,1,0,95,104
mit_vierlinge,5.1,0.1,97,104,0.9327,0.8675,0.967,6,97,0.0619,0.0287,0.1284,1,6,95,104
mit_vierlinge,5.1,0.2,89,104,0.8558,0.7756,0.9106,4,89,0.0449,0.0176,0.1099,1,14,95,104
mit_vierlinge,5.1,0.3,84,104,0.8077,0.7215,0.8719,2,84,0.0238,0.0066,0.0827,1,19,95,104
mit_vierlinge,5.1,0.4,82,104,0.7885,0.7004,0.8559,2,82,0.0244,0.0067,0.0846,1,21,95,104
mit_vierlinge,5.1,0.5,78,104,0.75,0.6589,0.8233,2,78,0.0256,0.0071,0.0888,1,25,95,104
mit_vierlinge,5.1,0.6,75,104,0.7212,0.6283,0.7983,2,75,0.0267,0.0073,0.0921,1,28,95,104
mit_vierlinge,5.1,0.7,72,104,0.6923,0.5981,0.7728,2,72,0.0278,0.0077,0.0957,1,31,95,104
mit_vierlinge,5.1,0.8,70,104,0.6731,0.5782,0.7557,2,70,0.0286,0.0079,0.0983,1,33,95,104
mit_vierlinge,5.1,0.9,65,104,0.625,0.5291,0.712,2,65,0.0308,0.0085,0.1054,1,38,95,104
mit_vierlinge,5.1,1.0,61,104,0.5865,0.4905,0.6765,2,61,0.0328,0.009,0.1119,1,42,95,104
mit_vierlinge,5.1,1.1,60,104,0.5769,0.4809,0.6675,2,60,0.0333,0.0092,0.1136,1,43,95,104
mit_vierlinge,5.1,1.2,56,104,0.5385,0.443,0.6312,2,56,0.0357,0.0098,0.1212,1,47,95,104
mit_vierlinge,5.1,1.3,51,104,0.4904,0.3964,0.5851,1,51,0.0196,0.0035,0.103,1,52,95,104
mit_vierlinge,5.1,1.4,50,104,0.4808,0.3872,0.5758,1,50,0.02,0.0035,0.105,1,53,95,104
mit_vierlinge,5.1,1.5,49,104,0.4712,0.378,0.5664,1,49,0.0204,0.0036,0.1069,1,54,95,104
mit_vierlinge,5.1,1.6,48,104,0.4615,0.3688,0.557,1,48,0.0208,0.0037,0.109,1,55,95,104
mit_vierlinge,5.1,1.7,48,104,0.4615,0.3688,0.557,1,48,0.0208,0.0037,0.109,1,55,95,104
mit_vierlinge,5.1,1.8,48,104,0.4615,0.3688,0.557,1,48,0.0208,0.0037,0.109,1,55,95,104
mit_vierlinge,5.1,1.9,48,104,0.4615,0.3688,0.557,1,48,0.0208,0.0037,0.109,1,55,95,104
mit_vierlinge,5.1,2.0,47,104,0.4519,0.3597,0.5476,0,47,0.0,0.0,0.0756,1,56,95,104
mit_vierlinge,5.1,2.1,46,104,0.4423,0.3506,0.5381,0,46,0.0,0.0,0.0771,1,57,95,104
mit_vierlinge,5.1,2.2,45,104,0.4327,0.3415,0.5286,0,45,0.0,0.0,0.0787,1,58,95,104
mit_vierlinge,5.1,2.3,44,104,0.4231,0.3325,0.5191,0,44,0.0,0.0,0.0803,1,59,95,104
mit_vierlinge,5.1,2.4,44,104,0.4231,0.3325,0.5191,0,44,0.0,0.0,0.0803,1,59,95,104
mit_vierlinge,5.1,2.5,43,104,0.4135,0.3235,0.5095,0,43,0.0,0.0,0.082,1,60,95,104
mit_vierlinge,5.1,2.6,43,104,0.4135,0.3235,0.5095,0,43,0.0,0.0,0.082,1,60,95,104
mit_vierlinge,5.1,2.7,42,104,0.4038,0.3146,0.4999,0,42,0.0,0.0,0.0838,1,61,95,104
mit_vierlinge,5.1,2.8,41,104,0.3942,0.3057,0.4903,0,41,0.0,0.0,0.0857,1,62,95,104
mit_vierlinge,5.1,2.9,41,104,0.3942,0.3057,0.4903,0,41,0.0,0.0,0.0857,1,62,95,104
mit_vierlinge,5.1,3.0,41,104,0.3942,0.3057,0.4903,0,41,0.0,0.0,0.0857,1,62,95,104
mit_vierlinge,5.1,3.1,41,104,0.3942,0.3057,0.4903,0,41,0.0,0.0,0.0857,1,62,95,104
mit_vierlinge,5.1,3.2,41,104,0.3942,0.3057,0.4903,0,41,0.0,0.0,0.0857,1,62,95,104
mit_vierlinge,5.1,3.3,41,104,0.3942,0.3057,0.4903,0,41,0.0,0.0,0.0857,1,62,95,104
mit_vierlinge,5.1,3.4,40,104,0.3846,0.2968,0.4806,0,40,0.0,0.0,0.0876,1,63,95,104
mit_vierlinge,5.1,3.5,40,104,0.3846,0.2968,0.4806,0,40,0.0,0.0,0.0876,1,63,95,104
mit_vierlinge,5.1,3.6,40,104,0.3846,0.2968,0.4806,0,40,0.0,0.0,0.0876,1,63,95,104
mit_vierlinge,5.1,3.7,38,104,0.3654,0.2792,0.4612,0,38,0.0,0.0,0.0918,1,65,95,104
mit_vierlinge,5.1,3.8,38,104,0.3654,0.2792,0.4612,0,38,0.0,0.0,0.0918,1,65,95,104
mit_vierlinge,5.1,3.9,38,104,0.3654,0.2792,0.4612,0,38,0.0,0.0,0.0918,1,65,95,104
mit_vierlinge,5.1,4.0,38,104,0.3654,0.2792,0.4612,0,38,0.0,0.0,0.0918,1,65,95,104
mit_vierlinge,5.1,4.1,38,104,0.3654,0.2792,0.4612,0,38,0.0,0.0,0.0918,1,65,95,104
mit_vierlinge,5.1,4.2,38,104,0.3654,0.2792,0.4612,0,38,0.0,0.0,0.0918,1,65,95,104
mit_vierlinge,5.1,4.3,37,104,0.3558,0.2704,0.4514,0,37,0.0,0.0,0.0941,1,66,95,104
mit_vierlinge,5.1,4.4,36,104,0.3462,0.2617,0.4416,0,36,0.0,0.0,0.0964,1,67,95,104
mit_vierlinge,5.1,4.5,36,104,0.3462,0.2617,0.4416,0,36,0.0,0.0,0.0964,1,67,95,104
mit_vierlinge,5.1,4.6,34,104,0.3269,0.2443,0.4218,0,34,0.0,0.0,0.1015,1,69,95,104
mit_vierlinge,5.1,4.7,34,104,0.3269,0.2443,0.4218,0,34,0.0,0.0,0.1015,1,69,95,104
mit_vierlinge,5.1,4.8,34,104,0.3269,0.2443,0.4218,0,34,0.0,0.0,0.1015,1,69,95,104
mit_vierlinge,5.1,4.9,34,104,0.3269,0.2443,0.4218,0,34,0.0,0.0,0.1015,1,69,95,104
mit_vierlinge,5.1,5.0,34,104,0.3269,0.2443,0.4218,0,34,0.0,0.0,0.1015,1,69,95,104
mit_vierlinge,5.2,0.0,103,104,0.9904,0.9475,0.9983,8,103,0.0777,0.0399,0.1458,1,0,95,104
mit_vierlinge,5.2,0.1,97,104,0.9327,0.8675,0.967,6,97,0.0619,0.0287,0.1284,1,6,95,104
mit_vierlinge,5.2,0.2,89,104,0.8558,0.7756,0.9106,4,89,0.0449,0.0176,0.1099,1,14,95,104
mit_vierlinge,5.2,0.3,84,104,0.8077,0.7215,0.8719,2,84,0.0238,0.0066,0.0827,1,19,95,104
mit_vierlinge,5.2,0.4,82,104,0.7885,0.7004,0.8559,2,82,0.0244,0.0067,0.0846,1,21,95,104
mit_vierlinge,5.2,0.5,78,104,0.75,0.6589,0.8233,2,78,0.0256,0.0071,0.0888,1,25,95,104
mit_vierlinge,5.2,0.6,75,104,0.7212,0.6283,0.7983,2,75,0.0267,0.0073,0.0921,1,28,95,104
mit_vierlinge,5.2,0.7,72,104,0.6923,0.5981,0.7728,2,72,0.0278,0.0077,0.0957,1,31,95,104
mit_vierlinge,5.2,0.8,70,104,0.6731,0.5782,0.7557,2,70,0.0286,0.0079,0.0983,1,33,95,104
mit_vierlinge,5.2,0.9,65,104,0.625,0.5291,0.712,2,65,0.0308,0.0085,0.1054,1,38,95,104
mit_vierlinge,5.2,1.0,61,104,0.5865,0.4905,0.6765,2,61,0.0328,0.009,0.1119,1,42,95,104
mit_vierlinge,5.2,1.1,60,104,0.5769,0.4809,0.6675,2,60,0.0333,0.0092,0.1136,1,43,95,104
mit_vierlinge,5.2,1.2,56,104,0.5385,0.443,0.6312,2,56,0.0357,0.0098,0.1212,1,47,95,104
mit_vierlinge,5.2,1.3,51,104,0.4904,0.3964,0.5851,1,51,0.0196,0.0035,0.103,1,52,95,104
mit_vierlinge,5.2,1.4,50,104,0.4808,0.3872,0.5758,1,50,0.02,0.0035,0.105,1,53,95,104
mit_vierlinge,5.2,1.5,49,104,0.4712,0.378,0.5664,1,49,0.0204,0.0036,0.1069,1,54,95,104
mit_vierlinge,5.2,1.6,48,104,0.4615,0.3688,0.557,1,48,0.0208,0.0037,0.109,1,55,95,104
mit_vierlinge,5.2,1.7,48,104,0.4615,0.3688,0.557,1,48,0.0208,0.0037,0.109,1,55,95,104
mit_vierlinge,5.2,1.8,48,104,0.4615,0.3688,0.557,1,48,0.0208,0.0037,0.109,1,55,95,104
mit_vierlinge,5.2,1.9,48,104,0.4615,0.3688,0.557,1,48,0.0208,0.0037,0.109,1,55,95,104
mit_vierlinge,5.2,2.0,47,104,0.4519,0.3597,0.5476,0,47,0.0,0.0,0.0756,1,56,95,104
mit_vierlinge,5.2,2.1,46,104,0.4423,0.3506,0.5381,0,46,0.0,0.0,0.0771,1,57,95,104
mit_vierlinge,5.2,2.2,45,104,0.4327,0.3415,0.5286,0,45,0.0,0.0,0.0787,1,58,95,104
mit_vierlinge,5.2,2.3,44,104,0.4231,0.3325,0.5191,0,44,0.0,0.0,0.0803,1,59,95,104
mit_vierlinge,5.2,2.4,44,104,0.4231,0.3325,0.5191,0,44,0.0,0.0,0.0803,1,59,95,104
mit_vierlinge,5.2,2.5,43,104,0.4135,0.3235,0.5095,0,43,0.0,0.0,0.082,1,60,95,104
mit_vierlinge,5.2,2.6,43,104,0.4135,0.3235,0.5095,0,43,0.0,0.0,0.082,1,60,95,104
mit_vierlinge,5.2,2.7,42,104,0.4038,0.3146,0.4999,0,42,0.0,0.0,0.0838,1,61,95,104
mit_vierlinge,5.2,2.8,41,104,0.3942,0.3057,0.4903,0,41,0.0,0.0,0.0857,1,62,95,104
mit_vierlinge,5.2,2.9,41,104,0.3942,0.3057,0.4903,0,41,0.0,0.0,0.0857,1,62,95,104
mit_vierlinge,5.2,3.0,41,104,0.3942,0.3057,0.4903,0,41,0.0,0.0,0.0857,1,62,95,104
mit_vierlinge,5.2,3.1,41,104,0.3942,0.3057,0.4903,0,41,0.0,0.0,0.0857,1,62,95,104
mit_vierlinge,5.2,3.2,41,104,0.3942,0.3057,0.4903,0,41,0.0,0.0,0.0857,1,62,95,104
mit_vierlinge,5.2,3.3,41,104,0.3942,0.3057,0.4903,0,41,0.0,0.0,0.0857,1,62,95,104
mit_vierlinge,5.2,3.4,40,104,0.3846,0.2968,0.4806,0,40,0.0,0.0,0.0876,1,63,95,104
mit_vierlinge,5.2,3.5,40,104,0.3846,0.2968,0.4806,0,40,0.0,0.0,0.0876,1,63,95,104
mit_vierlinge,5.2,3.6,40,104,0.3846,0.2968,0.4806,0,40,0.0,0.0,0.0876,1,63,95,104
mit_vierlinge,5.2,3.7,38,104,0.3654,0.2792,0.4612,0,38,0.0,0.0,0.0918,1,65,95,104
mit_vierlinge,5.2,3.8,38,104,0.3654,0.2792,0.4612,0,38,0.0,0.0,0.0918,1,65,95,104
mit_vierlinge,5.2,3.9,38,104,0.3654,0.2792,0.4612,0,38,0.0,0.0,0.0918,1,65,95,104
mit_vierlinge,5.2,4.0,38,104,0.3654,0.2792,0.4612,0,38,0.0,0.0,0.0918,1,65,95,104
mit_vierlinge,5.2,4.1,38,104,0.3654,0.2792,0.4612,0,38,0.0,0.0,0.0918,1,65,95,104
mit_vierlinge,5.2,4.2,38,104,0.3654,0.2792,0.4612,0,38,0.0,0.0,0.0918,1,65,95,104
mit_vierlinge,5.2,4.3,37,104,0.3558,0.2704,0.4514,0,37,0.0,0.0,0.0941,1,66,95,104
mit_vierlinge,5.2,4.4,36,104,0.3462,0.2617,0.4416,0,36,0.0,0.0,0.0964,1,67,95,104
mit_vierlinge,5.2,4.5,36,104,0.3462,0.2617,0.4416,0,36,0.0,0.0,0.0964,1,67,95,104
mit_vierlinge,5.2,4.6,34,104,0.3269,0.2443,0.4218,0,34,0.0,0.0,0.1015,1,69,95,104
mit_vierlinge,5.2,4.7,34,104,0.3269,0.2443,0.4218,0,34,0.0,0.0,0.1015,1,69,95,104
mit_vierlinge,5.2,4.8,34,104,0.3269,0.2443,0.4218,0,34,0.0,0.0,0.1015,1,69,95,104
mit_vierlinge,5.2,4.9,34,104,0.3269,0.2443,0.4218,0,34,0.0,0.0,0.1015,1,69,95,104
mit_vierlinge,5.2,5.0,34,104,0.3269,0.2443,0.4218,0,34,0.0,0.0,0.1015,1,69,95,104
mit_vierlinge,5.3,0.0,103,104,0.9904,0.9475,0.9983,8,103,0.0777,0.0399,0.1458,1,0,95,104
mit_vierlinge,5.3,0.1,97,104,0.9327,0.8675,0.967,6,97,0.0619,0.0287,0.1284,1,6,95,104
mit_vierlinge,5.3,0.2,89,104,0.8558,0.7756,0.9106,4,89,0.0449,0.0176,0.1099,1,14,95,104
mit_vierlinge,5.3,0.3,84,104,0.8077,0.7215,0.8719,2,84,0.0238,0.0066,0.0827,1,19,95,104
mit_vierlinge,5.3,0.4,82,104,0.7885,0.7004,0.8559,2,82,0.0244,0.0067,0.0846,1,21,95,104
mit_vierlinge,5.3,0.5,78,104,0.75,0.6589,0.8233,2,78,0.0256,0.0071,0.0888,1,25,95,104
mit_vierlinge,5.3,0.6,75,104,0.7212,0.6283,0.7983,2,75,0.0267,0.0073,0.0921,1,28,95,104
mit_vierlinge,5.3,0.7,72,104,0.6923,0.5981,0.7728,2,72,0.0278,0.0077,0.0957,1,31,95,104
mit_vierlinge,5.3,0.8,70,104,0.6731,0.5782,0.7557,2,70,0.0286,0.0079,0.0983,1,33,95,104
mit_vierlinge,5.3,0.9,65,104,0.625,0.5291,0.712,2,65,0.0308,0.0085,0.1054,1,38,95,104
mit_vierlinge,5.3,1.0,61,104,0.5865,0.4905,0.6765,2,61,0.0328,0.009,0.1119,1,42,95,104
mit_vierlinge,5.3,1.1,60,104,0.5769,0.4809,0.6675,2,60,0.0333,0.0092,0.1136,1,43,95,104
mit_vierlinge,5.3,1.2,56,104,0.5385,0.443,0.6312,2,56,0.0357,0.0098,0.1212,1,47,95,104
mit_vierlinge,5.3,1.3,51,104,0.4904,0.3964,0.5851,1,51,0.0196,0.0035,0.103,1,52,95,104
mit_vierlinge,5.3,1.4,50,104,0.4808,0.3872,0.5758,1,50,0.02,0.0035,0.105,1,53,95,104
mit_vierlinge,5.3,1.5,49,104,0.4712,0.378,0.5664,1,49,0.0204,0.0036,0.1069,1,54,95,104
mit_vierlinge,5.3,1.6,48,104,0.4615,0.3688,0.557,1,48,0.0208,0.0037,0.109,1,55,95,104
mit_vierlinge,5.3,1.7,48,104,0.4615,0.3688,0.557,1,48,0.0208,0.0037,0.109,1,55,95,104
mit_vierlinge,5.3,1.8,48,104,0.4615,0.3688,0.557,1,48,0.0208,0.0037,0.109,1,55,95,104
mit_vierlinge,5.3,1.9,48,104,0.4615,0.3688,0.557,1,48,0.0208,0.0037,0.109,1,55,95,104
mit_vierlinge,5.3,2.0,47,104,0.4519,0.3597,0.5476,0,47,0.0,0.0,0.0756,1,56,95,104
mit_vierlinge,5.3,2.1,46,104,0.4423,0.3506,0.5381,0,46,0.0,0.0,0.0771,1,57,95,104
mit_vierlinge,5.3,2.2,45,104,0.4327,0.3415,0.5286,0,45,0.0,0.0,0.0787,1,58,95,104
mit_vierlinge,5.3,2.3,44,104,0.4231,0.3325,0.5191,0,44,0.0,0.0,0.0803,1,59,95,104
mit_vierlinge,5.3,2.4,44,104,0.4231,0.3325,0.5191,0,44,0.0,0.0,0.0803,1,59,95,104
mit_vierlinge,5.3,2.5,43,104,0.4135,0.3235,0.5095,0,43,0.0,0.0,0.082,1,60,95,104
mit_vierlinge,5.3,2.6,43,104,0.4135,0.3235,0.5095,0,43,0.0,0.0,0.082,1,60,95,104
mit_vierlinge,5.3,2.7,42,104,0.4038,0.3146,0.4999,0,42,0.0,0.0,0.0838,1,61,95,104
mit_vierlinge,5.3,2.8,41,104,0.3942,0.3057,0.4903,0,41,0.0,0.0,0.0857,1,62,95,104
mit_vierlinge,5.3,2.9,41,104,0.3942,0.3057,0.4903,0,41,0.0,0.0,0.0857,1,62,95,104
mit_vierlinge,5.3,3.0,41,104,0.3942,0.3057,0.4903,0,41,0.0,0.0,0.0857,1,62,95,104
mit_vierlinge,5.3,3.1,41,104,0.3942,0.3057,0.4903,0,41,0.0,0.0,0.0857,1,62,95,104
mit_vierlinge,5.3,3.2,41,104,0.3942,0.3057,0.4903,0,41,0.0,0.0,0.0857,1,62,95,104
mit_vierlinge,5.3,3.3,41,104,0.3942,0.3057,0.4903,0,41,0.0,0.0,0.0857,1,62,95,104
mit_vierlinge,5.3,3.4,40,104,0.3846,0.2968,0.4806,0,40,0.0,0.0,0.0876,1,63,95,104
mit_vierlinge,5.3,3.5,40,104,0.3846,0.2968,0.4806,0,40,0.0,0.0,0.0876,1,63,95,104
mit_vierlinge,5.3,3.6,40,104,0.3846,0.2968,0.4806,0,40,0.0,0.0,0.0876,1,63,95,104
mit_vierlinge,5.3,3.7,38,104,0.3654,0.2792,0.4612,0,38,0.0,0.0,0.0918,1,65,95,104
mit_vierlinge,5.3,3.8,38,104,0.3654,0.2792,0.4612,0,38,0.0,0.0,0.0918,1,65,95,104
mit_vierlinge,5.3,3.9,38,104,0.3654,0.2792,0.4612,0,38,0.0,0.0,0.0918,1,65,95,104
mit_vierlinge,5.3,4.0,38,104,0.3654,0.2792,0.4612,0,38,0.0,0.0,0.0918,1,65,95,104
mit_vierlinge,5.3,4.1,38,104,0.3654,0.2792,0.4612,0,38,0.0,0.0,0.0918,1,65,95,104
mit_vierlinge,5.3,4.2,38,104,0.3654,0.2792,0.4612,0,38,0.0,0.0,0.0918,1,65,95,104
mit_vierlinge,5.3,4.3,37,104,0.3558,0.2704,0.4514,0,37,0.0,0.0,0.0941,1,66,95,104
mit_vierlinge,5.3,4.4,36,104,0.3462,0.2617,0.4416,0,36,0.0,0.0,0.0964,1,67,95,104
mit_vierlinge,5.3,4.5,36,104,0.3462,0.2617,0.4416,0,36,0.0,0.0,0.0964,1,67,95,104
mit_vierlinge,5.3,4.6,34,104,0.3269,0.2443,0.4218,0,34,0.0,0.0,0.1015,1,69,95,104
mit_vierlinge,5.3,4.7,34,104,0.3269,0.2443,0.4218,0,34,0.0,0.0,0.1015,1,69,95,104
mit_vierlinge,5.3,4.8,34,104,0.3269,0.2443,0.4218,0,34,0.0,0.0,0.1015,1,69,95,104
mit_vierlinge,5.3,4.9,34,104,0.3269,0.2443,0.4218,0,34,0.0,0.0,0.1015,1,69,95,104
mit_vierlinge,5.3,5.0,34,104,0.3269,0.2443,0.4218,0,34,0.0,0.0,0.1015,1,69,95,104
mit_vierlinge,5.4,0.0,103,104,0.9904,0.9475,0.9983,8,103,0.0777,0.0399,0.1458,1,0,95,104
mit_vierlinge,5.4,0.1,97,104,0.9327,0.8675,0.967,6,97,0.0619,0.0287,0.1284,1,6,95,104
mit_vierlinge,5.4,0.2,89,104,0.8558,0.7756,0.9106,4,89,0.0449,0.0176,0.1099,1,14,95,104
mit_vierlinge,5.4,0.3,84,104,0.8077,0.7215,0.8719,2,84,0.0238,0.0066,0.0827,1,19,95,104
mit_vierlinge,5.4,0.4,82,104,0.7885,0.7004,0.8559,2,82,0.0244,0.0067,0.0846,1,21,95,104
mit_vierlinge,5.4,0.5,78,104,0.75,0.6589,0.8233,2,78,0.0256,0.0071,0.0888,1,25,95,104
mit_vierlinge,5.4,0.6,75,104,0.7212,0.6283,0.7983,2,75,0.0267,0.0073,0.0921,1,28,95,104
mit_vierlinge,5.4,0.7,72,104,0.6923,0.5981,0.7728,2,72,0.0278,0.0077,0.0957,1,31,95,104
mit_vierlinge,5.4,0.8,70,104,0.6731,0.5782,0.7557,2,70,0.0286,0.0079,0.0983,1,33,95,104
mit_vierlinge,5.4,0.9,65,104,0.625,0.5291,0.712,2,65,0.0308,0.0085,0.1054,1,38,95,104
mit_vierlinge,5.4,1.0,61,104,0.5865,0.4905,0.6765,2,61,0.0328,0.009,0.1119,1,42,95,104
mit_vierlinge,5.4,1.1,60,104,0.5769,0.4809,0.6675,2,60,0.0333,0.0092,0.1136,1,43,95,104
mit_vierlinge,5.4,1.2,56,104,0.5385,0.443,0.6312,2,56,0.0357,0.0098,0.1212,1,47,95,104
mit_vierlinge,5.4,1.3,51,104,0.4904,0.3964,0.5851,1,51,0.0196,0.0035,0.103,1,52,95,104
mit_vierlinge,5.4,1.4,50,104,0.4808,0.3872,0.5758,1,50,0.02,0.0035,0.105,1,53,95,104
mit_vierlinge,5.4,1.5,49,104,0.4712,0.378,0.5664,1,49,0.0204,0.0036,0.1069,1,54,95,104
mit_vierlinge,5.4,1.6,48,104,0.4615,0.3688,0.557,1,48,0.0208,0.0037,0.109,1,55,95,104
mit_vierlinge,5.4,1.7,48,104,0.4615,0.3688,0.557,1,48,0.0208,0.0037,0.109,1,55,95,104
mit_vierlinge,5.4,1.8,48,104,0.4615,0.3688,0.557,1,48,0.0208,0.0037,0.109,1,55,95,104
mit_vierlinge,5.4,1.9,48,104,0.4615,0.3688,0.557,1,48,0.0208,0.0037,0.109,1,55,95,104
mit_vierlinge,5.4,2.0,47,104,0.4519,0.3597,0.5476,0,47,0.0,0.0,0.0756,1,56,95,104
mit_vierlinge,5.4,2.1,46,104,0.4423,0.3506,0.5381,0,46,0.0,0.0,0.0771,1,57,95,104
mit_vierlinge,5.4,2.2,45,104,0.4327,0.3415,0.5286,0,45,0.0,0.0,0.0787,1,58,95,104
mit_vierlinge,5.4,2.3,44,104,0.4231,0.3325,0.5191,0,44,0.0,0.0,0.0803,1,59,95,104
mit_vierlinge,5.4,2.4,44,104,0.4231,0.3325,0.5191,0,44,0.0,0.0,0.0803,1,59,95,104
mit_vierlinge,5.4,2.5,43,104,0.4135,0.3235,0.5095,0,43,0.0,0.0,0.082,1,60,95,104
mit_vierlinge,5.4,2.6,43,104,0.4135,0.3235,0.5095,0,43,0.0,0.0,0.082,1,60,95,104
mit_vierlinge,5.4,2.7,42,104,0.4038,0.3146,0.4999,0,42,0.0,0.0,0.0838,1,61,95,104
mit_vierlinge,5.4,2.8,41,104,0.3942,0.3057,0.4903,0,41,0.0,0.0,0.0857,1,62,95,104
mit_vierlinge,5.4,2.9,41,104,0.3942,0.3057,0.4903,0,41,0.0,0.0,0.0857,1,62,95,104
mit_vierlinge,5.4,3.0,41,104,0.3942,0.3057,0.4903,0,41,0.0,0.0,0.0857,1,62,95,104
mit_vierlinge,5.4,3.1,41,104,0.3942,0.3057,0.4903,0,41,0.0,0.0,0.0857,1,62,95,104
mit_vierlinge,5.4,3.2,41,104,0.3942,0.3057,0.4903,0,41,0.0,0.0,0.0857,1,62,95,104
mit_vierlinge,5.4,3.3,41,104,0.3942,0.3057,0.4903,0,41,0.0,0.0,0.0857,1,62,95,104
mit_vierlinge,5.4,3.4,40,104,0.3846,0.2968,0.4806,0,40,0.0,0.0,0.0876,1,63,95,104
mit_vierlinge,5.4,3.5,40,104,0.3846,0.2968,0.4806,0,40,0.0,0.0,0.0876,1,63,95,104
mit_vierlinge,5.4,3.6,40,104,0.3846,0.2968,0.4806,0,40,0.0,0.0,0.0876,1,63,95,104
mit_vierlinge,5.4,3.7,38,104,0.3654,0.2792,0.4612,0,38,0.0,0.0,0.0918,1,65,95,104
mit_vierlinge,5.4,3.8,38,104,0.3654,0.2792,0.4612,0,38,0.0,0.0,0.0918,1,65,95,104
mit_vierlinge,5.4,3.9,38,104,0.3654,0.2792,0.4612,0,38,0.0,0.0,0.0918,1,65,95,104
mit_vierlinge,5.4,4.0,38,104,0.3654,0.2792,0.4612,0,38,0.0,0.0,0.0918,1,65,95,104
mit_vierlinge,5.4,4.1,38,104,0.3654,0.2792,0.4612,0,38,0.0,0.0,0.0918,1,65,95,104
mit_vierlinge,5.4,4.2,38,104,0.3654,0.2792,0.4612,0,38,0.0,0.0,0.0918,1,65,95,104
mit_vierlinge,5.4,4.3,37,104,0.3558,0.2704,0.4514,0,37,0.0,0.0,0.0941,1,66,95,104
mit_vierlinge,5.4,4.4,36,104,0.3462,0.2617,0.4416,0,36,0.0,0.0,0.0964,1,67,95,104
mit_vierlinge,5.4,4.5,36,104,0.3462,0.2617,0.4416,0,36,0.0,0.0,0.0964,1,67,95,104
mit_vierlinge,5.4,4.6,34,104,0.3269,0.2443,0.4218,0,34,0.0,0.0,0.1015,1,69,95,104
mit_vierlinge,5.4,4.7,34,104,0.3269,0.2443,0.4218,0,34,0.0,0.0,0.1015,1,69,95,104
mit_vierlinge,5.4,4.8,34,104,0.3269,0.2443,0.4218,0,34,0.0,0.0,0.1015,1,69,95,104
mit_vierlinge,5.4,4.9,34,104,0.3269,0.2443,0.4218,0,34,0.0,0.0,0.1015,1,69,95,104
mit_vierlinge,5.4,5.0,34,104,0.3269,0.2443,0.4218,0,34,0.0,0.0,0.1015,1,69,95,104
mit_vierlinge,5.5,0.0,103,104,0.9904,0.9475,0.9983,8,103,0.0777,0.0399,0.1458,1,0,95,104
mit_vierlinge,5.5,0.1,97,104,0.9327,0.8675,0.967,6,97,0.0619,0.0287,0.1284,1,6,95,104
mit_vierlinge,5.5,0.2,89,104,0.8558,0.7756,0.9106,4,89,0.0449,0.0176,0.1099,1,14,95,104
mit_vierlinge,5.5,0.3,84,104,0.8077,0.7215,0.8719,2,84,0.0238,0.0066,0.0827,1,19,95,104
mit_vierlinge,5.5,0.4,82,104,0.7885,0.7004,0.8559,2,82,0.0244,0.0067,0.0846,1,21,95,104
mit_vierlinge,5.5,0.5,78,104,0.75,0.6589,0.8233,2,78,0.0256,0.0071,0.0888,1,25,95,104
mit_vierlinge,5.5,0.6,75,104,0.7212,0.6283,0.7983,2,75,0.0267,0.0073,0.0921,1,28,95,104
mit_vierlinge,5.5,0.7,72,104,0.6923,0.5981,0.7728,2,72,0.0278,0.0077,0.0957,1,31,95,104
mit_vierlinge,5.5,0.8,70,104,0.6731,0.5782,0.7557,2,70,0.0286,0.0079,0.0983,1,33,95,104
mit_vierlinge,5.5,0.9,65,104,0.625,0.5291,0.712,2,65,0.0308,0.0085,0.1054,1,38,95,104
mit_vierlinge,5.5,1.0,61,104,0.5865,0.4905,0.6765,2,61,0.0328,0.009,0.1119,1,42,95,104
mit_vierlinge,5.5,1.1,60,104,0.5769,0.4809,0.6675,2,60,0.0333,0.0092,0.1136,1,43,95,104
mit_vierlinge,5.5,1.2,56,104,0.5385,0.443,0.6312,2,56,0.0357,0.0098,0.1212,1,47,95,104
mit_vierlinge,5.5,1.3,51,104,0.4904,0.3964,0.5851,1,51,0.0196,0.0035,0.103,1,52,95,104
mit_vierlinge,5.5,1.4,50,104,0.4808,0.3872,0.5758,1,50,0.02,0.0035,0.105,1,53,95,104
mit_vierlinge,5.5,1.5,49,104,0.4712,0.378,0.5664,1,49,0.0204,0.0036,0.1069,1,54,95,104
mit_vierlinge,5.5,1.6,48,104,0.4615,0.3688,0.557,1,48,0.0208,0.0037,0.109,1,55,95,104
mit_vierlinge,5.5,1.7,48,104,0.4615,0.3688,0.557,1,48,0.0208,0.0037,0.109,1,55,95,104
mit_vierlinge,5.5,1.8,48,104,0.4615,0.3688,0.557,1,48,0.0208,0.0037,0.109,1,55,95,104
mit_vierlinge,5.5,1.9,48,104,0.4615,0.3688,0.557,1,48,0.0208,0.0037,0.109,1,55,95,104
mit_vierlinge,5.5,2.0,47,104,0.4519,0.3597,0.5476,0,47,0.0,0.0,0.0756,1,56,95,104
mit_vierlinge,5.5,2.1,46,104,0.4423,0.3506,0.5381,0,46,0.0,0.0,0.0771,1,57,95,104
mit_vierlinge,5.5,2.2,45,104,0.4327,0.3415,0.5286,0,45,0.0,0.0,0.0787,1,58,95,104
mit_vierlinge,5.5,2.3,44,104,0.4231,0.3325,0.5191,0,44,0.0,0.0,0.0803,1,59,95,104
mit_vierlinge,5.5,2.4,44,104,0.4231,0.3325,0.5191,0,44,0.0,0.0,0.0803,1,59,95,104
mit_vierlinge,5.5,2.5,43,104,0.4135,0.3235,0.5095,0,43,0.0,0.0,0.082,1,60,95,104
mit_vierlinge,5.5,2.6,43,104,0.4135,0.3235,0.5095,0,43,0.0,0.0,0.082,1,60,95,104
mit_vierlinge,5.5,2.7,42,104,0.4038,0.3146,0.4999,0,42,0.0,0.0,0.0838,1,61,95,104
mit_vierlinge,5.5,2.8,41,104,0.3942,0.3057,0.4903,0,41,0.0,0.0,0.0857,1,62,95,104
mit_vierlinge,5.5,2.9,41,104,0.3942,0.3057,0.4903,0,41,0.0,0.0,0.0857,1,62,95,104
mit_vierlinge,5.5,3.0,41,104,0.3942,0.3057,0.4903,0,41,0.0,0.0,0.0857,1,62,95,104
mit_vierlinge,5.5,3.1,41,104,0.3942,0.3057,0.4903,0,41,0.0,0.0,0.0857,1,62,95,104
mit_vierlinge,5.5,3.2,41,104,0.3942,0.3057,0.4903,0,41,0.0,0.0,0.0857,1,62,95,104
mit_vierlinge,5.5,3.3,41,104,0.3942,0.3057,0.4903,0,41,0.0,0.0,0.0857,1,62,95,104
mit_vierlinge,5.5,3.4,40,104,0.3846,0.2968,0.4806,0,40,0.0,0.0,0.0876,1,63,95,104
mit_vierlinge,5.5,3.5,40,104,0.3846,0.2968,0.4806,0,40,0.0,0.0,0.0876,1,63,95,104
mit_vierlinge,5.5,3.6,40,104,0.3846,0.2968,0.4806,0,40,0.0,0.0,0.0876,1,63,95,104
mit_vierlinge,5.5,3.7,38,104,0.3654,0.2792,0.4612,0,38,0.0,0.0,0.0918,1,65,95,104
mit_vierlinge,5.5,3.8,38,104,0.3654,0.2792,0.4612,0,38,0.0,0.0,0.0918,1,65,95,104
mit_vierlinge,5.5,3.9,38,104,0.3654,0.2792,0.4612,0,38,0.0,0.0,0.0918,1,65,95,104
mit_vierlinge,5.5,4.0,38,104,0.3654,0.2792,0.4612,0,38,0.0,0.0,0.0918,1,65,95,104
mit_vierlinge,5.5,4.1,38,104,0.3654,0.2792,0.4612,0,38,0.0,0.0,0.0918,1,65,95,104
mit_vierlinge,5.5,4.2,38,104,0.3654,0.2792,0.4612,0,38,0.0,0.0,0.0918,1,65,95,104
mit_vierlinge,5.5,4.3,37,104,0.3558,0.2704,0.4514,0,37,0.0,0.0,0.0941,1,66,95,104
mit_vierlinge,5.5,4.4,36,104,0.3462,0.2617,0.4416,0,36,0.0,0.0,0.0964,1,67,95,104
mit_vierlinge,5.5,4.5,36,104,0.3462,0.2617,0.4416,0,36,0.0,0.0,0.0964,1,67,95,104
mit_vierlinge,5.5,4.6,34,104,0.3269,0.2443,0.4218,0,34,0.0,0.0,0.1015,1,69,95,104
mit_vierlinge,5.5,4.7,34,104,0.3269,0.2443,0.4218,0,34,0.0,0.0,0.1015,1,69,95,104
mit_vierlinge,5.5,4.8,34,104,0.3269,0.2443,0.4218,0,34,0.0,0.0,0.1015,1,69,95,104
mit_vierlinge,5.5,4.9,34,104,0.3269,0.2443,0.4218,0,34,0.0,0.0,0.1015,1,69,95,104
mit_vierlinge,5.5,5.0,34,104,0.3269,0.2443,0.4218,0,34,0.0,0.0,0.1015,1,69,95,104
mit_vierlinge,5.6,0.0,103,104,0.9904,0.9475,0.9983,8,103,0.0777,0.0399,0.1458,1,0,95,104
mit_vierlinge,5.6,0.1,97,104,0.9327,0.8675,0.967,6,97,0.0619,0.0287,0.1284,1,6,95,104
mit_vierlinge,5.6,0.2,89,104,0.8558,0.7756,0.9106,4,89,0.0449,0.0176,0.1099,1,14,95,104
mit_vierlinge,5.6,0.3,84,104,0.8077,0.7215,0.8719,2,84,0.0238,0.0066,0.0827,1,19,95,104
mit_vierlinge,5.6,0.4,82,104,0.7885,0.7004,0.8559,2,82,0.0244,0.0067,0.0846,1,21,95,104
mit_vierlinge,5.6,0.5,78,104,0.75,0.6589,0.8233,2,78,0.0256,0.0071,0.0888,1,25,95,104
mit_vierlinge,5.6,0.6,75,104,0.7212,0.6283,0.7983,2,75,0.0267,0.0073,0.0921,1,28,95,104
mit_vierlinge,5.6,0.7,72,104,0.6923,0.5981,0.7728,2,72,0.0278,0.0077,0.0957,1,31,95,104
mit_vierlinge,5.6,0.8,70,104,0.6731,0.5782,0.7557,2,70,0.0286,0.0079,0.0983,1,33,95,104
mit_vierlinge,5.6,0.9,65,104,0.625,0.5291,0.712,2,65,0.0308,0.0085,0.1054,1,38,95,104
mit_vierlinge,5.6,1.0,61,104,0.5865,0.4905,0.6765,2,61,0.0328,0.009,0.1119,1,42,95,104
mit_vierlinge,5.6,1.1,60,104,0.5769,0.4809,0.6675,2,60,0.0333,0.0092,0.1136,1,43,95,104
mit_vierlinge,5.6,1.2,56,104,0.5385,0.443,0.6312,2,56,0.0357,0.0098,0.1212,1,47,95,104
mit_vierlinge,5.6,1.3,51,104,0.4904,0.3964,0.5851,1,51,0.0196,0.0035,0.103,1,52,95,104
mit_vierlinge,5.6,1.4,50,104,0.4808,0.3872,0.5758,1,50,0.02,0.0035,0.105,1,53,95,104
mit_vierlinge,5.6,1.5,49,104,0.4712,0.378,0.5664,1,49,0.0204,0.0036,0.1069,1,54,95,104
mit_vierlinge,5.6,1.6,48,104,0.4615,0.3688,0.557,1,48,0.0208,0.0037,0.109,1,55,95,104
mit_vierlinge,5.6,1.7,48,104,0.4615,0.3688,0.557,1,48,0.0208,0.0037,0.109,1,55,95,104
mit_vierlinge,5.6,1.8,48,104,0.4615,0.3688,0.557,1,48,0.0208,0.0037,0.109,1,55,95,104
mit_vierlinge,5.6,1.9,48,104,0.4615,0.3688,0.557,1,48,0.0208,0.0037,0.109,1,55,95,104
mit_vierlinge,5.6,2.0,47,104,0.4519,0.3597,0.5476,0,47,0.0,0.0,0.0756,1,56,95,104
mit_vierlinge,5.6,2.1,46,104,0.4423,0.3506,0.5381,0,46,0.0,0.0,0.0771,1,57,95,104
mit_vierlinge,5.6,2.2,45,104,0.4327,0.3415,0.5286,0,45,0.0,0.0,0.0787,1,58,95,104
mit_vierlinge,5.6,2.3,44,104,0.4231,0.3325,0.5191,0,44,0.0,0.0,0.0803,1,59,95,104
mit_vierlinge,5.6,2.4,44,104,0.4231,0.3325,0.5191,0,44,0.0,0.0,0.0803,1,59,95,104
mit_vierlinge,5.6,2.5,43,104,0.4135,0.3235,0.5095,0,43,0.0,0.0,0.082,1,60,95,104
mit_vierlinge,5.6,2.6,43,104,0.4135,0.3235,0.5095,0,43,0.0,0.0,0.082,1,60,95,104
mit_vierlinge,5.6,2.7,42,104,0.4038,0.3146,0.4999,0,42,0.0,0.0,0.0838,1,61,95,104
mit_vierlinge,5.6,2.8,41,104,0.3942,0.3057,0.4903,0,41,0.0,0.0,0.0857,1,62,95,104
mit_vierlinge,5.6,2.9,41,104,0.3942,0.3057,0.4903,0,41,0.0,0.0,0.0857,1,62,95,104
mit_vierlinge,5.6,3.0,41,104,0.3942,0.3057,0.4903,0,41,0.0,0.0,0.0857,1,62,95,104
mit_vierlinge,5.6,3.1,41,104,0.3942,0.3057,0.4903,0,41,0.0,0.0,0.0857,1,62,95,104
mit_vierlinge,5.6,3.2,41,104,0.3942,0.3057,0.4903,0,41,0.0,0.0,0.0857,1,62,95,104
mit_vierlinge,5.6,3.3,41,104,0.3942,0.3057,0.4903,0,41,0.0,0.0,0.0857,1,62,95,104
mit_vierlinge,5.6,3.4,40,104,0.3846,0.2968,0.4806,0,40,0.0,0.0,0.0876,1,63,95,104
mit_vierlinge,5.6,3.5,40,104,0.3846,0.2968,0.4806,0,40,0.0,0.0,0.0876,1,63,95,104
mit_vierlinge,5.6,3.6,40,104,0.3846,0.2968,0.4806,0,40,0.0,0.0,0.0876,1,63,95,104
mit_vierlinge,5.6,3.7,38,104,0.3654,0.2792,0.4612,0,38,0.0,0.0,0.0918,1,65,95,104
mit_vierlinge,5.6,3.8,38,104,0.3654,0.2792,0.4612,0,38,0.0,0.0,0.0918,1,65,95,104
mit_vierlinge,5.6,3.9,38,104,0.3654,0.2792,0.4612,0,38,0.0,0.0,0.0918,1,65,95,104
mit_vierlinge,5.6,4.0,38,104,0.3654,0.2792,0.4612,0,38,0.0,0.0,0.0918,1,65,95,104
mit_vierlinge,5.6,4.1,38,104,0.3654,0.2792,0.4612,0,38,0.0,0.0,0.0918,1,65,95,104
mit_vierlinge,5.6,4.2,38,104,0.3654,0.2792,0.4612,0,38,0.0,0.0,0.0918,1,65,95,104
mit_vierlinge,5.6,4.3,37,104,0.3558,0.2704,0.4514,0,37,0.0,0.0,0.0941,1,66,95,104
mit_vierlinge,5.6,4.4,36,104,0.3462,0.2617,0.4416,0,36,0.0,0.0,0.0964,1,67,95,104
mit_vierlinge,5.6,4.5,36,104,0.3462,0.2617,0.4416,0,36,0.0,0.0,0.0964,1,67,95,104
mit_vierlinge,5.6,4.6,34,104,0.3269,0.2443,0.4218,0,34,0.0,0.0,0.1015,1,69,95,104
mit_vierlinge,5.6,4.7,34,104,0.3269,0.2443,0.4218,0,34,0.0,0.0,0.1015,1,69,95,104
mit_vierlinge,5.6,4.8,34,104,0.3269,0.2443,0.4218,0,34,0.0,0.0,0.1015,1,69,95,104
mit_vierlinge,5.6,4.9,34,104,0.3269,0.2443,0.4218,0,34,0.0,0.0,0.1015,1,69,95,104
mit_vierlinge,5.6,5.0,34,104,0.3269,0.2443,0.4218,0,34,0.0,0.0,0.1015,1,69,95,104
mit_vierlinge,5.7,0.0,103,104,0.9904,0.9475,0.9983,8,103,0.0777,0.0399,0.1458,1,0,95,104
mit_vierlinge,5.7,0.1,97,104,0.9327,0.8675,0.967,6,97,0.0619,0.0287,0.1284,1,6,95,104
mit_vierlinge,5.7,0.2,89,104,0.8558,0.7756,0.9106,4,89,0.0449,0.0176,0.1099,1,14,95,104
mit_vierlinge,5.7,0.3,84,104,0.8077,0.7215,0.8719,2,84,0.0238,0.0066,0.0827,1,19,95,104
mit_vierlinge,5.7,0.4,82,104,0.7885,0.7004,0.8559,2,82,0.0244,0.0067,0.0846,1,21,95,104
mit_vierlinge,5.7,0.5,78,104,0.75,0.6589,0.8233,2,78,0.0256,0.0071,0.0888,1,25,95,104
mit_vierlinge,5.7,0.6,75,104,0.7212,0.6283,0.7983,2,75,0.0267,0.0073,0.0921,1,28,95,104
mit_vierlinge,5.7,0.7,72,104,0.6923,0.5981,0.7728,2,72,0.0278,0.0077,0.0957,1,31,95,104
mit_vierlinge,5.7,0.8,70,104,0.6731,0.5782,0.7557,2,70,0.0286,0.0079,0.0983,1,33,95,104
mit_vierlinge,5.7,0.9,65,104,0.625,0.5291,0.712,2,65,0.0308,0.0085,0.1054,1,38,95,104
mit_vierlinge,5.7,1.0,61,104,0.5865,0.4905,0.6765,2,61,0.0328,0.009,0.1119,1,42,95,104
mit_vierlinge,5.7,1.1,60,104,0.5769,0.4809,0.6675,2,60,0.0333,0.0092,0.1136,1,43,95,104
mit_vierlinge,5.7,1.2,56,104,0.5385,0.443,0.6312,2,56,0.0357,0.0098,0.1212,1,47,95,104
mit_vierlinge,5.7,1.3,51,104,0.4904,0.3964,0.5851,1,51,0.0196,0.0035,0.103,1,52,95,104
mit_vierlinge,5.7,1.4,50,104,0.4808,0.3872,0.5758,1,50,0.02,0.0035,0.105,1,53,95,104
mit_vierlinge,5.7,1.5,49,104,0.4712,0.378,0.5664,1,49,0.0204,0.0036,0.1069,1,54,95,104
mit_vierlinge,5.7,1.6,48,104,0.4615,0.3688,0.557,1,48,0.0208,0.0037,0.109,1,55,95,104
mit_vierlinge,5.7,1.7,48,104,0.4615,0.3688,0.557,1,48,0.0208,0.0037,0.109,1,55,95,104
mit_vierlinge,5.7,1.8,48,104,0.4615,0.3688,0.557,1,48,0.0208,0.0037,0.109,1,55,95,104
mit_vierlinge,5.7,1.9,48,104,0.4615,0.3688,0.557,1,48,0.0208,0.0037,0.109,1,55,95,104
mit_vierlinge,5.7,2.0,47,104,0.4519,0.3597,0.5476,0,47,0.0,0.0,0.0756,1,56,95,104
mit_vierlinge,5.7,2.1,46,104,0.4423,0.3506,0.5381,0,46,0.0,0.0,0.0771,1,57,95,104
mit_vierlinge,5.7,2.2,45,104,0.4327,0.3415,0.5286,0,45,0.0,0.0,0.0787,1,58,95,104
mit_vierlinge,5.7,2.3,44,104,0.4231,0.3325,0.5191,0,44,0.0,0.0,0.0803,1,59,95,104
mit_vierlinge,5.7,2.4,44,104,0.4231,0.3325,0.5191,0,44,0.0,0.0,0.0803,1,59,95,104
mit_vierlinge,5.7,2.5,43,104,0.4135,0.3235,0.5095,0,43,0.0,0.0,0.082,1,60,95,104
mit_vierlinge,5.7,2.6,43,104,0.4135,0.3235,0.5095,0,43,0.0,0.0,0.082,1,60,95,104
mit_vierlinge,5.7,2.7,42,104,0.4038,0.3146,0.4999,0,42,0.0,0.0,0.0838,1,61,95,104
mit_vierlinge,5.7,2.8,41,104,0.3942,0.3057,0.4903,0,41,0.0,0.0,0.0857,1,62,95,104
mit_vierlinge,5.7,2.9,41,104,0.3942,0.3057,0.4903,0,41,0.0,0.0,0.0857,1,62,95,104
mit_vierlinge,5.7,3.0,41,104,0.3942,0.3057,0.4903,0,41,0.0,0.0,0.0857,1,62,95,104
mit_vierlinge,5.7,3.1,41,104,0.3942,0.3057,0.4903,0,41,0.0,0.0,0.0857,1,62,95,104
mit_vierlinge,5.7,3.2,41,104,0.3942,0.3057,0.4903,0,41,0.0,0.0,0.0857,1,62,95,104
mit_vierlinge,5.7,3.3,41,104,0.3942,0.3057,0.4903,0,41,0.0,0.0,0.0857,1,62,95,104
mit_vierlinge,5.7,3.4,40,104,0.3846,0.2968,0.4806,0,40,0.0,0.0,0.0876,1,63,95,104
mit_vierlinge,5.7,3.5,40,104,0.3846,0.2968,0.4806,0,40,0.0,0.0,0.0876,1,63,95,104
mit_vierlinge,5.7,3.6,40,104,0.3846,0.2968,0.4806,0,40,0.0,0.0,0.0876,1,63,95,104
mit_vierlinge,5.7,3.7,38,104,0.3654,0.2792,0.4612,0,38,0.0,0.0,0.0918,1,65,95,104
mit_vierlinge,5.7,3.8,38,104,0.3654,0.2792,0.4612,0,38,0.0,0.0,0.0918,1,65,95,104
mit_vierlinge,5.7,3.9,38,104,0.3654,0.2792,0.4612,0,38,0.0,0.0,0.0918,1,65,95,104
mit_vierlinge,5.7,4.0,38,104,0.3654,0.2792,0.4612,0,38,0.0,0.0,0.0918,1,65,95,104
mit_vierlinge,5.7,4.1,38,104,0.3654,0.2792,0.4612,0,38,0.0,0.0,0.0918,1,65,95,104
mit_vierlinge,5.7,4.2,38,104,0.3654,0.2792,0.4612,0,38,0.0,0.0,0.0918,1,65,95,104
mit_vierlinge,5.7,4.3,37,104,0.3558,0.2704,0.4514,0,37,0.0,0.0,0.0941,1,66,95,104
mit_vierlinge,5.7,4.4,36,104,0.3462,0.2617,0.4416,0,36,0.0,0.0,0.0964,1,67,95,104
mit_vierlinge,5.7,4.5,36,104,0.3462,0.2617,0.4416,0,36,0.0,0.0,0.0964,1,67,95,104
mit_vierlinge,5.7,4.6,34,104,0.3269,0.2443,0.4218,0,34,0.0,0.0,0.1015,1,69,95,104
mit_vierlinge,5.7,4.7,34,104,0.3269,0.2443,0.4218,0,34,0.0,0.0,0.1015,1,69,95,104
mit_vierlinge,5.7,4.8,34,104,0.3269,0.2443,0.4218,0,34,0.0,0.0,0.1015,1,69,95,104
mit_vierlinge,5.7,4.9,34,104,0.3269,0.2443,0.4218,0,34,0.0,0.0,0.1015,1,69,95,104
mit_vierlinge,5.7,5.0,34,104,0.3269,0.2443,0.4218,0,34,0.0,0.0,0.1015,1,69,95,104
mit_vierlinge,5.8,0.0,103,104,0.9904,0.9475,0.9983,8,103,0.0777,0.0399,0.1458,1,0,95,104
mit_vierlinge,5.8,0.1,97,104,0.9327,0.8675,0.967,6,97,0.0619,0.0287,0.1284,1,6,95,104
mit_vierlinge,5.8,0.2,89,104,0.8558,0.7756,0.9106,4,89,0.0449,0.0176,0.1099,1,14,95,104
mit_vierlinge,5.8,0.3,84,104,0.8077,0.7215,0.8719,2,84,0.0238,0.0066,0.0827,1,19,95,104
mit_vierlinge,5.8,0.4,82,104,0.7885,0.7004,0.8559,2,82,0.0244,0.0067,0.0846,1,21,95,104
mit_vierlinge,5.8,0.5,78,104,0.75,0.6589,0.8233,2,78,0.0256,0.0071,0.0888,1,25,95,104
mit_vierlinge,5.8,0.6,75,104,0.7212,0.6283,0.7983,2,75,0.0267,0.0073,0.0921,1,28,95,104
mit_vierlinge,5.8,0.7,72,104,0.6923,0.5981,0.7728,2,72,0.0278,0.0077,0.0957,1,31,95,104
mit_vierlinge,5.8,0.8,70,104,0.6731,0.5782,0.7557,2,70,0.0286,0.0079,0.0983,1,33,95,104
mit_vierlinge,5.8,0.9,65,104,0.625,0.5291,0.712,2,65,0.0308,0.0085,0.1054,1,38,95,104
mit_vierlinge,5.8,1.0,61,104,0.5865,0.4905,0.6765,2,61,0.0328,0.009,0.1119,1,42,95,104
mit_vierlinge,5.8,1.1,60,104,0.5769,0.4809,0.6675,2,60,0.0333,0.0092,0.1136,1,43,95,104
mit_vierlinge,5.8,1.2,56,104,0.5385,0.443,0.6312,2,56,0.0357,0.0098,0.1212,1,47,95,104
mit_vierlinge,5.8,1.3,51,104,0.4904,0.3964,0.5851,1,51,0.0196,0.0035,0.103,1,52,95,104
mit_vierlinge,5.8,1.4,50,104,0.4808,0.3872,0.5758,1,50,0.02,0.0035,0.105,1,53,95,104
mit_vierlinge,5.8,1.5,49,104,0.4712,0.378,0.5664,1,49,0.0204,0.0036,0.1069,1,54,95,104
mit_vierlinge,5.8,1.6,48,104,0.4615,0.3688,0.557,1,48,0.0208,0.0037,0.109,1,55,95,104
mit_vierlinge,5.8,1.7,48,104,0.4615,0.3688,0.557,1,48,0.0208,0.0037,0.109,1,55,95,104
mit_vierlinge,5.8,1.8,48,104,0.4615,0.3688,0.557,1,48,0.0208,0.0037,0.109,1,55,95,104
mit_vierlinge,5.8,1.9,48,104,0.4615,0.3688,0.557,1,48,0.0208,0.0037,0.109,1,55,95,104
mit_vierlinge,5.8,2.0,47,104,0.4519,0.3597,0.5476,0,47,0.0,0.0,0.0756,1,56,95,104
mit_vierlinge,5.8,2.1,46,104,0.4423,0.3506,0.5381,0,46,0.0,0.0,0.0771,1,57,95,104
mit_vierlinge,5.8,2.2,45,104,0.4327,0.3415,0.5286,0,45,0.0,0.0,0.0787,1,58,95,104
mit_vierlinge,5.8,2.3,44,104,0.4231,0.3325,0.5191,0,44,0.0,0.0,0.0803,1,59,95,104
mit_vierlinge,5.8,2.4,44,104,0.4231,0.3325,0.5191,0,44,0.0,0.0,0.0803,1,59,95,104
mit_vierlinge,5.8,2.5,43,104,0.4135,0.3235,0.5095,0,43,0.0,0.0,0.082,1,60,95,104
mit_vierlinge,5.8,2.6,43,104,0.4135,0.3235,0.5095,0,43,0.0,0.0,0.082,1,60,95,104
mit_vierlinge,5.8,2.7,42,104,0.4038,0.3146,0.4999,0,42,0.0,0.0,0.0838,1,61,95,104
mit_vierlinge,5.8,2.8,41,104,0.3942,0.3057,0.4903,0,41,0.0,0.0,0.0857,1,62,95,104
mit_vierlinge,5.8,2.9,41,104,0.3942,0.3057,0.4903,0,41,0.0,0.0,0.0857,1,62,95,104
mit_vierlinge,5.8,3.0,41,104,0.3942,0.3057,0.4903,0,41,0.0,0.0,0.0857,1,62,95,104
mit_vierlinge,5.8,3.1,41,104,0.3942,0.3057,0.4903,0,41,0.0,0.0,0.0857,1,62,95,104
mit_vierlinge,5.8,3.2,41,104,0.3942,0.3057,0.4903,0,41,0.0,0.0,0.0857,1,62,95,104
mit_vierlinge,5.8,3.3,41,104,0.3942,0.3057,0.4903,0,41,0.0,0.0,0.0857,1,62,95,104
mit_vierlinge,5.8,3.4,40,104,0.3846,0.2968,0.4806,0,40,0.0,0.0,0.0876,1,63,95,104
mit_vierlinge,5.8,3.5,40,104,0.3846,0.2968,0.4806,0,40,0.0,0.0,0.0876,1,63,95,104
mit_vierlinge,5.8,3.6,40,104,0.3846,0.2968,0.4806,0,40,0.0,0.0,0.0876,1,63,95,104
mit_vierlinge,5.8,3.7,38,104,0.3654,0.2792,0.4612,0,38,0.0,0.0,0.0918,1,65,95,104
mit_vierlinge,5.8,3.8,38,104,0.3654,0.2792,0.4612,0,38,0.0,0.0,0.0918,1,65,95,104
mit_vierlinge,5.8,3.9,38,104,0.3654,0.2792,0.4612,0,38,0.0,0.0,0.0918,1,65,95,104
mit_vierlinge,5.8,4.0,38,104,0.3654,0.2792,0.4612,0,38,0.0,0.0,0.0918,1,65,95,104
mit_vierlinge,5.8,4.1,38,104,0.3654,0.2792,0.4612,0,38,0.0,0.0,0.0918,1,65,95,104
mit_vierlinge,5.8,4.2,38,104,0.3654,0.2792,0.4612,0,38,0.0,0.0,0.0918,1,65,95,104
mit_vierlinge,5.8,4.3,37,104,0.3558,0.2704,0.4514,0,37,0.0,0.0,0.0941,1,66,95,104
mit_vierlinge,5.8,4.4,36,104,0.3462,0.2617,0.4416,0,36,0.0,0.0,0.0964,1,67,95,104
mit_vierlinge,5.8,4.5,36,104,0.3462,0.2617,0.4416,0,36,0.0,0.0,0.0964,1,67,95,104
mit_vierlinge,5.8,4.6,34,104,0.3269,0.2443,0.4218,0,34,0.0,0.0,0.1015,1,69,95,104
mit_vierlinge,5.8,4.7,34,104,0.3269,0.2443,0.4218,0,34,0.0,0.0,0.1015,1,69,95,104
mit_vierlinge,5.8,4.8,34,104,0.3269,0.2443,0.4218,0,34,0.0,0.0,0.1015,1,69,95,104
mit_vierlinge,5.8,4.9,34,104,0.3269,0.2443,0.4218,0,34,0.0,0.0,0.1015,1,69,95,104
mit_vierlinge,5.8,5.0,34,104,0.3269,0.2443,0.4218,0,34,0.0,0.0,0.1015,1,69,95,104
mit_vierlinge,5.9,0.0,103,104,0.9904,0.9475,0.9983,8,103,0.0777,0.0399,0.1458,1,0,95,104
mit_vierlinge,5.9,0.1,97,104,0.9327,0.8675,0.967,6,97,0.0619,0.0287,0.1284,1,6,95,104
mit_vierlinge,5.9,0.2,89,104,0.8558,0.7756,0.9106,4,89,0.0449,0.0176,0.1099,1,14,95,104
mit_vierlinge,5.9,0.3,84,104,0.8077,0.7215,0.8719,2,84,0.0238,0.0066,0.0827,1,19,95,104
mit_vierlinge,5.9,0.4,82,104,0.7885,0.7004,0.8559,2,82,0.0244,0.0067,0.0846,1,21,95,104
mit_vierlinge,5.9,0.5,78,104,0.75,0.6589,0.8233,2,78,0.0256,0.0071,0.0888,1,25,95,104
mit_vierlinge,5.9,0.6,75,104,0.7212,0.6283,0.7983,2,75,0.0267,0.0073,0.0921,1,28,95,104
mit_vierlinge,5.9,0.7,72,104,0.6923,0.5981,0.7728,2,72,0.0278,0.0077,0.0957,1,31,95,104
mit_vierlinge,5.9,0.8,70,104,0.6731,0.5782,0.7557,2,70,0.0286,0.0079,0.0983,1,33,95,104
mit_vierlinge,5.9,0.9,65,104,0.625,0.5291,0.712,2,65,0.0308,0.0085,0.1054,1,38,95,104
mit_vierlinge,5.9,1.0,61,104,0.5865,0.4905,0.6765,2,61,0.0328,0.009,0.1119,1,42,95,104
mit_vierlinge,5.9,1.1,60,104,0.5769,0.4809,0.6675,2,60,0.0333,0.0092,0.1136,1,43,95,104
mit_vierlinge,5.9,1.2,56,104,0.5385,0.443,0.6312,2,56,0.0357,0.0098,0.1212,1,47,95,104
mit_vierlinge,5.9,1.3,51,104,0.4904,0.3964,0.5851,1,51,0.0196,0.0035,0.103,1,52,95,104
mit_vierlinge,5.9,1.4,50,104,0.4808,0.3872,0.5758,1,50,0.02,0.0035,0.105,1,53,95,104
mit_vierlinge,5.9,1.5,49,104,0.4712,0.378,0.5664,1,49,0.0204,0.0036,0.1069,1,54,95,104
mit_vierlinge,5.9,1.6,48,104,0.4615,0.3688,0.557,1,48,0.0208,0.0037,0.109,1,55,95,104
mit_vierlinge,5.9,1.7,48,104,0.4615,0.3688,0.557,1,48,0.0208,0.0037,0.109,1,55,95,104
mit_vierlinge,5.9,1.8,48,104,0.4615,0.3688,0.557,1,48,0.0208,0.0037,0.109,1,55,95,104
mit_vierlinge,5.9,1.9,48,104,0.4615,0.3688,0.557,1,48,0.0208,0.0037,0.109,1,55,95,104
mit_vierlinge,5.9,2.0,47,104,0.4519,0.3597,0.5476,0,47,0.0,0.0,0.0756,1,56,95,104
mit_vierlinge,5.9,2.1,46,104,0.4423,0.3506,0.5381,0,46,0.0,0.0,0.0771,1,57,95,104
mit_vierlinge,5.9,2.2,45,104,0.4327,0.3415,0.5286,0,45,0.0,0.0,0.0787,1,58,95,104
mit_vierlinge,5.9,2.3,44,104,0.4231,0.3325,0.5191,0,44,0.0,0.0,0.0803,1,59,95,104
mit_vierlinge,5.9,2.4,44,104,0.4231,0.3325,0.5191,0,44,0.0,0.0,0.0803,1,59,95,104
mit_vierlinge,5.9,2.5,43,104,0.4135,0.3235,0.5095,0,43,0.0,0.0,0.082,1,60,95,104
mit_vierlinge,5.9,2.6,43,104,0.4135,0.3235,0.5095,0,43,0.0,0.0,0.082,1,60,95,104
mit_vierlinge,5.9,2.7,42,104,0.4038,0.3146,0.4999,0,42,0.0,0.0,0.0838,1,61,95,104
mit_vierlinge,5.9,2.8,41,104,0.3942,0.3057,0.4903,0,41,0.0,0.0,0.0857,1,62,95,104
mit_vierlinge,5.9,2.9,41,104,0.3942,0.3057,0.4903,0,41,0.0,0.0,0.0857,1,62,95,104
mit_vierlinge,5.9,3.0,41,104,0.3942,0.3057,0.4903,0,41,0.0,0.0,0.0857,1,62,95,104
mit_vierlinge,5.9,3.1,41,104,0.3942,0.3057,0.4903,0,41,0.0,0.0,0.0857,1,62,95,104
mit_vierlinge,5.9,3.2,41,104,0.3942,0.3057,0.4903,0,41,0.0,0.0,0.0857,1,62,95,104
mit_vierlinge,5.9,3.3,41,104,0.3942,0.3057,0.4903,0,41,0.0,0.0,0.0857,1,62,95,104
mit_vierlinge,5.9,3.4,40,104,0.3846,0.2968,0.4806,0,40,0.0,0.0,0.0876,1,63,95,104
mit_vierlinge,5.9,3.5,40,104,0.3846,0.2968,0.4806,0,40,0.0,0.0,0.0876,1,63,95,104
mit_vierlinge,5.9,3.6,40,104,0.3846,0.2968,0.4806,0,40,0.0,0.0,0.0876,1,63,95,104
mit_vierlinge,5.9,3.7,38,104,0.3654,0.2792,0.4612,0,38,0.0,0.0,0.0918,1,65,95,104
mit_vierlinge,5.9,3.8,38,104,0.3654,0.2792,0.4612,0,38,0.0,0.0,0.0918,1,65,95,104
mit_vierlinge,5.9,3.9,38,104,0.3654,0.2792,0.4612,0,38,0.0,0.0,0.0918,1,65,95,104
mit_vierlinge,5.9,4.0,38,104,0.3654,0.2792,0.4612,0,38,0.0,0.0,0.0918,1,65,95,104
mit_vierlinge,5.9,4.1,38,104,0.3654,0.2792,0.4612,0,38,0.0,0.0,0.0918,1,65,95,104
mit_vierlinge,5.9,4.2,38,104,0.3654,0.2792,0.4612,0,38,0.0,0.0,0.0918,1,65,95,104
mit_vierlinge,5.9,4.3,37,104,0.3558,0.2704,0.4514,0,37,0.0,0.0,0.0941,1,66,95,104
mit_vierlinge,5.9,4.4,36,104,0.3462,0.2617,0.4416,0,36,0.0,0.0,0.0964,1,67,95,104
mit_vierlinge,5.9,4.5,36,104,0.3462,0.2617,0.4416,0,36,0.0,0.0,0.0964,1,67,95,104
mit_vierlinge,5.9,4.6,34,104,0.3269,0.2443,0.4218,0,34,0.0,0.0,0.1015,1,69,95,104
mit_vierlinge,5.9,4.7,34,104,0.3269,0.2443,0.4218,0,34,0.0,0.0,0.1015,1,69,95,104
mit_vierlinge,5.9,4.8,34,104,0.3269,0.2443,0.4218,0,34,0.0,0.0,0.1015,1,69,95,104
mit_vierlinge,5.9,4.9,34,104,0.3269,0.2443,0.4218,0,34,0.0,0.0,0.1015,1,69,95,104
mit_vierlinge,5.9,5.0,34,104,0.3269,0.2443,0.4218,0,34,0.0,0.0,0.1015,1,69,95,104
mit_vierlinge,6.0,0.0,103,104,0.9904,0.9475,0.9983,8,103,0.0777,0.0399,0.1458,1,0,95,104
mit_vierlinge,6.0,0.1,97,104,0.9327,0.8675,0.967,6,97,0.0619,0.0287,0.1284,1,6,95,104
mit_vierlinge,6.0,0.2,89,104,0.8558,0.7756,0.9106,4,89,0.0449,0.0176,0.1099,1,14,95,104
mit_vierlinge,6.0,0.3,84,104,0.8077,0.7215,0.8719,2,84,0.0238,0.0066,0.0827,1,19,95,104
mit_vierlinge,6.0,0.4,82,104,0.7885,0.7004,0.8559,2,82,0.0244,0.0067,0.0846,1,21,95,104
mit_vierlinge,6.0,0.5,78,104,0.75,0.6589,0.8233,2,78,0.0256,0.0071,0.0888,1,25,95,104
mit_vierlinge,6.0,0.6,75,104,0.7212,0.6283,0.7983,2,75,0.0267,0.0073,0.0921,1,28,95,104
mit_vierlinge,6.0,0.7,72,104,0.6923,0.5981,0.7728,2,72,0.0278,0.0077,0.0957,1,31,95,104
mit_vierlinge,6.0,0.8,70,104,0.6731,0.5782,0.7557,2,70,0.0286,0.0079,0.0983,1,33,95,104
mit_vierlinge,6.0,0.9,65,104,0.625,0.5291,0.712,2,65,0.0308,0.0085,0.1054,1,38,95,104
mit_vierlinge,6.0,1.0,61,104,0.5865,0.4905,0.6765,2,61,0.0328,0.009,0.1119,1,42,95,104
mit_vierlinge,6.0,1.1,60,104,0.5769,0.4809,0.6675,2,60,0.0333,0.0092,0.1136,1,43,95,104
mit_vierlinge,6.0,1.2,56,104,0.5385,0.443,0.6312,2,56,0.0357,0.0098,0.1212,1,47,95,104
mit_vierlinge,6.0,1.3,51,104,0.4904,0.3964,0.5851,1,51,0.0196,0.0035,0.103,1,52,95,104
mit_vierlinge,6.0,1.4,50,104,0.4808,0.3872,0.5758,1,50,0.02,0.0035,0.105,1,53,95,104
mit_vierlinge,6.0,1.5,49,104,0.4712,0.378,0.5664,1,49,0.0204,0.0036,0.1069,1,54,95,104
mit_vierlinge,6.0,1.6,48,104,0.4615,0.3688,0.557,1,48,0.0208,0.0037,0.109,1,55,95,104
mit_vierlinge,6.0,1.7,48,104,0.4615,0.3688,0.557,1,48,0.0208,0.0037,0.109,1,55,95,104
mit_vierlinge,6.0,1.8,48,104,0.4615,0.3688,0.557,1,48,0.0208,0.0037,0.109,1,55,95,104
mit_vierlinge,6.0,1.9,48,104,0.4615,0.3688,0.557,1,48,0.0208,0.0037,0.109,1,55,95,104
mit_vierlinge,6.0,2.0,47,104,0.4519,0.3597,0.5476,0,47,0.0,0.0,0.0756,1,56,95,104
mit_vierlinge,6.0,2.1,46,104,0.4423,0.3506,0.5381,0,46,0.0,0.0,0.0771,1,57,95,104
mit_vierlinge,6.0,2.2,45,104,0.4327,0.3415,0.5286,0,45,0.0,0.0,0.0787,1,58,95,104
mit_vierlinge,6.0,2.3,44,104,0.4231,0.3325,0.5191,0,44,0.0,0.0,0.0803,1,59,95,104
mit_vierlinge,6.0,2.4,44,104,0.4231,0.3325,0.5191,0,44,0.0,0.0,0.0803,1,59,95,104
mit_vierlinge,6.0,2.5,43,104,0.4135,0.3235,0.5095,0,43,0.0,0.0,0.082,1,60,95,104
mit_vierlinge,6.0,2.6,43,104,0.4135,0.3235,0.5095,0,43,0.0,0.0,0.082,1,60,95,104
mit_vierlinge,6.0,2.7,42,104,0.4038,0.3146,0.4999,0,42,0.0,0.0,0.0838,1,61,95,104
mit_vierlinge,6.0,2.8,41,104,0.3942,0.3057,0.4903,0,41,0.0,0.0,0.0857,1,62,95,104
mit_vierlinge,6.0,2.9,41,104,0.3942,0.3057,0.4903,0,41,0.0,0.0,0.0857,1,62,95,104
mit_vierlinge,6.0,3.0,41,104,0.3942,0.3057,0.4903,0,41,0.0,0.0,0.0857,1,62,95,104
mit_vierlinge,6.0,3.1,41,104,0.3942,0.3057,0.4903,0,41,0.0,0.0,0.0857,1,62,95,104
mit_vierlinge,6.0,3.2,41,104,0.3942,0.3057,0.4903,0,41,0.0,0.0,0.0857,1,62,95,104
mit_vierlinge,6.0,3.3,41,104,0.3942,0.3057,0.4903,0,41,0.0,0.0,0.0857,1,62,95,104
mit_vierlinge,6.0,3.4,40,104,0.3846,0.2968,0.4806,0,40,0.0,0.0,0.0876,1,63,95,104
mit_vierlinge,6.0,3.5,40,104,0.3846,0.2968,0.4806,0,40,0.0,0.0,0.0876,1,63,95,104
mit_vierlinge,6.0,3.6,40,104,0.3846,0.2968,0.4806,0,40,0.0,0.0,0.0876,1,63,95,104
mit_vierlinge,6.0,3.7,38,104,0.3654,0.2792,0.4612,0,38,0.0,0.0,0.0918,1,65,95,104
mit_vierlinge,6.0,3.8,38,104,0.3654,0.2792,0.4612,0,38,0.0,0.0,0.0918,1,65,95,104
mit_vierlinge,6.0,3.9,38,104,0.3654,0.2792,0.4612,0,38,0.0,0.0,0.0918,1,65,95,104
mit_vierlinge,6.0,4.0,38,104,0.3654,0.2792,0.4612,0,38,0.0,0.0,0.0918,1,65,95,104
mit_vierlinge,6.0,4.1,38,104,0.3654,0.2792,0.4612,0,38,0.0,0.0,0.0918,1,65,95,104
mit_vierlinge,6.0,4.2,38,104,0.3654,0.2792,0.4612,0,38,0.0,0.0,0.0918,1,65,95,104
mit_vierlinge,6.0,4.3,37,104,0.3558,0.2704,0.4514,0,37,0.0,0.0,0.0941,1,66,95,104
mit_vierlinge,6.0,4.4,36,104,0.3462,0.2617,0.4416,0,36,0.0,0.0,0.0964,1,67,95,104
mit_vierlinge,6.0,4.5,36,104,0.3462,0.2617,0.4416,0,36,0.0,0.0,0.0964,1,67,95,104
mit_vierlinge,6.0,4.6,34,104,0.3269,0.2443,0.4218,0,34,0.0,0.0,0.1015,1,69,95,104
mit_vierlinge,6.0,4.7,34,104,0.3269,0.2443,0.4218,0,34,0.0,0.0,0.1015,1,69,95,104
mit_vierlinge,6.0,4.8,34,104,0.3269,0.2443,0.4218,0,34,0.0,0.0,0.1015,1,69,95,104
mit_vierlinge,6.0,4.9,34,104,0.3269,0.2443,0.4218,0,34,0.0,0.0,0.1015,1,69,95,104
mit_vierlinge,6.0,5.0,34,104,0.3269,0.2443,0.4218,0,34,0.0,0.0,0.1015,1,69,95,104
ohne_vierlinge,2.0,0.0,69,92,0.75,0.6527,0.8272,3,69,0.0435,0.0149,0.1202,23,0,84,92
ohne_vierlinge,2.0,0.1,67,92,0.7283,0.6296,0.8086,3,67,0.0448,0.0153,0.1236,23,2,84,92
ohne_vierlinge,2.0,0.2,65,92,0.7065,0.6067,0.7898,2,65,0.0308,0.0085,0.1054,23,4,84,92
ohne_vierlinge,2.0,0.3,63,92,0.6848,0.5841,0.7707,2,63,0.0317,0.0087,0.1086,23,6,84,92
ohne_vierlinge,2.0,0.4,61,92,0.663,0.5617,0.7514,2,61,0.0328,0.009,0.1119,23,8,84,92
ohne_vierlinge,2.0,0.5,58,92,0.6304,0.5284,0.722,2,58,0.0345,0.0095,0.1173,23,11,84,92
ohne_vierlinge,2.0,0.6,56,92,0.6087,0.5065,0.7021,2,56,0.0357,0.0098,0.1212,23,13,84,92
ohne_vierlinge,2.0,0.7,54,92,0.587,0.4848,0.6821,2,54,0.037,0.0102,0.1254,23,15,84,92
ohne_vierlinge,2.0,0.8,53,92,0.5761,0.4741,0.672,2,53,0.0377,0.0104,0.1275,23,16,84,92
ohne_vierlinge,2.0,0.9,48,92,0.5217,0.4209,0.6209,2,48,0.0417,0.0115,0.1398,23,21,84,92
ohne_vierlinge,2.0,1.0,45,92,0.4891,0.3895,0.5896,2,45,0.0444,0.0123,0.1483,23,24,84,92
ohne_vierlinge,2.0,1.1,45,92,0.4891,0.3895,0.5896,2,45,0.0444,0.0123,0.1483,23,24,84,92
ohne_vierlinge,2.0,1.2,42,92,0.4565,0.3585,0.558,2,42,0.0476,0.0132,0.1579,23,27,84,92
ohne_vierlinge,2.0,1.3,38,92,0.413,0.3179,0.5152,1,38,0.0263,0.0047,0.135,23,31,84,92
ohne_vierlinge,2.0,1.4,38,92,0.413,0.3179,0.5152,1,38,0.0263,0.0047,0.135,23,31,84,92
ohne_vierlinge,2.0,1.5,37,92,0.4022,0.3078,0.5043,1,37,0.027,0.0048,0.1382,23,32,84,92
ohne_vierlinge,2.0,1.6,37,92,0.4022,0.3078,0.5043,1,37,0.027,0.0048,0.1382,23,32,84,92
ohne_vierlinge,2.0,1.7,37,92,0.4022,0.3078,0.5043,1,37,0.027,0.0048,0.1382,23,32,84,92
ohne_vierlinge,2.0,1.8,37,92,0.4022,0.3078,0.5043,1,37,0.027,0.0048,0.1382,23,32,84,92
ohne_vierlinge,2.0,1.9,37,92,0.4022,0.3078,0.5043,1,37,0.027,0.0048,0.1382,23,32,84,92
ohne_vierlinge,2.0,2.0,36,92,0.3913,0.2979,0.4935,0,36,0.0,0.0,0.0964,23,33,84,92
ohne_vierlinge,2.0,2.1,35,92,0.3804,0.2879,0.4825,0,35,0.0,0.0,0.0989,23,34,84,92
ohne_vierlinge,2.0,2.2,35,92,0.3804,0.2879,0.4825,0,35,0.0,0.0,0.0989,23,34,84,92
ohne_vierlinge,2.0,2.3,34,92,0.3696,0.278,0.4716,0,34,0.0,0.0,0.1015,23,35,84,92
ohne_vierlinge,2.0,2.4,34,92,0.3696,0.278,0.4716,0,34,0.0,0.0,0.1015,23,35,84,92
ohne_vierlinge,2.0,2.5,34,92,0.3696,0.278,0.4716,0,34,0.0,0.0,0.1015,23,35,84,92
ohne_vierlinge,2.0,2.6,34,92,0.3696,0.278,0.4716,0,34,0.0,0.0,0.1015,23,35,84,92
ohne_vierlinge,2.0,2.7,33,92,0.3587,0.2682,0.4605,0,33,0.0,0.0,0.1043,23,36,84,92
ohne_vierlinge,2.0,2.8,32,92,0.3478,0.2584,0.4495,0,32,0.0,0.0,0.1072,23,37,84,92
ohne_vierlinge,2.0,2.9,32,92,0.3478,0.2584,0.4495,0,32,0.0,0.0,0.1072,23,37,84,92
ohne_vierlinge,2.0,3.0,32,92,0.3478,0.2584,0.4495,0,32,0.0,0.0,0.1072,23,37,84,92
ohne_vierlinge,2.0,3.1,32,92,0.3478,0.2584,0.4495,0,32,0.0,0.0,0.1072,23,37,84,92
ohne_vierlinge,2.0,3.2,32,92,0.3478,0.2584,0.4495,0,32,0.0,0.0,0.1072,23,37,84,92
ohne_vierlinge,2.0,3.3,32,92,0.3478,0.2584,0.4495,0,32,0.0,0.0,0.1072,23,37,84,92
ohne_vierlinge,2.0,3.4,31,92,0.337,0.2486,0.4383,0,31,0.0,0.0,0.1103,23,38,84,92
ohne_vierlinge,2.0,3.5,31,92,0.337,0.2486,0.4383,0,31,0.0,0.0,0.1103,23,38,84,92
ohne_vierlinge,2.0,3.6,31,92,0.337,0.2486,0.4383,0,31,0.0,0.0,0.1103,23,38,84,92
ohne_vierlinge,2.0,3.7,29,92,0.3152,0.2293,0.4159,0,29,0.0,0.0,0.117,23,40,84,92
ohne_vierlinge,2.0,3.8,29,92,0.3152,0.2293,0.4159,0,29,0.0,0.0,0.117,23,40,84,92
ohne_vierlinge,2.0,3.9,29,92,0.3152,0.2293,0.4159,0,29,0.0,0.0,0.117,23,40,84,92
ohne_vierlinge,2.0,4.0,29,92,0.3152,0.2293,0.4159,0,29,0.0,0.0,0.117,23,40,84,92
ohne_vierlinge,2.0,4.1,29,92,0.3152,0.2293,0.4159,0,29,0.0,0.0,0.117,23,40,84,92
ohne_vierlinge,2.0,4.2,29,92,0.3152,0.2293,0.4159,0,29,0.0,0.0,0.117,23,40,84,92
ohne_vierlinge,2.0,4.3,28,92,0.3043,0.2197,0.4046,0,28,0.0,0.0,0.1206,23,41,84,92
ohne_vierlinge,2.0,4.4,27,92,0.2935,0.2102,0.3933,0,27,0.0,0.0,0.1246,23,42,84,92
ohne_vierlinge,2.0,4.5,27,92,0.2935,0.2102,0.3933,0,27,0.0,0.0,0.1246,23,42,84,92
ohne_vierlinge,2.0,4.6,25,92,0.2717,0.1914,0.3704,0,25,0.0,0.0,0.1332,23,44,84,92
ohne_vierlinge,2.0,4.7,25,92,0.2717,0.1914,0.3704,0,25,0.0,0.0,0.1332,23,44,84,92
ohne_vierlinge,2.0,4.8,25,92,0.2717,0.1914,0.3704,0,25,0.0,0.0,0.1332,23,44,84,92
ohne_vierlinge,2.0,4.9,25,92,0.2717,0.1914,0.3704,0,25,0.0,0.0,0.1332,23,44,84,92
ohne_vierlinge,2.0,5.0,25,92,0.2717,0.1914,0.3704,0,25,0.0,0.0,0.1332,23,44,84,92
ohne_vierlinge,2.1,0.0,72,92,0.7826,0.6879,0.8546,3,72,0.0417,0.0143,0.1155,20,0,84,92
ohne_vierlinge,2.1,0.1,70,92,0.7609,0.6644,0.8364,3,70,0.0429,0.0147,0.1186,20,2,84,92
ohne_vierlinge,2.1,0.2,68,92,0.7391,0.6411,0.818,2,68,0.0294,0.0081,0.101,20,4,84,92
ohne_vierlinge,2.1,0.3,66,92,0.7174,0.6181,0.7992,2,66,0.0303,0.0083,0.1039,20,6,84,92
ohne_vierlinge,2.1,0.4,64,92,0.6957,0.5954,0.7803,2,64,0.0312,0.0086,0.107,20,8,84,92
ohne_vierlinge,2.1,0.5,61,92,0.663,0.5617,0.7514,2,61,0.0328,0.009,0.1119,20,11,84,92
ohne_vierlinge,2.1,0.6,59,92,0.6413,0.5395,0.7318,2,59,0.0339,0.0093,0.1154,20,13,84,92
ohne_vierlinge,2.1,0.7,57,92,0.6196,0.5175,0.7121,2,57,0.0351,0.0097,0.1192,20,15,84,92
ohne_vierlinge,2.1,0.8,56,92,0.6087,0.5065,0.7021,2,56,0.0357,0.0098,0.1212,20,16,84,92
ohne_vierlinge,2.1,0.9,51,92,0.5543,0.4526,0.6517,2,51,0.0392,0.0108,0.1322,20,21,84,92
ohne_vierlinge,2.1,1.0,47,92,0.5109,0.4104,0.6105,2,47,0.0426,0.0117,0.1425,20,25,84,92
ohne_vierlinge,2.1,1.1,47,92,0.5109,0.4104,0.6105,2,47,0.0426,0.0117,0.1425,20,25,84,92
ohne_vierlinge,2.1,1.2,44,92,0.4783,0.3791,0.5791,2,44,0.0455,0.0126,0.1514,20,28,84,92
ohne_vierlinge,2.1,1.3,40,92,0.4348,0.3381,0.5367,1,40,0.025,0.0044,0.1288,20,32,84,92
ohne_vierlinge,2.1,1.4,40,92,0.4348,0.3381,0.5367,1,40,0.025,0.0044,0.1288,20,32,84,92
ohne_vierlinge,2.1,1.5,39,92,0.4239,0.328,0.5259,1,39,0.0256,0.0045,0.1318,20,33,84,92
ohne_vierlinge,2.1,1.6,39,92,0.4239,0.328,0.5259,1,39,0.0256,0.0045,0.1318,20,33,84,92
ohne_vierlinge,2.1,1.7,39,92,0.4239,0.328,0.5259,1,39,0.0256,0.0045,0.1318,20,33,84,92
ohne_vierlinge,2.1,1.8,39,92,0.4239,0.328,0.5259,1,39,0.0256,0.0045,0.1318,20,33,84,92
ohne_vierlinge,2.1,1.9,39,92,0.4239,0.328,0.5259,1,39,0.0256,0.0045,0.1318,20,33,84,92
ohne_vierlinge,2.1,2.0,38,92,0.413,0.3179,0.5152,0,38,0.0,0.0,0.0918,20,34,84,92
ohne_vierlinge,2.1,2.1,37,92,0.4022,0.3078,0.5043,0,37,0.0,0.0,0.0941,20,35,84,92
ohne_vierlinge,2.1,2.2,37,92,0.4022,0.3078,0.5043,0,37,0.0,0.0,0.0941,20,35,84,92
ohne_vierlinge,2.1,2.3,36,92,0.3913,0.2979,0.4935,0,36,0.0,0.0,0.0964,20,36,84,92
ohne_vierlinge,2.1,2.4,36,92,0.3913,0.2979,0.4935,0,36,0.0,0.0,0.0964,20,36,84,92
ohne_vierlinge,2.1,2.5,36,92,0.3913,0.2979,0.4935,0,36,0.0,0.0,0.0964,20,36,84,92
ohne_vierlinge,2.1,2.6,36,92,0.3913,0.2979,0.4935,0,36,0.0,0.0,0.0964,20,36,84,92
ohne_vierlinge,2.1,2.7,35,92,0.3804,0.2879,0.4825,0,35,0.0,0.0,0.0989,20,37,84,92
ohne_vierlinge,2.1,2.8,34,92,0.3696,0.278,0.4716,0,34,0.0,0.0,0.1015,20,38,84,92
ohne_vierlinge,2.1,2.9,34,92,0.3696,0.278,0.4716,0,34,0.0,0.0,0.1015,20,38,84,92
ohne_vierlinge,2.1,3.0,34,92,0.3696,0.278,0.4716,0,34,0.0,0.0,0.1015,20,38,84,92
ohne_vierlinge,2.1,3.1,34,92,0.3696,0.278,0.4716,0,34,0.0,0.0,0.1015,20,38,84,92
ohne_vierlinge,2.1,3.2,34,92,0.3696,0.278,0.4716,0,34,0.0,0.0,0.1015,20,38,84,92
ohne_vierlinge,2.1,3.3,34,92,0.3696,0.278,0.4716,0,34,0.0,0.0,0.1015,20,38,84,92
ohne_vierlinge,2.1,3.4,33,92,0.3587,0.2682,0.4605,0,33,0.0,0.0,0.1043,20,39,84,92
ohne_vierlinge,2.1,3.5,33,92,0.3587,0.2682,0.4605,0,33,0.0,0.0,0.1043,20,39,84,92
ohne_vierlinge,2.1,3.6,33,92,0.3587,0.2682,0.4605,0,33,0.0,0.0,0.1043,20,39,84,92
ohne_vierlinge,2.1,3.7,31,92,0.337,0.2486,0.4383,0,31,0.0,0.0,0.1103,20,41,84,92
ohne_vierlinge,2.1,3.8,31,92,0.337,0.2486,0.4383,0,31,0.0,0.0,0.1103,20,41,84,92
ohne_vierlinge,2.1,3.9,31,92,0.337,0.2486,0.4383,0,31,0.0,0.0,0.1103,20,41,84,92
ohne_vierlinge,2.1,4.0,31,92,0.337,0.2486,0.4383,0,31,0.0,0.0,0.1103,20,41,84,92
ohne_vierlinge,2.1,4.1,31,92,0.337,0.2486,0.4383,0,31,0.0,0.0,0.1103,20,41,84,92
ohne_vierlinge,2.1,4.2,31,92,0.337,0.2486,0.4383,0,31,0.0,0.0,0.1103,20,41,84,92
ohne_vierlinge,2.1,4.3,30,92,0.3261,0.2389,0.4272,0,30,0.0,0.0,0.1135,20,42,84,92
ohne_vierlinge,2.1,4.4,29,92,0.3152,0.2293,0.4159,0,29,0.0,0.0,0.117,20,43,84,92
ohne_vierlinge,2.1,4.5,29,92,0.3152,0.2293,0.4159,0,29,0.0,0.0,0.117,20,43,84,92
ohne_vierlinge,2.1,4.6,27,92,0.2935,0.2102,0.3933,0,27,0.0,0.0,0.1246,20,45,84,92
ohne_vierlinge,2.1,4.7,27,92,0.2935,0.2102,0.3933,0,27,0.0,0.0,0.1246,20,45,84,92
ohne_vierlinge,2.1,4.8,27,92,0.2935,0.2102,0.3933,0,27,0.0,0.0,0.1246,20,45,84,92
ohne_vierlinge,2.1,4.9,27,92,0.2935,0.2102,0.3933,0,27,0.0,0.0,0.1246,20,45,84,92
ohne_vierlinge,2.1,5.0,27,92,0.2935,0.2102,0.3933,0,27,0.0,0.0,0.1246,20,45,84,92
ohne_vierlinge,2.2,0.0,73,92,0.7935,0.6998,0.8636,3,73,0.0411,0.0141,0.114,19,0,84,92
ohne_vierlinge,2.2,0.1,71,92,0.7717,0.6761,0.8456,3,71,0.0423,0.0145,0.117,19,2,84,92
ohne_vierlinge,2.2,0.2,69,92,0.75,0.6527,0.8272,2,69,0.029,0.008,0.0997,19,4,84,92
ohne_vierlinge,2.2,0.3,67,92,0.7283,0.6296,0.8086,2,67,0.0299,0.0082,0.1025,19,6,84,92
ohne_vierlinge,2.2,0.4,65,92,0.7065,0.6067,0.7898,2,65,0.0308,0.0085,0.1054,19,8,84,92
ohne_vierlinge,2.2,0.5,62,92,0.6739,0.5728,0.7611,2,62,0.0323,0.0089,0.1102,19,11,84,92
ohne_vierlinge,2.2,0.6,60,92,0.6522,0.5505,0.7416,2,60,0.0333,0.0092,0.1136,19,13,84,92
ohne_vierlinge,2.2,0.7,58,92,0.6304,0.5284,0.722,2,58,0.0345,0.0095,0.1173,19,15,84,92
ohne_vierlinge,2.2,0.8,57,92,0.6196,0.5175,0.7121,2,57,0.0351,0.0097,0.1192,19,16,84,92
ohne_vierlinge,2.2,0.9,52,92,0.5652,0.4633,0.6619,2,52,0.0385,0.0106,0.1298,19,21,84,92
ohne_vierlinge,2.2,1.0,48,92,0.5217,0.4209,0.6209,2,48,0.0417,0.0115,0.1398,19,25,84,92
ohne_vierlinge,2.2,1.1,48,92,0.5217,0.4209,0.6209,2,48,0.0417,0.0115,0.1398,19,25,84,92
ohne_vierlinge,2.2,1.2,45,92,0.4891,0.3895,0.5896,2,45,0.0444,0.0123,0.1483,19,28,84,92
ohne_vierlinge,2.2,1.3,41,92,0.4457,0.3483,0.5474,1,41,0.0244,0.0043,0.126,19,32,84,92
ohne_vierlinge,2.2,1.4,41,92,0.4457,0.3483,0.5474,1,41,0.0244,0.0043,0.126,19,32,84,92
ohne_vierlinge,2.2,1.5,40,92,0.4348,0.3381,0.5367,1,40,0.025,0.0044,0.1288,19,33,84,92
ohne_vierlinge,2.2,1.6,40,92,0.4348,0.3381,0.5367,1,40,0.025,0.0044,0.1288,19,33,84,92
ohne_vierlinge,2.2,1.7,40,92,0.4348,0.3381,0.5367,1,40,0.025,0.0044,0.1288,19,33,84,92
ohne_vierlinge,2.2,1.8,40,92,0.4348,0.3381,0.5367,1,40,0.025,0.0044,0.1288,19,33,84,92
ohne_vierlinge,2.2,1.9,40,92,0.4348,0.3381,0.5367,1,40,0.025,0.0044,0.1288,19,33,84,92
ohne_vierlinge,2.2,2.0,39,92,0.4239,0.328,0.5259,0,39,0.0,0.0,0.0897,19,34,84,92
ohne_vierlinge,2.2,2.1,38,92,0.413,0.3179,0.5152,0,38,0.0,0.0,0.0918,19,35,84,92
ohne_vierlinge,2.2,2.2,38,92,0.413,0.3179,0.5152,0,38,0.0,0.0,0.0918,19,35,84,92
ohne_vierlinge,2.2,2.3,37,92,0.4022,0.3078,0.5043,0,37,0.0,0.0,0.0941,19,36,84,92
ohne_vierlinge,2.2,2.4,37,92,0.4022,0.3078,0.5043,0,37,0.0,0.0,0.0941,19,36,84,92
ohne_vierlinge,2.2,2.5,37,92,0.4022,0.3078,0.5043,0,37,0.0,0.0,0.0941,19,36,84,92
ohne_vierlinge,2.2,2.6,37,92,0.4022,0.3078,0.5043,0,37,0.0,0.0,0.0941,19,36,84,92
ohne_vierlinge,2.2,2.7,36,92,0.3913,0.2979,0.4935,0,36,0.0,0.0,0.0964,19,37,84,92
ohne_vierlinge,2.2,2.8,35,92,0.3804,0.2879,0.4825,0,35,0.0,0.0,0.0989,19,38,84,92
ohne_vierlinge,2.2,2.9,35,92,0.3804,0.2879,0.4825,0,35,0.0,0.0,0.0989,19,38,84,92
ohne_vierlinge,2.2,3.0,35,92,0.3804,0.2879,0.4825,0,35,0.0,0.0,0.0989,19,38,84,92
ohne_vierlinge,2.2,3.1,35,92,0.3804,0.2879,0.4825,0,35,0.0,0.0,0.0989,19,38,84,92
ohne_vierlinge,2.2,3.2,35,92,0.3804,0.2879,0.4825,0,35,0.0,0.0,0.0989,19,38,84,92
ohne_vierlinge,2.2,3.3,35,92,0.3804,0.2879,0.4825,0,35,0.0,0.0,0.0989,19,38,84,92
ohne_vierlinge,2.2,3.4,34,92,0.3696,0.278,0.4716,0,34,0.0,0.0,0.1015,19,39,84,92
ohne_vierlinge,2.2,3.5,34,92,0.3696,0.278,0.4716,0,34,0.0,0.0,0.1015,19,39,84,92
ohne_vierlinge,2.2,3.6,34,92,0.3696,0.278,0.4716,0,34,0.0,0.0,0.1015,19,39,84,92
ohne_vierlinge,2.2,3.7,32,92,0.3478,0.2584,0.4495,0,32,0.0,0.0,0.1072,19,41,84,92
ohne_vierlinge,2.2,3.8,32,92,0.3478,0.2584,0.4495,0,32,0.0,0.0,0.1072,19,41,84,92
ohne_vierlinge,2.2,3.9,32,92,0.3478,0.2584,0.4495,0,32,0.0,0.0,0.1072,19,41,84,92
ohne_vierlinge,2.2,4.0,32,92,0.3478,0.2584,0.4495,0,32,0.0,0.0,0.1072,19,41,84,92
ohne_vierlinge,2.2,4.1,32,92,0.3478,0.2584,0.4495,0,32,0.0,0.0,0.1072,19,41,84,92
ohne_vierlinge,2.2,4.2,32,92,0.3478,0.2584,0.4495,0,32,0.0,0.0,0.1072,19,41,84,92
ohne_vierlinge,2.2,4.3,31,92,0.337,0.2486,0.4383,0,31,0.0,0.0,0.1103,19,42,84,92
ohne_vierlinge,2.2,4.4,30,92,0.3261,0.2389,0.4272,0,30,0.0,0.0,0.1135,19,43,84,92
ohne_vierlinge,2.2,4.5,30,92,0.3261,0.2389,0.4272,0,30,0.0,0.0,0.1135,19,43,84,92
ohne_vierlinge,2.2,4.6,28,92,0.3043,0.2197,0.4046,0,28,0.0,0.0,0.1206,19,45,84,92
ohne_vierlinge,2.2,4.7,28,92,0.3043,0.2197,0.4046,0,28,0.0,0.0,0.1206,19,45,84,92
ohne_vierlinge,2.2,4.8,28,92,0.3043,0.2197,0.4046,0,28,0.0,0.0,0.1206,19,45,84,92
ohne_vierlinge,2.2,4.9,28,92,0.3043,0.2197,0.4046,0,28,0.0,0.0,0.1206,19,45,84,92
ohne_vierlinge,2.2,5.0,28,92,0.3043,0.2197,0.4046,0,28,0.0,0.0,0.1206,19,45,84,92
ohne_vierlinge,2.3,0.0,73,92,0.7935,0.6998,0.8636,3,73,0.0411,0.0141,0.114,19,0,84,92
ohne_vierlinge,2.3,0.1,71,92,0.7717,0.6761,0.8456,3,71,0.0423,0.0145,0.117,19,2,84,92
ohne_vierlinge,2.3,0.2,69,92,0.75,0.6527,0.8272,2,69,0.029,0.008,0.0997,19,4,84,92
ohne_vierlinge,2.3,0.3,67,92,0.7283,0.6296,0.8086,2,67,0.0299,0.0082,0.1025,19,6,84,92
ohne_vierlinge,2.3,0.4,65,92,0.7065,0.6067,0.7898,2,65,0.0308,0.0085,0.1054,19,8,84,92
ohne_vierlinge,2.3,0.5,62,92,0.6739,0.5728,0.7611,2,62,0.0323,0.0089,0.1102,19,11,84,92
ohne_vierlinge,2.3,0.6,60,92,0.6522,0.5505,0.7416,2,60,0.0333,0.0092,0.1136,19,13,84,92
ohne_vierlinge,2.3,0.7,58,92,0.6304,0.5284,0.722,2,58,0.0345,0.0095,0.1173,19,15,84,92
ohne_vierlinge,2.3,0.8,57,92,0.6196,0.5175,0.7121,2,57,0.0351,0.0097,0.1192,19,16,84,92
ohne_vierlinge,2.3,0.9,52,92,0.5652,0.4633,0.6619,2,52,0.0385,0.0106,0.1298,19,21,84,92
ohne_vierlinge,2.3,1.0,48,92,0.5217,0.4209,0.6209,2,48,0.0417,0.0115,0.1398,19,25,84,92
ohne_vierlinge,2.3,1.1,48,92,0.5217,0.4209,0.6209,2,48,0.0417,0.0115,0.1398,19,25,84,92
ohne_vierlinge,2.3,1.2,45,92,0.4891,0.3895,0.5896,2,45,0.0444,0.0123,0.1483,19,28,84,92
ohne_vierlinge,2.3,1.3,41,92,0.4457,0.3483,0.5474,1,41,0.0244,0.0043,0.126,19,32,84,92
ohne_vierlinge,2.3,1.4,41,92,0.4457,0.3483,0.5474,1,41,0.0244,0.0043,0.126,19,32,84,92
ohne_vierlinge,2.3,1.5,40,92,0.4348,0.3381,0.5367,1,40,0.025,0.0044,0.1288,19,33,84,92
ohne_vierlinge,2.3,1.6,40,92,0.4348,0.3381,0.5367,1,40,0.025,0.0044,0.1288,19,33,84,92
ohne_vierlinge,2.3,1.7,40,92,0.4348,0.3381,0.5367,1,40,0.025,0.0044,0.1288,19,33,84,92
ohne_vierlinge,2.3,1.8,40,92,0.4348,0.3381,0.5367,1,40,0.025,0.0044,0.1288,19,33,84,92
ohne_vierlinge,2.3,1.9,40,92,0.4348,0.3381,0.5367,1,40,0.025,0.0044,0.1288,19,33,84,92
ohne_vierlinge,2.3,2.0,39,92,0.4239,0.328,0.5259,0,39,0.0,0.0,0.0897,19,34,84,92
ohne_vierlinge,2.3,2.1,38,92,0.413,0.3179,0.5152,0,38,0.0,0.0,0.0918,19,35,84,92
ohne_vierlinge,2.3,2.2,38,92,0.413,0.3179,0.5152,0,38,0.0,0.0,0.0918,19,35,84,92
ohne_vierlinge,2.3,2.3,37,92,0.4022,0.3078,0.5043,0,37,0.0,0.0,0.0941,19,36,84,92
ohne_vierlinge,2.3,2.4,37,92,0.4022,0.3078,0.5043,0,37,0.0,0.0,0.0941,19,36,84,92
ohne_vierlinge,2.3,2.5,37,92,0.4022,0.3078,0.5043,0,37,0.0,0.0,0.0941,19,36,84,92
ohne_vierlinge,2.3,2.6,37,92,0.4022,0.3078,0.5043,0,37,0.0,0.0,0.0941,19,36,84,92
ohne_vierlinge,2.3,2.7,36,92,0.3913,0.2979,0.4935,0,36,0.0,0.0,0.0964,19,37,84,92
ohne_vierlinge,2.3,2.8,35,92,0.3804,0.2879,0.4825,0,35,0.0,0.0,0.0989,19,38,84,92
ohne_vierlinge,2.3,2.9,35,92,0.3804,0.2879,0.4825,0,35,0.0,0.0,0.0989,19,38,84,92
ohne_vierlinge,2.3,3.0,35,92,0.3804,0.2879,0.4825,0,35,0.0,0.0,0.0989,19,38,84,92
ohne_vierlinge,2.3,3.1,35,92,0.3804,0.2879,0.4825,0,35,0.0,0.0,0.0989,19,38,84,92
ohne_vierlinge,2.3,3.2,35,92,0.3804,0.2879,0.4825,0,35,0.0,0.0,0.0989,19,38,84,92
ohne_vierlinge,2.3,3.3,35,92,0.3804,0.2879,0.4825,0,35,0.0,0.0,0.0989,19,38,84,92
ohne_vierlinge,2.3,3.4,34,92,0.3696,0.278,0.4716,0,34,0.0,0.0,0.1015,19,39,84,92
ohne_vierlinge,2.3,3.5,34,92,0.3696,0.278,0.4716,0,34,0.0,0.0,0.1015,19,39,84,92
ohne_vierlinge,2.3,3.6,34,92,0.3696,0.278,0.4716,0,34,0.0,0.0,0.1015,19,39,84,92
ohne_vierlinge,2.3,3.7,32,92,0.3478,0.2584,0.4495,0,32,0.0,0.0,0.1072,19,41,84,92
ohne_vierlinge,2.3,3.8,32,92,0.3478,0.2584,0.4495,0,32,0.0,0.0,0.1072,19,41,84,92
ohne_vierlinge,2.3,3.9,32,92,0.3478,0.2584,0.4495,0,32,0.0,0.0,0.1072,19,41,84,92
ohne_vierlinge,2.3,4.0,32,92,0.3478,0.2584,0.4495,0,32,0.0,0.0,0.1072,19,41,84,92
ohne_vierlinge,2.3,4.1,32,92,0.3478,0.2584,0.4495,0,32,0.0,0.0,0.1072,19,41,84,92
ohne_vierlinge,2.3,4.2,32,92,0.3478,0.2584,0.4495,0,32,0.0,0.0,0.1072,19,41,84,92
ohne_vierlinge,2.3,4.3,31,92,0.337,0.2486,0.4383,0,31,0.0,0.0,0.1103,19,42,84,92
ohne_vierlinge,2.3,4.4,30,92,0.3261,0.2389,0.4272,0,30,0.0,0.0,0.1135,19,43,84,92
ohne_vierlinge,2.3,4.5,30,92,0.3261,0.2389,0.4272,0,30,0.0,0.0,0.1135,19,43,84,92
ohne_vierlinge,2.3,4.6,28,92,0.3043,0.2197,0.4046,0,28,0.0,0.0,0.1206,19,45,84,92
ohne_vierlinge,2.3,4.7,28,92,0.3043,0.2197,0.4046,0,28,0.0,0.0,0.1206,19,45,84,92
ohne_vierlinge,2.3,4.8,28,92,0.3043,0.2197,0.4046,0,28,0.0,0.0,0.1206,19,45,84,92
ohne_vierlinge,2.3,4.9,28,92,0.3043,0.2197,0.4046,0,28,0.0,0.0,0.1206,19,45,84,92
ohne_vierlinge,2.3,5.0,28,92,0.3043,0.2197,0.4046,0,28,0.0,0.0,0.1206,19,45,84,92
ohne_vierlinge,2.4,0.0,77,92,0.837,0.7483,0.8986,5,77,0.0649,0.0281,0.1432,15,0,84,92
ohne_vierlinge,2.4,0.1,75,92,0.8152,0.7239,0.8813,5,75,0.0667,0.0288,0.1468,15,2,84,92
ohne_vierlinge,2.4,0.2,72,92,0.7826,0.6879,0.8546,3,72,0.0417,0.0143,0.1155,15,5,84,92
ohne_vierlinge,2.4,0.3,69,92,0.75,0.6527,0.8272,2,69,0.029,0.008,0.0997,15,8,84,92
ohne_vierlinge,2.4,0.4,67,92,0.7283,0.6296,0.8086,2,67,0.0299,0.0082,0.1025,15,10,84,92
ohne_vierlinge,2.4,0.5,64,92,0.6957,0.5954,0.7803,2,64,0.0312,0.0086,0.107,15,13,84,92
ohne_vierlinge,2.4,0.6,62,92,0.6739,0.5728,0.7611,2,62,0.0323,0.0089,0.1102,15,15,84,92
ohne_vierlinge,2.4,0.7,60,92,0.6522,0.5505,0.7416,2,60,0.0333,0.0092,0.1136,15,17,84,92
ohne_vierlinge,2.4,0.8,59,92,0.6413,0.5395,0.7318,2,59,0.0339,0.0093,0.1154,15,18,84,92
ohne_vierlinge,2.4,0.9,54,92,0.587,0.4848,0.6821,2,54,0.037,0.0102,0.1254,15,23,84,92
ohne_vierlinge,2.4,1.0,50,92,0.5435,0.442,0.6415,2,50,0.04,0.011,0.1346,15,27,84,92
ohne_vierlinge,2.4,1.1,49,92,0.5326,0.4314,0.6312,2,49,0.0408,0.0113,0.1371,15,28,84,92
ohne_vierlinge,2.4,1.2,46,92,0.5,0.3999,0.6001,2,46,0.0435,0.012,0.1453,15,31,84,92
ohne_vierlinge,2.4,1.3,42,92,0.4565,0.3585,0.558,1,42,0.0238,0.0042,0.1232,15,35,84,92
ohne_vierlinge,2.4,1.4,42,92,0.4565,0.3585,0.558,1,42,0.0238,0.0042,0.1232,15,35,84,92
ohne_vierlinge,2.4,1.5,41,92,0.4457,0.3483,0.5474,1,41,0.0244,0.0043,0.126,15,36,84,92
ohne_vierlinge,2.4,1.6,41,92,0.4457,0.3483,0.5474,1,41,0.0244,0.0043,0.126,15,36,84,92
ohne_vierlinge,2.4,1.7,41,92,0.4457,0.3483,0.5474,1,41,0.0244,0.0043,0.126,15,36,84,92
ohne_vierlinge,2.4,1.8,41,92,0.4457,0.3483,0.5474,1,41,0.0244,0.0043,0.126,15,36,84,92
ohne_vierlinge,2.4,1.9,41,92,0.4457,0.3483,0.5474,1,41,0.0244,0.0043,0.126,15,36,84,92
ohne_vierlinge,2.4,2.0,40,92,0.4348,0.3381,0.5367,0,40,0.0,0.0,0.0876,15,37,84,92
ohne_vierlinge,2.4,2.1,39,92,0.4239,0.328,0.5259,0,39,0.0,0.0,0.0897,15,38,84,92
ohne_vierlinge,2.4,2.2,39,92,0.4239,0.328,0.5259,0,39,0.0,0.0,0.0897,15,38,84,92
ohne_vierlinge,2.4,2.3,38,92,0.413,0.3179,0.5152,0,38,0.0,0.0,0.0918,15,39,84,92
ohne_vierlinge,2.4,2.4,38,92,0.413,0.3179,0.5152,0,38,0.0,0.0,0.0918,15,39,84,92
ohne_vierlinge,2.4,2.5,38,92,0.413,0.3179,0.5152,0,38,0.0,0.0,0.0918,15,39,84,92
ohne_vierlinge,2.4,2.6,38,92,0.413,0.3179,0.5152,0,38,0.0,0.0,0.0918,15,39,84,92
ohne_vierlinge,2.4,2.7,37,92,0.4022,0.3078,0.5043,0,37,0.0,0.0,0.0941,15,40,84,92
ohne_vierlinge,2.4,2.8,36,92,0.3913,0.2979,0.4935,0,36,0.0,0.0,0.0964,15,41,84,92
ohne_vierlinge,2.4,2.9,36,92,0.3913,0.2979,0.4935,0,36,0.0,0.0,0.0964,15,41,84,92
ohne_vierlinge,2.4,3.0,36,92,0.3913,0.2979,0.4935,0,36,0.0,0.0,0.0964,15,41,84,92
ohne_vierlinge,2.4,3.1,36,92,0.3913,0.2979,0.4935,0,36,0.0,0.0,0.0964,15,41,84,92
ohne_vierlinge,2.4,3.2,36,92,0.3913,0.2979,0.4935,0,36,0.0,0.0,0.0964,15,41,84,92
ohne_vierlinge,2.4,3.3,36,92,0.3913,0.2979,0.4935,0,36,0.0,0.0,0.0964,15,41,84,92
ohne_vierlinge,2.4,3.4,35,92,0.3804,0.2879,0.4825,0,35,0.0,0.0,0.0989,15,42,84,92
ohne_vierlinge,2.4,3.5,35,92,0.3804,0.2879,0.4825,0,35,0.0,0.0,0.0989,15,42,84,92
ohne_vierlinge,2.4,3.6,35,92,0.3804,0.2879,0.4825,0,35,0.0,0.0,0.0989,15,42,84,92
ohne_vierlinge,2.4,3.7,33,92,0.3587,0.2682,0.4605,0,33,0.0,0.0,0.1043,15,44,84,92
ohne_vierlinge,2.4,3.8,33,92,0.3587,0.2682,0.4605,0,33,0.0,0.0,0.1043,15,44,84,92
ohne_vierlinge,2.4,3.9,33,92,0.3587,0.2682,0.4605,0,33,0.0,0.0,0.1043,15,44,84,92
ohne_vierlinge,2.4,4.0,33,92,0.3587,0.2682,0.4605,0,33,0.0,0.0,0.1043,15,44,84,92
ohne_vierlinge,2.4,4.1,33,92,0.3587,0.2682,0.4605,0,33,0.0,0.0,0.1043,15,44,84,92
ohne_vierlinge,2.4,4.2,33,92,0.3587,0.2682,0.4605,0,33,0.0,0.0,0.1043,15,44,84,92
ohne_vierlinge,2.4,4.3,32,92,0.3478,0.2584,0.4495,0,32,0.0,0.0,0.1072,15,45,84,92
ohne_vierlinge,2.4,4.4,31,92,0.337,0.2486,0.4383,0,31,0.0,0.0,0.1103,15,46,84,92
ohne_vierlinge,2.4,4.5,31,92,0.337,0.2486,0.4383,0,31,0.0,0.0,0.1103,15,46,84,92
ohne_vierlinge,2.4,4.6,29,92,0.3152,0.2293,0.4159,0,29,0.0,0.0,0.117,15,48,84,92
ohne_vierlinge,2.4,4.7,29,92,0.3152,0.2293,0.4159,0,29,0.0,0.0,0.117,15,48,84,92
ohne_vierlinge,2.4,4.8,29,92,0.3152,0.2293,0.4159,0,29,0.0,0.0,0.117,15,48,84,92
ohne_vierlinge,2.4,4.9,29,92,0.3152,0.2293,0.4159,0,29,0.0,0.0,0.117,15,48,84,92
ohne_vierlinge,2.4,5.0,29,92,0.3152,0.2293,0.4159,0,29,0.0,0.0,0.117,15,48,84,92
ohne_vierlinge,2.5,0.0,78,92,0.8478,0.7606,0.9071,6,78,0.0769,0.0357,0.1578,14,0,84,92
ohne_vierlinge,2.5,0.1,75,92,0.8152,0.7239,0.8813,5,75,0.0667,0.0288,0.1468,14,3,84,92
ohne_vierlinge,2.5,0.2,72,92,0.7826,0.6879,0.8546,3,72,0.0417,0.0143,0.1155,14,6,84,92
ohne_vierlinge,2.5,0.3,69,92,0.75,0.6527,0.8272,2,69,0.029,0.008,0.0997,14,9,84,92
ohne_vierlinge,2.5,0.4,67,92,0.7283,0.6296,0.8086,2,67,0.0299,0.0082,0.1025,14,11,84,92
ohne_vierlinge,2.5,0.5,64,92,0.6957,0.5954,0.7803,2,64,0.0312,0.0086,0.107,14,14,84,92
ohne_vierlinge,2.5,0.6,62,92,0.6739,0.5728,0.7611,2,62,0.0323,0.0089,0.1102,14,16,84,92
ohne_vierlinge,2.5,0.7,60,92,0.6522,0.5505,0.7416,2,60,0.0333,0.0092,0.1136,14,18,84,92
ohne_vierlinge,2.5,0.8,59,92,0.6413,0.5395,0.7318,2,59,0.0339,0.0093,0.1154,14,19,84,92
ohne_vierlinge,2.5,0.9,54,92,0.587,0.4848,0.6821,2,54,0.037,0.0102,0.1254,14,24,84,92
ohne_vierlinge,2.5,1.0,50,92,0.5435,0.442,0.6415,2,50,0.04,0.011,0.1346,14,28,84,92
ohne_vierlinge,2.5,1.1,49,92,0.5326,0.4314,0.6312,2,49,0.0408,0.0113,0.1371,14,29,84,92
ohne_vierlinge,2.5,1.2,46,92,0.5,0.3999,0.6001,2,46,0.0435,0.012,0.1453,14,32,84,92
ohne_vierlinge,2.5,1.3,42,92,0.4565,0.3585,0.558,1,42,0.0238,0.0042,0.1232,14,36,84,92
ohne_vierlinge,2.5,1.4,42,92,0.4565,0.3585,0.558,1,42,0.0238,0.0042,0.1232,14,36,84,92
ohne_vierlinge,2.5,1.5,41,92,0.4457,0.3483,0.5474,1,41,0.0244,0.0043,0.126,14,37,84,92
ohne_vierlinge,2.5,1.6,41,92,0.4457,0.3483,0.5474,1,41,0.0244,0.0043,0.126,14,37,84,92
ohne_vierlinge,2.5,1.7,41,92,0.4457,0.3483,0.5474,1,41,0.0244,0.0043,0.126,14,37,84,92
ohne_vierlinge,2.5,1.8,41,92,0.4457,0.3483,0.5474,1,41,0.0244,0.0043,0.126,14,37,84,92
ohne_vierlinge,2.5,1.9,41,92,0.4457,0.3483,0.5474,1,41,0.0244,0.0043,0.126,14,37,84,92
ohne_vierlinge,2.5,2.0,40,92,0.4348,0.3381,0.5367,0,40,0.0,0.0,0.0876,14,38,84,92
ohne_vierlinge,2.5,2.1,39,92,0.4239,0.328,0.5259,0,39,0.0,0.0,0.0897,14,39,84,92
ohne_vierlinge,2.5,2.2,39,92,0.4239,0.328,0.5259,0,39,0.0,0.0,0.0897,14,39,84,92
ohne_vierlinge,2.5,2.3,38,92,0.413,0.3179,0.5152,0,38,0.0,0.0,0.0918,14,40,84,92
ohne_vierlinge,2.5,2.4,38,92,0.413,0.3179,0.5152,0,38,0.0,0.0,0.0918,14,40,84,92
ohne_vierlinge,2.5,2.5,38,92,0.413,0.3179,0.5152,0,38,0.0,0.0,0.0918,14,40,84,92
ohne_vierlinge,2.5,2.6,38,92,0.413,0.3179,0.5152,0,38,0.0,0.0,0.0918,14,40,84,92
ohne_vierlinge,2.5,2.7,37,92,0.4022,0.3078,0.5043,0,37,0.0,0.0,0.0941,14,41,84,92
ohne_vierlinge,2.5,2.8,36,92,0.3913,0.2979,0.4935,0,36,0.0,0.0,0.0964,14,42,84,92
ohne_vierlinge,2.5,2.9,36,92,0.3913,0.2979,0.4935,0,36,0.0,0.0,0.0964,14,42,84,92
ohne_vierlinge,2.5,3.0,36,92,0.3913,0.2979,0.4935,0,36,0.0,0.0,0.0964,14,42,84,92
ohne_vierlinge,2.5,3.1,36,92,0.3913,0.2979,0.4935,0,36,0.0,0.0,0.0964,14,42,84,92
ohne_vierlinge,2.5,3.2,36,92,0.3913,0.2979,0.4935,0,36,0.0,0.0,0.0964,14,42,84,92
ohne_vierlinge,2.5,3.3,36,92,0.3913,0.2979,0.4935,0,36,0.0,0.0,0.0964,14,42,84,92
ohne_vierlinge,2.5,3.4,35,92,0.3804,0.2879,0.4825,0,35,0.0,0.0,0.0989,14,43,84,92
ohne_vierlinge,2.5,3.5,35,92,0.3804,0.2879,0.4825,0,35,0.0,0.0,0.0989,14,43,84,92
ohne_vierlinge,2.5,3.6,35,92,0.3804,0.2879,0.4825,0,35,0.0,0.0,0.0989,14,43,84,92
ohne_vierlinge,2.5,3.7,33,92,0.3587,0.2682,0.4605,0,33,0.0,0.0,0.1043,14,45,84,92
ohne_vierlinge,2.5,3.8,33,92,0.3587,0.2682,0.4605,0,33,0.0,0.0,0.1043,14,45,84,92
ohne_vierlinge,2.5,3.9,33,92,0.3587,0.2682,0.4605,0,33,0.0,0.0,0.1043,14,45,84,92
ohne_vierlinge,2.5,4.0,33,92,0.3587,0.2682,0.4605,0,33,0.0,0.0,0.1043,14,45,84,92
ohne_vierlinge,2.5,4.1,33,92,0.3587,0.2682,0.4605,0,33,0.0,0.0,0.1043,14,45,84,92
ohne_vierlinge,2.5,4.2,33,92,0.3587,0.2682,0.4605,0,33,0.0,0.0,0.1043,14,45,84,92
ohne_vierlinge,2.5,4.3,32,92,0.3478,0.2584,0.4495,0,32,0.0,0.0,0.1072,14,46,84,92
ohne_vierlinge,2.5,4.4,31,92,0.337,0.2486,0.4383,0,31,0.0,0.0,0.1103,14,47,84,92
ohne_vierlinge,2.5,4.5,31,92,0.337,0.2486,0.4383,0,31,0.0,0.0,0.1103,14,47,84,92
ohne_vierlinge,2.5,4.6,29,92,0.3152,0.2293,0.4159,0,29,0.0,0.0,0.117,14,49,84,92
ohne_vierlinge,2.5,4.7,29,92,0.3152,0.2293,0.4159,0,29,0.0,0.0,0.117,14,49,84,92
ohne_vierlinge,2.5,4.8,29,92,0.3152,0.2293,0.4159,0,29,0.0,0.0,0.117,14,49,84,92
ohne_vierlinge,2.5,4.9,29,92,0.3152,0.2293,0.4159,0,29,0.0,0.0,0.117,14,49,84,92
ohne_vierlinge,2.5,5.0,29,92,0.3152,0.2293,0.4159,0,29,0.0,0.0,0.117,14,49,84,92
ohne_vierlinge,2.6,0.0,81,92,0.8804,0.7985,0.9319,7,81,0.0864,0.0425,0.1678,11,0,84,92
ohne_vierlinge,2.6,0.1,78,92,0.8478,0.7606,0.9071,6,78,0.0769,0.0357,0.1578,11,3,84,92
ohne_vierlinge,2.6,0.2,75,92,0.8152,0.7239,0.8813,4,75,0.0533,0.0209,0.1293,11,6,84,92
ohne_vierlinge,2.6,0.3,71,92,0.7717,0.6761,0.8456,2,71,0.0282,0.0078,0.097,11,10,84,92
ohne_vierlinge,2.6,0.4,69,92,0.75,0.6527,0.8272,2,69,0.029,0.008,0.0997,11,12,84,92
ohne_vierlinge,2.6,0.5,66,92,0.7174,0.6181,0.7992,2,66,0.0303,0.0083,0.1039,11,15,84,92
ohne_vierlinge,2.6,0.6,64,92,0.6957,0.5954,0.7803,2,64,0.0312,0.0086,0.107,11,17,84,92
ohne_vierlinge,2.6,0.7,62,92,0.6739,0.5728,0.7611,2,62,0.0323,0.0089,0.1102,11,19,84,92
ohne_vierlinge,2.6,0.8,61,92,0.663,0.5617,0.7514,2,61,0.0328,0.009,0.1119,11,20,84,92
ohne_vierlinge,2.6,0.9,56,92,0.6087,0.5065,0.7021,2,56,0.0357,0.0098,0.1212,11,25,84,92
ohne_vierlinge,2.6,1.0,52,92,0.5652,0.4633,0.6619,2,52,0.0385,0.0106,0.1298,11,29,84,92
ohne_vierlinge,2.6,1.1,51,92,0.5543,0.4526,0.6517,2,51,0.0392,0.0108,0.1322,11,30,84,92
ohne_vierlinge,2.6,1.2,48,92,0.5217,0.4209,0.6209,2,48,0.0417,0.0115,0.1398,11,33,84,92
ohne_vierlinge,2.6,1.3,44,92,0.4783,0.3791,0.5791,1,44,0.0227,0.004,0.1181,11,37,84,92
ohne_vierlinge,2.6,1.4,43,92,0.4674,0.3688,0.5686,1,43,0.0233,0.0041,0.1206,11,38,84,92
ohne_vierlinge,2.6,1.5,42,92,0.4565,0.3585,0.558,1,42,0.0238,0.0042,0.1232,11,39,84,92
ohne_vierlinge,2.6,1.6,42,92,0.4565,0.3585,0.558,1,42,0.0238,0.0042,0.1232,11,39,84,92
ohne_vierlinge,2.6,1.7,42,92,0.4565,0.3585,0.558,1,42,0.0238,0.0042,0.1232,11,39,84,92
ohne_vierlinge,2.6,1.8,42,92,0.4565,0.3585,0.558,1,42,0.0238,0.0042,0.1232,11,39,84,92
ohne_vierlinge,2.6,1.9,42,92,0.4565,0.3585,0.558,1,42,0.0238,0.0042,0.1232,11,39,84,92
ohne_vierlinge,2.6,2.0,41,92,0.4457,0.3483,0.5474,0,41,0.0,0.0,0.0857,11,40,84,92
ohne_vierlinge,2.6,2.1,40,92,0.4348,0.3381,0.5367,0,40,0.0,0.0,0.0876,11,41,84,92
ohne_vierlinge,2.6,2.2,40,92,0.4348,0.3381,0.5367,0,40,0.0,0.0,0.0876,11,41,84,92
ohne_vierlinge,2.6,2.3,39,92,0.4239,0.328,0.5259,0,39,0.0,0.0,0.0897,11,42,84,92
ohne_vierlinge,2.6,2.4,39,92,0.4239,0.328,0.5259,0,39,0.0,0.0,0.0897,11,42,84,92
ohne_vierlinge,2.6,2.5,39,92,0.4239,0.328,0.5259,0,39,0.0,0.0,0.0897,11,42,84,92
ohne_vierlinge,2.6,2.6,39,92,0.4239,0.328,0.5259,0,39,0.0,0.0,0.0897,11,42,84,92
ohne_vierlinge,2.6,2.7,38,92,0.413,0.3179,0.5152,0,38,0.0,0.0,0.0918,11,43,84,92
ohne_vierlinge,2.6,2.8,37,92,0.4022,0.3078,0.5043,0,37,0.0,0.0,0.0941,11,44,84,92
ohne_vierlinge,2.6,2.9,37,92,0.4022,0.3078,0.5043,0,37,0.0,0.0,0.0941,11,44,84,92
ohne_vierlinge,2.6,3.0,37,92,0.4022,0.3078,0.5043,0,37,0.0,0.0,0.0941,11,44,84,92
ohne_vierlinge,2.6,3.1,37,92,0.4022,0.3078,0.5043,0,37,0.0,0.0,0.0941,11,44,84,92
ohne_vierlinge,2.6,3.2,37,92,0.4022,0.3078,0.5043,0,37,0.0,0.0,0.0941,11,44,84,92
ohne_vierlinge,2.6,3.3,37,92,0.4022,0.3078,0.5043,0,37,0.0,0.0,0.0941,11,44,84,92
ohne_vierlinge,2.6,3.4,36,92,0.3913,0.2979,0.4935,0,36,0.0,0.0,0.0964,11,45,84,92
ohne_vierlinge,2.6,3.5,36,92,0.3913,0.2979,0.4935,0,36,0.0,0.0,0.0964,11,45,84,92
ohne_vierlinge,2.6,3.6,36,92,0.3913,0.2979,0.4935,0,36,0.0,0.0,0.0964,11,45,84,92
ohne_vierlinge,2.6,3.7,34,92,0.3696,0.278,0.4716,0,34,0.0,0.0,0.1015,11,47,84,92
ohne_vierlinge,2.6,3.8,34,92,0.3696,0.278,0.4716,0,34,0.0,0.0,0.1015,11,47,84,92
ohne_vierlinge,2.6,3.9,34,92,0.3696,0.278,0.4716,0,34,0.0,0.0,0.1015,11,47,84,92
ohne_vierlinge,2.6,4.0,34,92,0.3696,0.278,0.4716,0,34,0.0,0.0,0.1015,11,47,84,92
ohne_vierlinge,2.6,4.1,34,92,0.3696,0.278,0.4716,0,34,0.0,0.0,0.1015,11,47,84,92
ohne_vierlinge,2.6,4.2,34,92,0.3696,0.278,0.4716,0,34,0.0,0.0,0.1015,11,47,84,92
ohne_vierlinge,2.6,4.3,33,92,0.3587,0.2682,0.4605,0,33,0.0,0.0,0.1043,11,48,84,92
ohne_vierlinge,2.6,4.4,32,92,0.3478,0.2584,0.4495,0,32,0.0,0.0,0.1072,11,49,84,92
ohne_vierlinge,2.6,4.5,32,92,0.3478,0.2584,0.4495,0,32,0.0,0.0,0.1072,11,49,84,92
ohne_vierlinge,2.6,4.6,30,92,0.3261,0.2389,0.4272,0,30,0.0,0.0,0.1135,11,51,84,92
ohne_vierlinge,2.6,4.7,30,92,0.3261,0.2389,0.4272,0,30,0.0,0.0,0.1135,11,51,84,92
ohne_vierlinge,2.6,4.8,30,92,0.3261,0.2389,0.4272,0,30,0.0,0.0,0.1135,11,51,84,92
ohne_vierlinge,2.6,4.9,30,92,0.3261,0.2389,0.4272,0,30,0.0,0.0,0.1135,11,51,84,92
ohne_vierlinge,2.6,5.0,30,92,0.3261,0.2389,0.4272,0,30,0.0,0.0,0.1135,11,51,84,92
ohne_vierlinge,2.7,0.0,81,92,0.8804,0.7985,0.9319,7,81,0.0864,0.0425,0.1678,11,0,84,92
ohne_vierlinge,2.7,0.1,78,92,0.8478,0.7606,0.9071,6,78,0.0769,0.0357,0.1578,11,3,84,92
ohne_vierlinge,2.7,0.2,75,92,0.8152,0.7239,0.8813,4,75,0.0533,0.0209,0.1293,11,6,84,92
ohne_vierlinge,2.7,0.3,71,92,0.7717,0.6761,0.8456,2,71,0.0282,0.0078,0.097,11,10,84,92
ohne_vierlinge,2.7,0.4,69,92,0.75,0.6527,0.8272,2,69,0.029,0.008,0.0997,11,12,84,92
ohne_vierlinge,2.7,0.5,66,92,0.7174,0.6181,0.7992,2,66,0.0303,0.0083,0.1039,11,15,84,92
ohne_vierlinge,2.7,0.6,64,92,0.6957,0.5954,0.7803,2,64,0.0312,0.0086,0.107,11,17,84,92
ohne_vierlinge,2.7,0.7,62,92,0.6739,0.5728,0.7611,2,62,0.0323,0.0089,0.1102,11,19,84,92
ohne_vierlinge,2.7,0.8,61,92,0.663,0.5617,0.7514,2,61,0.0328,0.009,0.1119,11,20,84,92
ohne_vierlinge,2.7,0.9,56,92,0.6087,0.5065,0.7021,2,56,0.0357,0.0098,0.1212,11,25,84,92
ohne_vierlinge,2.7,1.0,52,92,0.5652,0.4633,0.6619,2,52,0.0385,0.0106,0.1298,11,29,84,92
ohne_vierlinge,2.7,1.1,51,92,0.5543,0.4526,0.6517,2,51,0.0392,0.0108,0.1322,11,30,84,92
ohne_vierlinge,2.7,1.2,48,92,0.5217,0.4209,0.6209,2,48,0.0417,0.0115,0.1398,11,33,84,92
ohne_vierlinge,2.7,1.3,44,92,0.4783,0.3791,0.5791,1,44,0.0227,0.004,0.1181,11,37,84,92
ohne_vierlinge,2.7,1.4,43,92,0.4674,0.3688,0.5686,1,43,0.0233,0.0041,0.1206,11,38,84,92
ohne_vierlinge,2.7,1.5,42,92,0.4565,0.3585,0.558,1,42,0.0238,0.0042,0.1232,11,39,84,92
ohne_vierlinge,2.7,1.6,42,92,0.4565,0.3585,0.558,1,42,0.0238,0.0042,0.1232,11,39,84,92
ohne_vierlinge,2.7,1.7,42,92,0.4565,0.3585,0.558,1,42,0.0238,0.0042,0.1232,11,39,84,92
ohne_vierlinge,2.7,1.8,42,92,0.4565,0.3585,0.558,1,42,0.0238,0.0042,0.1232,11,39,84,92
ohne_vierlinge,2.7,1.9,42,92,0.4565,0.3585,0.558,1,42,0.0238,0.0042,0.1232,11,39,84,92
ohne_vierlinge,2.7,2.0,41,92,0.4457,0.3483,0.5474,0,41,0.0,0.0,0.0857,11,40,84,92
ohne_vierlinge,2.7,2.1,40,92,0.4348,0.3381,0.5367,0,40,0.0,0.0,0.0876,11,41,84,92
ohne_vierlinge,2.7,2.2,40,92,0.4348,0.3381,0.5367,0,40,0.0,0.0,0.0876,11,41,84,92
ohne_vierlinge,2.7,2.3,39,92,0.4239,0.328,0.5259,0,39,0.0,0.0,0.0897,11,42,84,92
ohne_vierlinge,2.7,2.4,39,92,0.4239,0.328,0.5259,0,39,0.0,0.0,0.0897,11,42,84,92
ohne_vierlinge,2.7,2.5,39,92,0.4239,0.328,0.5259,0,39,0.0,0.0,0.0897,11,42,84,92
ohne_vierlinge,2.7,2.6,39,92,0.4239,0.328,0.5259,0,39,0.0,0.0,0.0897,11,42,84,92
ohne_vierlinge,2.7,2.7,38,92,0.413,0.3179,0.5152,0,38,0.0,0.0,0.0918,11,43,84,92
ohne_vierlinge,2.7,2.8,37,92,0.4022,0.3078,0.5043,0,37,0.0,0.0,0.0941,11,44,84,92
ohne_vierlinge,2.7,2.9,37,92,0.4022,0.3078,0.5043,0,37,0.0,0.0,0.0941,11,44,84,92
ohne_vierlinge,2.7,3.0,37,92,0.4022,0.3078,0.5043,0,37,0.0,0.0,0.0941,11,44,84,92
ohne_vierlinge,2.7,3.1,37,92,0.4022,0.3078,0.5043,0,37,0.0,0.0,0.0941,11,44,84,92
ohne_vierlinge,2.7,3.2,37,92,0.4022,0.3078,0.5043,0,37,0.0,0.0,0.0941,11,44,84,92
ohne_vierlinge,2.7,3.3,37,92,0.4022,0.3078,0.5043,0,37,0.0,0.0,0.0941,11,44,84,92
ohne_vierlinge,2.7,3.4,36,92,0.3913,0.2979,0.4935,0,36,0.0,0.0,0.0964,11,45,84,92
ohne_vierlinge,2.7,3.5,36,92,0.3913,0.2979,0.4935,0,36,0.0,0.0,0.0964,11,45,84,92
ohne_vierlinge,2.7,3.6,36,92,0.3913,0.2979,0.4935,0,36,0.0,0.0,0.0964,11,45,84,92
ohne_vierlinge,2.7,3.7,34,92,0.3696,0.278,0.4716,0,34,0.0,0.0,0.1015,11,47,84,92
ohne_vierlinge,2.7,3.8,34,92,0.3696,0.278,0.4716,0,34,0.0,0.0,0.1015,11,47,84,92
ohne_vierlinge,2.7,3.9,34,92,0.3696,0.278,0.4716,0,34,0.0,0.0,0.1015,11,47,84,92
ohne_vierlinge,2.7,4.0,34,92,0.3696,0.278,0.4716,0,34,0.0,0.0,0.1015,11,47,84,92
ohne_vierlinge,2.7,4.1,34,92,0.3696,0.278,0.4716,0,34,0.0,0.0,0.1015,11,47,84,92
ohne_vierlinge,2.7,4.2,34,92,0.3696,0.278,0.4716,0,34,0.0,0.0,0.1015,11,47,84,92
ohne_vierlinge,2.7,4.3,33,92,0.3587,0.2682,0.4605,0,33,0.0,0.0,0.1043,11,48,84,92
ohne_vierlinge,2.7,4.4,32,92,0.3478,0.2584,0.4495,0,32,0.0,0.0,0.1072,11,49,84,92
ohne_vierlinge,2.7,4.5,32,92,0.3478,0.2584,0.4495,0,32,0.0,0.0,0.1072,11,49,84,92
ohne_vierlinge,2.7,4.6,30,92,0.3261,0.2389,0.4272,0,30,0.0,0.0,0.1135,11,51,84,92
ohne_vierlinge,2.7,4.7,30,92,0.3261,0.2389,0.4272,0,30,0.0,0.0,0.1135,11,51,84,92
ohne_vierlinge,2.7,4.8,30,92,0.3261,0.2389,0.4272,0,30,0.0,0.0,0.1135,11,51,84,92
ohne_vierlinge,2.7,4.9,30,92,0.3261,0.2389,0.4272,0,30,0.0,0.0,0.1135,11,51,84,92
ohne_vierlinge,2.7,5.0,30,92,0.3261,0.2389,0.4272,0,30,0.0,0.0,0.1135,11,51,84,92
ohne_vierlinge,2.8,0.0,81,92,0.8804,0.7985,0.9319,7,81,0.0864,0.0425,0.1678,11,0,84,92
ohne_vierlinge,2.8,0.1,78,92,0.8478,0.7606,0.9071,6,78,0.0769,0.0357,0.1578,11,3,84,92
ohne_vierlinge,2.8,0.2,75,92,0.8152,0.7239,0.8813,4,75,0.0533,0.0209,0.1293,11,6,84,92
ohne_vierlinge,2.8,0.3,71,92,0.7717,0.6761,0.8456,2,71,0.0282,0.0078,0.097,11,10,84,92
ohne_vierlinge,2.8,0.4,69,92,0.75,0.6527,0.8272,2,69,0.029,0.008,0.0997,11,12,84,92
ohne_vierlinge,2.8,0.5,66,92,0.7174,0.6181,0.7992,2,66,0.0303,0.0083,0.1039,11,15,84,92
ohne_vierlinge,2.8,0.6,64,92,0.6957,0.5954,0.7803,2,64,0.0312,0.0086,0.107,11,17,84,92
ohne_vierlinge,2.8,0.7,62,92,0.6739,0.5728,0.7611,2,62,0.0323,0.0089,0.1102,11,19,84,92
ohne_vierlinge,2.8,0.8,61,92,0.663,0.5617,0.7514,2,61,0.0328,0.009,0.1119,11,20,84,92
ohne_vierlinge,2.8,0.9,56,92,0.6087,0.5065,0.7021,2,56,0.0357,0.0098,0.1212,11,25,84,92
ohne_vierlinge,2.8,1.0,52,92,0.5652,0.4633,0.6619,2,52,0.0385,0.0106,0.1298,11,29,84,92
ohne_vierlinge,2.8,1.1,51,92,0.5543,0.4526,0.6517,2,51,0.0392,0.0108,0.1322,11,30,84,92
ohne_vierlinge,2.8,1.2,48,92,0.5217,0.4209,0.6209,2,48,0.0417,0.0115,0.1398,11,33,84,92
ohne_vierlinge,2.8,1.3,44,92,0.4783,0.3791,0.5791,1,44,0.0227,0.004,0.1181,11,37,84,92
ohne_vierlinge,2.8,1.4,43,92,0.4674,0.3688,0.5686,1,43,0.0233,0.0041,0.1206,11,38,84,92
ohne_vierlinge,2.8,1.5,42,92,0.4565,0.3585,0.558,1,42,0.0238,0.0042,0.1232,11,39,84,92
ohne_vierlinge,2.8,1.6,42,92,0.4565,0.3585,0.558,1,42,0.0238,0.0042,0.1232,11,39,84,92
ohne_vierlinge,2.8,1.7,42,92,0.4565,0.3585,0.558,1,42,0.0238,0.0042,0.1232,11,39,84,92
ohne_vierlinge,2.8,1.8,42,92,0.4565,0.3585,0.558,1,42,0.0238,0.0042,0.1232,11,39,84,92
ohne_vierlinge,2.8,1.9,42,92,0.4565,0.3585,0.558,1,42,0.0238,0.0042,0.1232,11,39,84,92
ohne_vierlinge,2.8,2.0,41,92,0.4457,0.3483,0.5474,0,41,0.0,0.0,0.0857,11,40,84,92
ohne_vierlinge,2.8,2.1,40,92,0.4348,0.3381,0.5367,0,40,0.0,0.0,0.0876,11,41,84,92
ohne_vierlinge,2.8,2.2,40,92,0.4348,0.3381,0.5367,0,40,0.0,0.0,0.0876,11,41,84,92
ohne_vierlinge,2.8,2.3,39,92,0.4239,0.328,0.5259,0,39,0.0,0.0,0.0897,11,42,84,92
ohne_vierlinge,2.8,2.4,39,92,0.4239,0.328,0.5259,0,39,0.0,0.0,0.0897,11,42,84,92
ohne_vierlinge,2.8,2.5,39,92,0.4239,0.328,0.5259,0,39,0.0,0.0,0.0897,11,42,84,92
ohne_vierlinge,2.8,2.6,39,92,0.4239,0.328,0.5259,0,39,0.0,0.0,0.0897,11,42,84,92
ohne_vierlinge,2.8,2.7,38,92,0.413,0.3179,0.5152,0,38,0.0,0.0,0.0918,11,43,84,92
ohne_vierlinge,2.8,2.8,37,92,0.4022,0.3078,0.5043,0,37,0.0,0.0,0.0941,11,44,84,92
ohne_vierlinge,2.8,2.9,37,92,0.4022,0.3078,0.5043,0,37,0.0,0.0,0.0941,11,44,84,92
ohne_vierlinge,2.8,3.0,37,92,0.4022,0.3078,0.5043,0,37,0.0,0.0,0.0941,11,44,84,92
ohne_vierlinge,2.8,3.1,37,92,0.4022,0.3078,0.5043,0,37,0.0,0.0,0.0941,11,44,84,92
ohne_vierlinge,2.8,3.2,37,92,0.4022,0.3078,0.5043,0,37,0.0,0.0,0.0941,11,44,84,92
ohne_vierlinge,2.8,3.3,37,92,0.4022,0.3078,0.5043,0,37,0.0,0.0,0.0941,11,44,84,92
ohne_vierlinge,2.8,3.4,36,92,0.3913,0.2979,0.4935,0,36,0.0,0.0,0.0964,11,45,84,92
ohne_vierlinge,2.8,3.5,36,92,0.3913,0.2979,0.4935,0,36,0.0,0.0,0.0964,11,45,84,92
ohne_vierlinge,2.8,3.6,36,92,0.3913,0.2979,0.4935,0,36,0.0,0.0,0.0964,11,45,84,92
ohne_vierlinge,2.8,3.7,34,92,0.3696,0.278,0.4716,0,34,0.0,0.0,0.1015,11,47,84,92
ohne_vierlinge,2.8,3.8,34,92,0.3696,0.278,0.4716,0,34,0.0,0.0,0.1015,11,47,84,92
ohne_vierlinge,2.8,3.9,34,92,0.3696,0.278,0.4716,0,34,0.0,0.0,0.1015,11,47,84,92
ohne_vierlinge,2.8,4.0,34,92,0.3696,0.278,0.4716,0,34,0.0,0.0,0.1015,11,47,84,92
ohne_vierlinge,2.8,4.1,34,92,0.3696,0.278,0.4716,0,34,0.0,0.0,0.1015,11,47,84,92
ohne_vierlinge,2.8,4.2,34,92,0.3696,0.278,0.4716,0,34,0.0,0.0,0.1015,11,47,84,92
ohne_vierlinge,2.8,4.3,33,92,0.3587,0.2682,0.4605,0,33,0.0,0.0,0.1043,11,48,84,92
ohne_vierlinge,2.8,4.4,32,92,0.3478,0.2584,0.4495,0,32,0.0,0.0,0.1072,11,49,84,92
ohne_vierlinge,2.8,4.5,32,92,0.3478,0.2584,0.4495,0,32,0.0,0.0,0.1072,11,49,84,92
ohne_vierlinge,2.8,4.6,30,92,0.3261,0.2389,0.4272,0,30,0.0,0.0,0.1135,11,51,84,92
ohne_vierlinge,2.8,4.7,30,92,0.3261,0.2389,0.4272,0,30,0.0,0.0,0.1135,11,51,84,92
ohne_vierlinge,2.8,4.8,30,92,0.3261,0.2389,0.4272,0,30,0.0,0.0,0.1135,11,51,84,92
ohne_vierlinge,2.8,4.9,30,92,0.3261,0.2389,0.4272,0,30,0.0,0.0,0.1135,11,51,84,92
ohne_vierlinge,2.8,5.0,30,92,0.3261,0.2389,0.4272,0,30,0.0,0.0,0.1135,11,51,84,92
ohne_vierlinge,2.9,0.0,82,92,0.8913,0.8114,0.9399,7,82,0.0854,0.042,0.1659,10,0,84,92
ohne_vierlinge,2.9,0.1,79,92,0.8587,0.7731,0.9155,6,79,0.0759,0.0353,0.156,10,3,84,92
ohne_vierlinge,2.9,0.2,76,92,0.8261,0.736,0.89,4,76,0.0526,0.0207,0.1277,10,6,84,92
ohne_vierlinge,2.9,0.3,72,92,0.7826,0.6879,0.8546,2,72,0.0278,0.0077,0.0957,10,10,84,92
ohne_vierlinge,2.9,0.4,70,92,0.7609,0.6644,0.8364,2,70,0.0286,0.0079,0.0983,10,12,84,92
ohne_vierlinge,2.9,0.5,67,92,0.7283,0.6296,0.8086,2,67,0.0299,0.0082,0.1025,10,15,84,92
ohne_vierlinge,2.9,0.6,65,92,0.7065,0.6067,0.7898,2,65,0.0308,0.0085,0.1054,10,17,84,92
ohne_vierlinge,2.9,0.7,63,92,0.6848,0.5841,0.7707,2,63,0.0317,0.0087,0.1086,10,19,84,92
ohne_vierlinge,2.9,0.8,62,92,0.6739,0.5728,0.7611,2,62,0.0323,0.0089,0.1102,10,20,84,92
ohne_vierlinge,2.9,0.9,57,92,0.6196,0.5175,0.7121,2,57,0.0351,0.0097,0.1192,10,25,84,92
ohne_vierlinge,2.9,1.0,53,92,0.5761,0.4741,0.672,2,53,0.0377,0.0104,0.1275,10,29,84,92
ohne_vierlinge,2.9,1.1,52,92,0.5652,0.4633,0.6619,2,52,0.0385,0.0106,0.1298,10,30,84,92
ohne_vierlinge,2.9,1.2,49,92,0.5326,0.4314,0.6312,2,49,0.0408,0.0113,0.1371,10,33,84,92
ohne_vierlinge,2.9,1.3,45,92,0.4891,0.3895,0.5896,1,45,0.0222,0.0039,0.1157,10,37,84,92
ohne_vierlinge,2.9,1.4,44,92,0.4783,0.3791,0.5791,1,44,0.0227,0.004,0.1181,10,38,84,92
ohne_vierlinge,2.9,1.5,43,92,0.4674,0.3688,0.5686,1,43,0.0233,0.0041,0.1206,10,39,84,92
ohne_vierlinge,2.9,1.6,43,92,0.4674,0.3688,0.5686,1,43,0.0233,0.0041,0.1206,10,39,84,92
ohne_vierlinge,2.9,1.7,43,92,0.4674,0.3688,0.5686,1,43,0.0233,0.0041,0.1206,10,39,84,92
ohne_vierlinge,2.9,1.8,43,92,0.4674,0.3688,0.5686,1,43,0.0233,0.0041,0.1206,10,39,84,92
ohne_vierlinge,2.9,1.9,43,92,0.4674,0.3688,0.5686,1,43,0.0233,0.0041,0.1206,10,39,84,92
ohne_vierlinge,2.9,2.0,42,92,0.4565,0.3585,0.558,0,42,0.0,0.0,0.0838,10,40,84,92
ohne_vierlinge,2.9,2.1,41,92,0.4457,0.3483,0.5474,0,41,0.0,0.0,0.0857,10,41,84,92
ohne_vierlinge,2.9,2.2,40,92,0.4348,0.3381,0.5367,0,40,0.0,0.0,0.0876,10,42,84,92
ohne_vierlinge,2.9,2.3,39,92,0.4239,0.328,0.5259,0,39,0.0,0.0,0.0897,10,43,84,92
ohne_vierlinge,2.9,2.4,39,92,0.4239,0.328,0.5259,0,39,0.0,0.0,0.0897,10,43,84,92
ohne_vierlinge,2.9,2.5,39,92,0.4239,0.328,0.5259,0,39,0.0,0.0,0.0897,10,43,84,92
ohne_vierlinge,2.9,2.6,39,92,0.4239,0.328,0.5259,0,39,0.0,0.0,0.0897,10,43,84,92
ohne_vierlinge,2.9,2.7,38,92,0.413,0.3179,0.5152,0,38,0.0,0.0,0.0918,10,44,84,92
ohne_vierlinge,2.9,2.8,37,92,0.4022,0.3078,0.5043,0,37,0.0,0.0,0.0941,10,45,84,92
ohne_vierlinge,2.9,2.9,37,92,0.4022,0.3078,0.5043,0,37,0.0,0.0,0.0941,10,45,84,92
ohne_vierlinge,2.9,3.0,37,92,0.4022,0.3078,0.5043,0,37,0.0,0.0,0.0941,10,45,84,92
ohne_vierlinge,2.9,3.1,37,92,0.4022,0.3078,0.5043,0,37,0.0,0.0,0.0941,10,45,84,92
ohne_vierlinge,2.9,3.2,37,92,0.4022,0.3078,0.5043,0,37,0.0,0.0,0.0941,10,45,84,92
ohne_vierlinge,2.9,3.3,37,92,0.4022,0.3078,0.5043,0,37,0.0,0.0,0.0941,10,45,84,92
ohne_vierlinge,2.9,3.4,36,92,0.3913,0.2979,0.4935,0,36,0.0,0.0,0.0964,10,46,84,92
ohne_vierlinge,2.9,3.5,36,92,0.3913,0.2979,0.4935,0,36,0.0,0.0,0.0964,10,46,84,92
ohne_vierlinge,2.9,3.6,36,92,0.3913,0.2979,0.4935,0,36,0.0,0.0,0.0964,10,46,84,92
ohne_vierlinge,2.9,3.7,34,92,0.3696,0.278,0.4716,0,34,0.0,0.0,0.1015,10,48,84,92
ohne_vierlinge,2.9,3.8,34,92,0.3696,0.278,0.4716,0,34,0.0,0.0,0.1015,10,48,84,92
ohne_vierlinge,2.9,3.9,34,92,0.3696,0.278,0.4716,0,34,0.0,0.0,0.1015,10,48,84,92
ohne_vierlinge,2.9,4.0,34,92,0.3696,0.278,0.4716,0,34,0.0,0.0,0.1015,10,48,84,92
ohne_vierlinge,2.9,4.1,34,92,0.3696,0.278,0.4716,0,34,0.0,0.0,0.1015,10,48,84,92
ohne_vierlinge,2.9,4.2,34,92,0.3696,0.278,0.4716,0,34,0.0,0.0,0.1015,10,48,84,92
ohne_vierlinge,2.9,4.3,33,92,0.3587,0.2682,0.4605,0,33,0.0,0.0,0.1043,10,49,84,92
ohne_vierlinge,2.9,4.4,32,92,0.3478,0.2584,0.4495,0,32,0.0,0.0,0.1072,10,50,84,92
ohne_vierlinge,2.9,4.5,32,92,0.3478,0.2584,0.4495,0,32,0.0,0.0,0.1072,10,50,84,92
ohne_vierlinge,2.9,4.6,30,92,0.3261,0.2389,0.4272,0,30,0.0,0.0,0.1135,10,52,84,92
ohne_vierlinge,2.9,4.7,30,92,0.3261,0.2389,0.4272,0,30,0.0,0.0,0.1135,10,52,84,92
ohne_vierlinge,2.9,4.8,30,92,0.3261,0.2389,0.4272,0,30,0.0,0.0,0.1135,10,52,84,92
ohne_vierlinge,2.9,4.9,30,92,0.3261,0.2389,0.4272,0,30,0.0,0.0,0.1135,10,52,84,92
ohne_vierlinge,2.9,5.0,30,92,0.3261,0.2389,0.4272,0,30,0.0,0.0,0.1135,10,52,84,92
ohne_vierlinge,3.0,0.0,84,92,0.913,0.8377,0.9553,7,84,0.0833,0.041,0.1622,8,0,84,92
ohne_vierlinge,3.0,0.1,81,92,0.8804,0.7985,0.9319,6,81,0.0741,0.0344,0.1523,8,3,84,92
ohne_vierlinge,3.0,0.2,78,92,0.8478,0.7606,0.9071,4,78,0.0513,0.0201,0.1246,8,6,84,92
ohne_vierlinge,3.0,0.3,74,92,0.8043,0.7118,0.8725,2,74,0.027,0.0074,0.0933,8,10,84,92
ohne_vierlinge,3.0,0.4,72,92,0.7826,0.6879,0.8546,2,72,0.0278,0.0077,0.0957,8,12,84,92
ohne_vierlinge,3.0,0.5,69,92,0.75,0.6527,0.8272,2,69,0.029,0.008,0.0997,8,15,84,92
ohne_vierlinge,3.0,0.6,67,92,0.7283,0.6296,0.8086,2,67,0.0299,0.0082,0.1025,8,17,84,92
ohne_vierlinge,3.0,0.7,65,92,0.7065,0.6067,0.7898,2,65,0.0308,0.0085,0.1054,8,19,84,92
ohne_vierlinge,3.0,0.8,64,92,0.6957,0.5954,0.7803,2,64,0.0312,0.0086,0.107,8,20,84,92
ohne_vierlinge,3.0,0.9,59,92,0.6413,0.5395,0.7318,2,59,0.0339,0.0093,0.1154,8,25,84,92
ohne_vierlinge,3.0,1.0,55,92,0.5978,0.4957,0.6922,2,55,0.0364,0.01,0.1232,8,29,84,92
ohne_vierlinge,3.0,1.1,54,92,0.587,0.4848,0.6821,2,54,0.037,0.0102,0.1254,8,30,84,92
ohne_vierlinge,3.0,1.2,51,92,0.5543,0.4526,0.6517,2,51,0.0392,0.0108,0.1322,8,33,84,92
ohne_vierlinge,3.0,1.3,47,92,0.5109,0.4104,0.6105,1,47,0.0213,0.0038,0.1111,8,37,84,92
ohne_vierlinge,3.0,1.4,46,92,0.5,0.3999,0.6001,1,46,0.0217,0.0038,0.1134,8,38,84,92
ohne_vierlinge,3.0,1.5,45,92,0.4891,0.3895,0.5896,1,45,0.0222,0.0039,0.1157,8,39,84,92
ohne_vierlinge,3.0,1.6,44,92,0.4783,0.3791,0.5791,1,44,0.0227,0.004,0.1181,8,40,84,92
ohne_vierlinge,3.0,1.7,44,92,0.4783,0.3791,0.5791,1,44,0.0227,0.004,0.1181,8,40,84,92
ohne_vierlinge,3.0,1.8,44,92,0.4783,0.3791,0.5791,1,44,0.0227,0.004,0.1181,8,40,84,92
ohne_vierlinge,3.0,1.9,44,92,0.4783,0.3791,0.5791,1,44,0.0227,0.004,0.1181,8,40,84,92
ohne_vierlinge,3.0,2.0,43,92,0.4674,0.3688,0.5686,0,43,0.0,0.0,0.082,8,41,84,92
ohne_vierlinge,3.0,2.1,42,92,0.4565,0.3585,0.558,0,42,0.0,0.0,0.0838,8,42,84,92
ohne_vierlinge,3.0,2.2,41,92,0.4457,0.3483,0.5474,0,41,0.0,0.0,0.0857,8,43,84,92
ohne_vierlinge,3.0,2.3,40,92,0.4348,0.3381,0.5367,0,40,0.0,0.0,0.0876,8,44,84,92
ohne_vierlinge,3.0,2.4,40,92,0.4348,0.3381,0.5367,0,40,0.0,0.0,0.0876,8,44,84,92
ohne_vierlinge,3.0,2.5,40,92,0.4348,0.3381,0.5367,0,40,0.0,0.0,0.0876,8,44,84,92
ohne_vierlinge,3.0,2.6,40,92,0.4348,0.3381,0.5367,0,40,0.0,0.0,0.0876,8,44,84,92
ohne_vierlinge,3.0,2.7,39,92,0.4239,0.328,0.5259,0,39,0.0,0.0,0.0897,8,45,84,92
ohne_vierlinge,3.0,2.8,38,92,0.413,0.3179,0.5152,0,38,0.0,0.0,0.0918,8,46,84,92
ohne_vierlinge,3.0,2.9,38,92,0.413,0.3179,0.5152,0,38,0.0,0.0,0.0918,8,46,84,92
ohne_vierlinge,3.0,3.0,38,92,0.413,0.3179,0.5152,0,38,0.0,0.0,0.0918,8,46,84,92
ohne_vierlinge,3.0,3.1,38,92,0.413,0.3179,0.5152,0,38,0.0,0.0,0.0918,8,46,84,92
ohne_vierlinge,3.0,3.2,38,92,0.413,0.3179,0.5152,0,38,0.0,0.0,0.0918,8,46,84,92
ohne_vierlinge,3.0,3.3,38,92,0.413,0.3179,0.5152,0,38,0.0,0.0,0.0918,8,46,84,92
ohne_vierlinge,3.0,3.4,37,92,0.4022,0.3078,0.5043,0,37,0.0,0.0,0.0941,8,47,84,92
ohne_vierlinge,3.0,3.5,37,92,0.4022,0.3078,0.5043,0,37,0.0,0.0,0.0941,8,47,84,92
ohne_vierlinge,3.0,3.6,37,92,0.4022,0.3078,0.5043,0,37,0.0,0.0,0.0941,8,47,84,92
ohne_vierlinge,3.0,3.7,35,92,0.3804,0.2879,0.4825,0,35,0.0,0.0,0.0989,8,49,84,92
ohne_vierlinge,3.0,3.8,35,92,0.3804,0.2879,0.4825,0,35,0.0,0.0,0.0989,8,49,84,92
ohne_vierlinge,3.0,3.9,35,92,0.3804,0.2879,0.4825,0,35,0.0,0.0,0.0989,8,49,84,92
ohne_vierlinge,3.0,4.0,35,92,0.3804,0.2879,0.4825,0,35,0.0,0.0,0.0989,8,49,84,92
ohne_vierlinge,3.0,4.1,35,92,0.3804,0.2879,0.4825,0,35,0.0,0.0,0.0989,8,49,84,92
ohne_vierlinge,3.0,4.2,35,92,0.3804,0.2879,0.4825,0,35,0.0,0.0,0.0989,8,49,84,92
ohne_vierlinge,3.0,4.3,34,92,0.3696,0.278,0.4716,0,34,0.0,0.0,0.1015,8,50,84,92
ohne_vierlinge,3.0,4.4,33,92,0.3587,0.2682,0.4605,0,33,0.0,0.0,0.1043,8,51,84,92
ohne_vierlinge,3.0,4.5,33,92,0.3587,0.2682,0.4605,0,33,0.0,0.0,0.1043,8,51,84,92
ohne_vierlinge,3.0,4.6,31,92,0.337,0.2486,0.4383,0,31,0.0,0.0,0.1103,8,53,84,92
ohne_vierlinge,3.0,4.7,31,92,0.337,0.2486,0.4383,0,31,0.0,0.0,0.1103,8,53,84,92
ohne_vierlinge,3.0,4.8,31,92,0.337,0.2486,0.4383,0,31,0.0,0.0,0.1103,8,53,84,92
ohne_vierlinge,3.0,4.9,31,92,0.337,0.2486,0.4383,0,31,0.0,0.0,0.1103,8,53,84,92
ohne_vierlinge,3.0,5.0,31,92,0.337,0.2486,0.4383,0,31,0.0,0.0,0.1103,8,53,84,92
ohne_vierlinge,3.1,0.0,85,92,0.9239,0.8512,0.9627,7,85,0.0824,0.0405,0.1604,7,0,84,92
ohne_vierlinge,3.1,0.1,82,92,0.8913,0.8114,0.9399,6,82,0.0732,0.034,0.1506,7,3,84,92
ohne_vierlinge,3.1,0.2,79,92,0.8587,0.7731,0.9155,4,79,0.0506,0.0199,0.1231,7,6,84,92
ohne_vierlinge,3.1,0.3,75,92,0.8152,0.7239,0.8813,2,75,0.0267,0.0073,0.0921,7,10,84,92
ohne_vierlinge,3.1,0.4,73,92,0.7935,0.6998,0.8636,2,73,0.0274,0.0075,0.0945,7,12,84,92
ohne_vierlinge,3.1,0.5,70,92,0.7609,0.6644,0.8364,2,70,0.0286,0.0079,0.0983,7,15,84,92
ohne_vierlinge,3.1,0.6,68,92,0.7391,0.6411,0.818,2,68,0.0294,0.0081,0.101,7,17,84,92
ohne_vierlinge,3.1,0.7,66,92,0.7174,0.6181,0.7992,2,66,0.0303,0.0083,0.1039,7,19,84,92
ohne_vierlinge,3.1,0.8,65,92,0.7065,0.6067,0.7898,2,65,0.0308,0.0085,0.1054,7,20,84,92
ohne_vierlinge,3.1,0.9,60,92,0.6522,0.5505,0.7416,2,60,0.0333,0.0092,0.1136,7,25,84,92
ohne_vierlinge,3.1,1.0,56,92,0.6087,0.5065,0.7021,2,56,0.0357,0.0098,0.1212,7,29,84,92
ohne_vierlinge,3.1,1.1,55,92,0.5978,0.4957,0.6922,2,55,0.0364,0.01,0.1232,7,30,84,92
ohne_vierlinge,3.1,1.2,52,92,0.5652,0.4633,0.6619,2,52,0.0385,0.0106,0.1298,7,33,84,92
ohne_vierlinge,3.1,1.3,48,92,0.5217,0.4209,0.6209,1,48,0.0208,0.0037,0.109,7,37,84,92
ohne_vierlinge,3.1,1.4,47,92,0.5109,0.4104,0.6105,1,47,0.0213,0.0038,0.1111,7,38,84,92
ohne_vierlinge,3.1,1.5,46,92,0.5,0.3999,0.6001,1,46,0.0217,0.0038,0.1134,7,39,84,92
ohne_vierlinge,3.1,1.6,45,92,0.4891,0.3895,0.5896,1,45,0.0222,0.0039,0.1157,7,40,84,92
ohne_vierlinge,3.1,1.7,45,92,0.4891,0.3895,0.5896,1,45,0.0222,0.0039,0.1157,7,40,84,92
ohne_vierlinge,3.1,1.8,45,92,0.4891,0.3895,0.5896,1,45,0.0222,0.0039,0.1157,7,40,84,92
ohne_vierlinge,3.1,1.9,45,92,0.4891,0.3895,0.5896,1,45,0.0222,0.0039,0.1157,7,40,84,92
ohne_vierlinge,3.1,2.0,44,92,0.4783,0.3791,0.5791,0,44,0.0,0.0,0.0803,7,41,84,92
ohne_vierlinge,3.1,2.1,43,92,0.4674,0.3688,0.5686,0,43,0.0,0.0,0.082,7,42,84,92
ohne_vierlinge,3.1,2.2,42,92,0.4565,0.3585,0.558,0,42,0.0,0.0,0.0838,7,43,84,92
ohne_vierlinge,3.1,2.3,41,92,0.4457,0.3483,0.5474,0,41,0.0,0.0,0.0857,7,44,84,92
ohne_vierlinge,3.1,2.4,41,92,0.4457,0.3483,0.5474,0,41,0.0,0.0,0.0857,7,44,84,92
ohne_vierlinge,3.1,2.5,41,92,0.4457,0.3483,0.5474,0,41,0.0,0.0,0.0857,7,44,84,92
ohne_vierlinge,3.1,2.6,41,92,0.4457,0.3483,0.5474,0,41,0.0,0.0,0.0857,7,44,84,92
ohne_vierlinge,3.1,2.7,40,92,0.4348,0.3381,0.5367,0,40,0.0,0.0,0.0876,7,45,84,92
ohne_vierlinge,3.1,2.8,39,92,0.4239,0.328,0.5259,0,39,0.0,0.0,0.0897,7,46,84,92
ohne_vierlinge,3.1,2.9,39,92,0.4239,0.328,0.5259,0,39,0.0,0.0,0.0897,7,46,84,92
ohne_vierlinge,3.1,3.0,39,92,0.4239,0.328,0.5259,0,39,0.0,0.0,0.0897,7,46,84,92
ohne_vierlinge,3.1,3.1,39,92,0.4239,0.328,0.5259,0,39,0.0,0.0,0.0897,7,46,84,92
ohne_vierlinge,3.1,3.2,39,92,0.4239,0.328,0.5259,0,39,0.0,0.0,0.0897,7,46,84,92
ohne_vierlinge,3.1,3.3,39,92,0.4239,0.328,0.5259,0,39,0.0,0.0,0.0897,7,46,84,92
ohne_vierlinge,3.1,3.4,38,92,0.413,0.3179,0.5152,0,38,0.0,0.0,0.0918,7,47,84,92
ohne_vierlinge,3.1,3.5,38,92,0.413,0.3179,0.5152,0,38,0.0,0.0,0.0918,7,47,84,92
ohne_vierlinge,3.1,3.6,38,92,0.413,0.3179,0.5152,0,38,0.0,0.0,0.0918,7,47,84,92
ohne_vierlinge,3.1,3.7,36,92,0.3913,0.2979,0.4935,0,36,0.0,0.0,0.0964,7,49,84,92
ohne_vierlinge,3.1,3.8,36,92,0.3913,0.2979,0.4935,0,36,0.0,0.0,0.0964,7,49,84,92
ohne_vierlinge,3.1,3.9,36,92,0.3913,0.2979,0.4935,0,36,0.0,0.0,0.0964,7,49,84,92
ohne_vierlinge,3.1,4.0,36,92,0.3913,0.2979,0.4935,0,36,0.0,0.0,0.0964,7,49,84,92
ohne_vierlinge,3.1,4.1,36,92,0.3913,0.2979,0.4935,0,36,0.0,0.0,0.0964,7,49,84,92
ohne_vierlinge,3.1,4.2,36,92,0.3913,0.2979,0.4935,0,36,0.0,0.0,0.0964,7,49,84,92
ohne_vierlinge,3.1,4.3,35,92,0.3804,0.2879,0.4825,0,35,0.0,0.0,0.0989,7,50,84,92
ohne_vierlinge,3.1,4.4,34,92,0.3696,0.278,0.4716,0,34,0.0,0.0,0.1015,7,51,84,92
ohne_vierlinge,3.1,4.5,34,92,0.3696,0.278,0.4716,0,34,0.0,0.0,0.1015,7,51,84,92
ohne_vierlinge,3.1,4.6,32,92,0.3478,0.2584,0.4495,0,32,0.0,0.0,0.1072,7,53,84,92
ohne_vierlinge,3.1,4.7,32,92,0.3478,0.2584,0.4495,0,32,0.0,0.0,0.1072,7,53,84,92
ohne_vierlinge,3.1,4.8,32,92,0.3478,0.2584,0.4495,0,32,0.0,0.0,0.1072,7,53,84,92
ohne_vierlinge,3.1,4.9,32,92,0.3478,0.2584,0.4495,0,32,0.0,0.0,0.1072,7,53,84,92
ohne_vierlinge,3.1,5.0,32,92,0.3478,0.2584,0.4495,0,32,0.0,0.0,0.1072,7,53,84,92
ohne_vierlinge,3.2,0.0,87,92,0.9457,0.879,0.9766,7,87,0.0805,0.0395,0.1569,5,0,84,92
ohne_vierlinge,3.2,0.1,83,92,0.9022,0.8244,0.9477,6,83,0.0723,0.0335,0.1489,5,4,84,92
ohne_vierlinge,3.2,0.2,80,92,0.8696,0.7857,0.9238,4,80,0.05,0.0196,0.1216,5,7,84,92
ohne_vierlinge,3.2,0.3,75,92,0.8152,0.7239,0.8813,2,75,0.0267,0.0073,0.0921,5,12,84,92
ohne_vierlinge,3.2,0.4,73,92,0.7935,0.6998,0.8636,2,73,0.0274,0.0075,0.0945,5,14,84,92
ohne_vierlinge,3.2,0.5,70,92,0.7609,0.6644,0.8364,2,70,0.0286,0.0079,0.0983,5,17,84,92
ohne_vierlinge,3.2,0.6,68,92,0.7391,0.6411,0.818,2,68,0.0294,0.0081,0.101,5,19,84,92
ohne_vierlinge,3.2,0.7,66,92,0.7174,0.6181,0.7992,2,66,0.0303,0.0083,0.1039,5,21,84,92
ohne_vierlinge,3.2,0.8,65,92,0.7065,0.6067,0.7898,2,65,0.0308,0.0085,0.1054,5,22,84,92
ohne_vierlinge,3.2,0.9,60,92,0.6522,0.5505,0.7416,2,60,0.0333,0.0092,0.1136,5,27,84,92
ohne_vierlinge,3.2,1.0,56,92,0.6087,0.5065,0.7021,2,56,0.0357,0.0098,0.1212,5,31,84,92
ohne_vierlinge,3.2,1.1,55,92,0.5978,0.4957,0.6922,2,55,0.0364,0.01,0.1232,5,32,84,92
ohne_vierlinge,3.2,1.2,52,92,0.5652,0.4633,0.6619,2,52,0.0385,0.0106,0.1298,5,35,84,92
ohne_vierlinge,3.2,1.3,48,92,0.5217,0.4209,0.6209,1,48,0.0208,0.0037,0.109,5,39,84,92
ohne_vierlinge,3.2,1.4,47,92,0.5109,0.4104,0.6105,1,47,0.0213,0.0038,0.1111,5,40,84,92
ohne_vierlinge,3.2,1.5,46,92,0.5,0.3999,0.6001,1,46,0.0217,0.0038,0.1134,5,41,84,92
ohne_vierlinge,3.2,1.6,45,92,0.4891,0.3895,0.5896,1,45,0.0222,0.0039,0.1157,5,42,84,92
ohne_vierlinge,3.2,1.7,45,92,0.4891,0.3895,0.5896,1,45,0.0222,0.0039,0.1157,5,42,84,92
ohne_vierlinge,3.2,1.8,45,92,0.4891,0.3895,0.5896,1,45,0.0222,0.0039,0.1157,5,42,84,92
ohne_vierlinge,3.2,1.9,45,92,0.4891,0.3895,0.5896,1,45,0.0222,0.0039,0.1157,5,42,84,92
ohne_vierlinge,3.2,2.0,44,92,0.4783,0.3791,0.5791,0,44,0.0,0.0,0.0803,5,43,84,92
ohne_vierlinge,3.2,2.1,43,92,0.4674,0.3688,0.5686,0,43,0.0,0.0,0.082,5,44,84,92
ohne_vierlinge,3.2,2.2,42,92,0.4565,0.3585,0.558,0,42,0.0,0.0,0.0838,5,45,84,92
ohne_vierlinge,3.2,2.3,41,92,0.4457,0.3483,0.5474,0,41,0.0,0.0,0.0857,5,46,84,92
ohne_vierlinge,3.2,2.4,41,92,0.4457,0.3483,0.5474,0,41,0.0,0.0,0.0857,5,46,84,92
ohne_vierlinge,3.2,2.5,41,92,0.4457,0.3483,0.5474,0,41,0.0,0.0,0.0857,5,46,84,92
ohne_vierlinge,3.2,2.6,41,92,0.4457,0.3483,0.5474,0,41,0.0,0.0,0.0857,5,46,84,92
ohne_vierlinge,3.2,2.7,40,92,0.4348,0.3381,0.5367,0,40,0.0,0.0,0.0876,5,47,84,92
ohne_vierlinge,3.2,2.8,39,92,0.4239,0.328,0.5259,0,39,0.0,0.0,0.0897,5,48,84,92
ohne_vierlinge,3.2,2.9,39,92,0.4239,0.328,0.5259,0,39,0.0,0.0,0.0897,5,48,84,92
ohne_vierlinge,3.2,3.0,39,92,0.4239,0.328,0.5259,0,39,0.0,0.0,0.0897,5,48,84,92
ohne_vierlinge,3.2,3.1,39,92,0.4239,0.328,0.5259,0,39,0.0,0.0,0.0897,5,48,84,92
ohne_vierlinge,3.2,3.2,39,92,0.4239,0.328,0.5259,0,39,0.0,0.0,0.0897,5,48,84,92
ohne_vierlinge,3.2,3.3,39,92,0.4239,0.328,0.5259,0,39,0.0,0.0,0.0897,5,48,84,92
ohne_vierlinge,3.2,3.4,38,92,0.413,0.3179,0.5152,0,38,0.0,0.0,0.0918,5,49,84,92
ohne_vierlinge,3.2,3.5,38,92,0.413,0.3179,0.5152,0,38,0.0,0.0,0.0918,5,49,84,92
ohne_vierlinge,3.2,3.6,38,92,0.413,0.3179,0.5152,0,38,0.0,0.0,0.0918,5,49,84,92
ohne_vierlinge,3.2,3.7,36,92,0.3913,0.2979,0.4935,0,36,0.0,0.0,0.0964,5,51,84,92
ohne_vierlinge,3.2,3.8,36,92,0.3913,0.2979,0.4935,0,36,0.0,0.0,0.0964,5,51,84,92
ohne_vierlinge,3.2,3.9,36,92,0.3913,0.2979,0.4935,0,36,0.0,0.0,0.0964,5,51,84,92
ohne_vierlinge,3.2,4.0,36,92,0.3913,0.2979,0.4935,0,36,0.0,0.0,0.0964,5,51,84,92
ohne_vierlinge,3.2,4.1,36,92,0.3913,0.2979,0.4935,0,36,0.0,0.0,0.0964,5,51,84,92
ohne_vierlinge,3.2,4.2,36,92,0.3913,0.2979,0.4935,0,36,0.0,0.0,0.0964,5,51,84,92
ohne_vierlinge,3.2,4.3,35,92,0.3804,0.2879,0.4825,0,35,0.0,0.0,0.0989,5,52,84,92
ohne_vierlinge,3.2,4.4,34,92,0.3696,0.278,0.4716,0,34,0.0,0.0,0.1015,5,53,84,92
ohne_vierlinge,3.2,4.5,34,92,0.3696,0.278,0.4716,0,34,0.0,0.0,0.1015,5,53,84,92
ohne_vierlinge,3.2,4.6,32,92,0.3478,0.2584,0.4495,0,32,0.0,0.0,0.1072,5,55,84,92
ohne_vierlinge,3.2,4.7,32,92,0.3478,0.2584,0.4495,0,32,0.0,0.0,0.1072,5,55,84,92
ohne_vierlinge,3.2,4.8,32,92,0.3478,0.2584,0.4495,0,32,0.0,0.0,0.1072,5,55,84,92
ohne_vierlinge,3.2,4.9,32,92,0.3478,0.2584,0.4495,0,32,0.0,0.0,0.1072,5,55,84,92
ohne_vierlinge,3.2,5.0,32,92,0.3478,0.2584,0.4495,0,32,0.0,0.0,0.1072,5,55,84,92
ohne_vierlinge,3.3,0.0,87,92,0.9457,0.879,0.9766,7,87,0.0805,0.0395,0.1569,5,0,84,92
ohne_vierlinge,3.3,0.1,83,92,0.9022,0.8244,0.9477,6,83,0.0723,0.0335,0.1489,5,4,84,92
ohne_vierlinge,3.3,0.2,80,92,0.8696,0.7857,0.9238,4,80,0.05,0.0196,0.1216,5,7,84,92
ohne_vierlinge,3.3,0.3,75,92,0.8152,0.7239,0.8813,2,75,0.0267,0.0073,0.0921,5,12,84,92
ohne_vierlinge,3.3,0.4,73,92,0.7935,0.6998,0.8636,2,73,0.0274,0.0075,0.0945,5,14,84,92
ohne_vierlinge,3.3,0.5,70,92,0.7609,0.6644,0.8364,2,70,0.0286,0.0079,0.0983,5,17,84,92
ohne_vierlinge,3.3,0.6,68,92,0.7391,0.6411,0.818,2,68,0.0294,0.0081,0.101,5,19,84,92
ohne_vierlinge,3.3,0.7,66,92,0.7174,0.6181,0.7992,2,66,0.0303,0.0083,0.1039,5,21,84,92
ohne_vierlinge,3.3,0.8,65,92,0.7065,0.6067,0.7898,2,65,0.0308,0.0085,0.1054,5,22,84,92
ohne_vierlinge,3.3,0.9,60,92,0.6522,0.5505,0.7416,2,60,0.0333,0.0092,0.1136,5,27,84,92
ohne_vierlinge,3.3,1.0,56,92,0.6087,0.5065,0.7021,2,56,0.0357,0.0098,0.1212,5,31,84,92
ohne_vierlinge,3.3,1.1,55,92,0.5978,0.4957,0.6922,2,55,0.0364,0.01,0.1232,5,32,84,92
ohne_vierlinge,3.3,1.2,52,92,0.5652,0.4633,0.6619,2,52,0.0385,0.0106,0.1298,5,35,84,92
ohne_vierlinge,3.3,1.3,48,92,0.5217,0.4209,0.6209,1,48,0.0208,0.0037,0.109,5,39,84,92
ohne_vierlinge,3.3,1.4,47,92,0.5109,0.4104,0.6105,1,47,0.0213,0.0038,0.1111,5,40,84,92
ohne_vierlinge,3.3,1.5,46,92,0.5,0.3999,0.6001,1,46,0.0217,0.0038,0.1134,5,41,84,92
ohne_vierlinge,3.3,1.6,45,92,0.4891,0.3895,0.5896,1,45,0.0222,0.0039,0.1157,5,42,84,92
ohne_vierlinge,3.3,1.7,45,92,0.4891,0.3895,0.5896,1,45,0.0222,0.0039,0.1157,5,42,84,92
ohne_vierlinge,3.3,1.8,45,92,0.4891,0.3895,0.5896,1,45,0.0222,0.0039,0.1157,5,42,84,92
ohne_vierlinge,3.3,1.9,45,92,0.4891,0.3895,0.5896,1,45,0.0222,0.0039,0.1157,5,42,84,92
ohne_vierlinge,3.3,2.0,44,92,0.4783,0.3791,0.5791,0,44,0.0,0.0,0.0803,5,43,84,92
ohne_vierlinge,3.3,2.1,43,92,0.4674,0.3688,0.5686,0,43,0.0,0.0,0.082,5,44,84,92
ohne_vierlinge,3.3,2.2,42,92,0.4565,0.3585,0.558,0,42,0.0,0.0,0.0838,5,45,84,92
ohne_vierlinge,3.3,2.3,41,92,0.4457,0.3483,0.5474,0,41,0.0,0.0,0.0857,5,46,84,92
ohne_vierlinge,3.3,2.4,41,92,0.4457,0.3483,0.5474,0,41,0.0,0.0,0.0857,5,46,84,92
ohne_vierlinge,3.3,2.5,41,92,0.4457,0.3483,0.5474,0,41,0.0,0.0,0.0857,5,46,84,92
ohne_vierlinge,3.3,2.6,41,92,0.4457,0.3483,0.5474,0,41,0.0,0.0,0.0857,5,46,84,92
ohne_vierlinge,3.3,2.7,40,92,0.4348,0.3381,0.5367,0,40,0.0,0.0,0.0876,5,47,84,92
ohne_vierlinge,3.3,2.8,39,92,0.4239,0.328,0.5259,0,39,0.0,0.0,0.0897,5,48,84,92
ohne_vierlinge,3.3,2.9,39,92,0.4239,0.328,0.5259,0,39,0.0,0.0,0.0897,5,48,84,92
ohne_vierlinge,3.3,3.0,39,92,0.4239,0.328,0.5259,0,39,0.0,0.0,0.0897,5,48,84,92
ohne_vierlinge,3.3,3.1,39,92,0.4239,0.328,0.5259,0,39,0.0,0.0,0.0897,5,48,84,92
ohne_vierlinge,3.3,3.2,39,92,0.4239,0.328,0.5259,0,39,0.0,0.0,0.0897,5,48,84,92
ohne_vierlinge,3.3,3.3,39,92,0.4239,0.328,0.5259,0,39,0.0,0.0,0.0897,5,48,84,92
ohne_vierlinge,3.3,3.4,38,92,0.413,0.3179,0.5152,0,38,0.0,0.0,0.0918,5,49,84,92
ohne_vierlinge,3.3,3.5,38,92,0.413,0.3179,0.5152,0,38,0.0,0.0,0.0918,5,49,84,92
ohne_vierlinge,3.3,3.6,38,92,0.413,0.3179,0.5152,0,38,0.0,0.0,0.0918,5,49,84,92
ohne_vierlinge,3.3,3.7,36,92,0.3913,0.2979,0.4935,0,36,0.0,0.0,0.0964,5,51,84,92
ohne_vierlinge,3.3,3.8,36,92,0.3913,0.2979,0.4935,0,36,0.0,0.0,0.0964,5,51,84,92
ohne_vierlinge,3.3,3.9,36,92,0.3913,0.2979,0.4935,0,36,0.0,0.0,0.0964,5,51,84,92
ohne_vierlinge,3.3,4.0,36,92,0.3913,0.2979,0.4935,0,36,0.0,0.0,0.0964,5,51,84,92
ohne_vierlinge,3.3,4.1,36,92,0.3913,0.2979,0.4935,0,36,0.0,0.0,0.0964,5,51,84,92
ohne_vierlinge,3.3,4.2,36,92,0.3913,0.2979,0.4935,0,36,0.0,0.0,0.0964,5,51,84,92
ohne_vierlinge,3.3,4.3,35,92,0.3804,0.2879,0.4825,0,35,0.0,0.0,0.0989,5,52,84,92
ohne_vierlinge,3.3,4.4,34,92,0.3696,0.278,0.4716,0,34,0.0,0.0,0.1015,5,53,84,92
ohne_vierlinge,3.3,4.5,34,92,0.3696,0.278,0.4716,0,34,0.0,0.0,0.1015,5,53,84,92
ohne_vierlinge,3.3,4.6,32,92,0.3478,0.2584,0.4495,0,32,0.0,0.0,0.1072,5,55,84,92
ohne_vierlinge,3.3,4.7,32,92,0.3478,0.2584,0.4495,0,32,0.0,0.0,0.1072,5,55,84,92
ohne_vierlinge,3.3,4.8,32,92,0.3478,0.2584,0.4495,0,32,0.0,0.0,0.1072,5,55,84,92
ohne_vierlinge,3.3,4.9,32,92,0.3478,0.2584,0.4495,0,32,0.0,0.0,0.1072,5,55,84,92
ohne_vierlinge,3.3,5.0,32,92,0.3478,0.2584,0.4495,0,32,0.0,0.0,0.1072,5,55,84,92
ohne_vierlinge,3.4,0.0,87,92,0.9457,0.879,0.9766,7,87,0.0805,0.0395,0.1569,5,0,84,92
ohne_vierlinge,3.4,0.1,83,92,0.9022,0.8244,0.9477,6,83,0.0723,0.0335,0.1489,5,4,84,92
ohne_vierlinge,3.4,0.2,80,92,0.8696,0.7857,0.9238,4,80,0.05,0.0196,0.1216,5,7,84,92
ohne_vierlinge,3.4,0.3,75,92,0.8152,0.7239,0.8813,2,75,0.0267,0.0073,0.0921,5,12,84,92
ohne_vierlinge,3.4,0.4,73,92,0.7935,0.6998,0.8636,2,73,0.0274,0.0075,0.0945,5,14,84,92
ohne_vierlinge,3.4,0.5,70,92,0.7609,0.6644,0.8364,2,70,0.0286,0.0079,0.0983,5,17,84,92
ohne_vierlinge,3.4,0.6,68,92,0.7391,0.6411,0.818,2,68,0.0294,0.0081,0.101,5,19,84,92
ohne_vierlinge,3.4,0.7,66,92,0.7174,0.6181,0.7992,2,66,0.0303,0.0083,0.1039,5,21,84,92
ohne_vierlinge,3.4,0.8,65,92,0.7065,0.6067,0.7898,2,65,0.0308,0.0085,0.1054,5,22,84,92
ohne_vierlinge,3.4,0.9,60,92,0.6522,0.5505,0.7416,2,60,0.0333,0.0092,0.1136,5,27,84,92
ohne_vierlinge,3.4,1.0,56,92,0.6087,0.5065,0.7021,2,56,0.0357,0.0098,0.1212,5,31,84,92
ohne_vierlinge,3.4,1.1,55,92,0.5978,0.4957,0.6922,2,55,0.0364,0.01,0.1232,5,32,84,92
ohne_vierlinge,3.4,1.2,52,92,0.5652,0.4633,0.6619,2,52,0.0385,0.0106,0.1298,5,35,84,92
ohne_vierlinge,3.4,1.3,48,92,0.5217,0.4209,0.6209,1,48,0.0208,0.0037,0.109,5,39,84,92
ohne_vierlinge,3.4,1.4,47,92,0.5109,0.4104,0.6105,1,47,0.0213,0.0038,0.1111,5,40,84,92
ohne_vierlinge,3.4,1.5,46,92,0.5,0.3999,0.6001,1,46,0.0217,0.0038,0.1134,5,41,84,92
ohne_vierlinge,3.4,1.6,45,92,0.4891,0.3895,0.5896,1,45,0.0222,0.0039,0.1157,5,42,84,92
ohne_vierlinge,3.4,1.7,45,92,0.4891,0.3895,0.5896,1,45,0.0222,0.0039,0.1157,5,42,84,92
ohne_vierlinge,3.4,1.8,45,92,0.4891,0.3895,0.5896,1,45,0.0222,0.0039,0.1157,5,42,84,92
ohne_vierlinge,3.4,1.9,45,92,0.4891,0.3895,0.5896,1,45,0.0222,0.0039,0.1157,5,42,84,92
ohne_vierlinge,3.4,2.0,44,92,0.4783,0.3791,0.5791,0,44,0.0,0.0,0.0803,5,43,84,92
ohne_vierlinge,3.4,2.1,43,92,0.4674,0.3688,0.5686,0,43,0.0,0.0,0.082,5,44,84,92
ohne_vierlinge,3.4,2.2,42,92,0.4565,0.3585,0.558,0,42,0.0,0.0,0.0838,5,45,84,92
ohne_vierlinge,3.4,2.3,41,92,0.4457,0.3483,0.5474,0,41,0.0,0.0,0.0857,5,46,84,92
ohne_vierlinge,3.4,2.4,41,92,0.4457,0.3483,0.5474,0,41,0.0,0.0,0.0857,5,46,84,92
ohne_vierlinge,3.4,2.5,41,92,0.4457,0.3483,0.5474,0,41,0.0,0.0,0.0857,5,46,84,92
ohne_vierlinge,3.4,2.6,41,92,0.4457,0.3483,0.5474,0,41,0.0,0.0,0.0857,5,46,84,92
ohne_vierlinge,3.4,2.7,40,92,0.4348,0.3381,0.5367,0,40,0.0,0.0,0.0876,5,47,84,92
ohne_vierlinge,3.4,2.8,39,92,0.4239,0.328,0.5259,0,39,0.0,0.0,0.0897,5,48,84,92
ohne_vierlinge,3.4,2.9,39,92,0.4239,0.328,0.5259,0,39,0.0,0.0,0.0897,5,48,84,92
ohne_vierlinge,3.4,3.0,39,92,0.4239,0.328,0.5259,0,39,0.0,0.0,0.0897,5,48,84,92
ohne_vierlinge,3.4,3.1,39,92,0.4239,0.328,0.5259,0,39,0.0,0.0,0.0897,5,48,84,92
ohne_vierlinge,3.4,3.2,39,92,0.4239,0.328,0.5259,0,39,0.0,0.0,0.0897,5,48,84,92
ohne_vierlinge,3.4,3.3,39,92,0.4239,0.328,0.5259,0,39,0.0,0.0,0.0897,5,48,84,92
ohne_vierlinge,3.4,3.4,38,92,0.413,0.3179,0.5152,0,38,0.0,0.0,0.0918,5,49,84,92
ohne_vierlinge,3.4,3.5,38,92,0.413,0.3179,0.5152,0,38,0.0,0.0,0.0918,5,49,84,92
ohne_vierlinge,3.4,3.6,38,92,0.413,0.3179,0.5152,0,38,0.0,0.0,0.0918,5,49,84,92
ohne_vierlinge,3.4,3.7,36,92,0.3913,0.2979,0.4935,0,36,0.0,0.0,0.0964,5,51,84,92
ohne_vierlinge,3.4,3.8,36,92,0.3913,0.2979,0.4935,0,36,0.0,0.0,0.0964,5,51,84,92
ohne_vierlinge,3.4,3.9,36,92,0.3913,0.2979,0.4935,0,36,0.0,0.0,0.0964,5,51,84,92
ohne_vierlinge,3.4,4.0,36,92,0.3913,0.2979,0.4935,0,36,0.0,0.0,0.0964,5,51,84,92
ohne_vierlinge,3.4,4.1,36,92,0.3913,0.2979,0.4935,0,36,0.0,0.0,0.0964,5,51,84,92
ohne_vierlinge,3.4,4.2,36,92,0.3913,0.2979,0.4935,0,36,0.0,0.0,0.0964,5,51,84,92
ohne_vierlinge,3.4,4.3,35,92,0.3804,0.2879,0.4825,0,35,0.0,0.0,0.0989,5,52,84,92
ohne_vierlinge,3.4,4.4,34,92,0.3696,0.278,0.4716,0,34,0.0,0.0,0.1015,5,53,84,92
ohne_vierlinge,3.4,4.5,34,92,0.3696,0.278,0.4716,0,34,0.0,0.0,0.1015,5,53,84,92
ohne_vierlinge,3.4,4.6,32,92,0.3478,0.2584,0.4495,0,32,0.0,0.0,0.1072,5,55,84,92
ohne_vierlinge,3.4,4.7,32,92,0.3478,0.2584,0.4495,0,32,0.0,0.0,0.1072,5,55,84,92
ohne_vierlinge,3.4,4.8,32,92,0.3478,0.2584,0.4495,0,32,0.0,0.0,0.1072,5,55,84,92
ohne_vierlinge,3.4,4.9,32,92,0.3478,0.2584,0.4495,0,32,0.0,0.0,0.1072,5,55,84,92
ohne_vierlinge,3.4,5.0,32,92,0.3478,0.2584,0.4495,0,32,0.0,0.0,0.1072,5,55,84,92
ohne_vierlinge,3.5,0.0,88,92,0.9565,0.8935,0.983,7,88,0.0795,0.0391,0.1552,4,0,84,92
ohne_vierlinge,3.5,0.1,84,92,0.913,0.8377,0.9553,6,84,0.0714,0.0331,0.1472,4,4,84,92
ohne_vierlinge,3.5,0.2,81,92,0.8804,0.7985,0.9319,4,81,0.0494,0.0194,0.1202,4,7,84,92
ohne_vierlinge,3.5,0.3,76,92,0.8261,0.736,0.89,2,76,0.0263,0.0072,0.091,4,12,84,92
ohne_vierlinge,3.5,0.4,74,92,0.8043,0.7118,0.8725,2,74,0.027,0.0074,0.0933,4,14,84,92
ohne_vierlinge,3.5,0.5,71,92,0.7717,0.6761,0.8456,2,71,0.0282,0.0078,0.097,4,17,84,92
ohne_vierlinge,3.5,0.6,69,92,0.75,0.6527,0.8272,2,69,0.029,0.008,0.0997,4,19,84,92
ohne_vierlinge,3.5,0.7,67,92,0.7283,0.6296,0.8086,2,67,0.0299,0.0082,0.1025,4,21,84,92
ohne_vierlinge,3.5,0.8,65,92,0.7065,0.6067,0.7898,2,65,0.0308,0.0085,0.1054,4,23,84,92
ohne_vierlinge,3.5,0.9,60,92,0.6522,0.5505,0.7416,2,60,0.0333,0.0092,0.1136,4,28,84,92
ohne_vierlinge,3.5,1.0,56,92,0.6087,0.5065,0.7021,2,56,0.0357,0.0098,0.1212,4,32,84,92
ohne_vierlinge,3.5,1.1,55,92,0.5978,0.4957,0.6922,2,55,0.0364,0.01,0.1232,4,33,84,92
ohne_vierlinge,3.5,1.2,52,92,0.5652,0.4633,0.6619,2,52,0.0385,0.0106,0.1298,4,36,84,92
ohne_vierlinge,3.5,1.3,48,92,0.5217,0.4209,0.6209,1,48,0.0208,0.0037,0.109,4,40,84,92
ohne_vierlinge,3.5,1.4,47,92,0.5109,0.4104,0.6105,1,47,0.0213,0.0038,0.1111,4,41,84,92
ohne_vierlinge,3.5,1.5,46,92,0.5,0.3999,0.6001,1,46,0.0217,0.0038,0.1134,4,42,84,92
ohne_vierlinge,3.5,1.6,45,92,0.4891,0.3895,0.5896,1,45,0.0222,0.0039,0.1157,4,43,84,92
ohne_vierlinge,3.5,1.7,45,92,0.4891,0.3895,0.5896,1,45,0.0222,0.0039,0.1157,4,43,84,92
ohne_vierlinge,3.5,1.8,45,92,0.4891,0.3895,0.5896,1,45,0.0222,0.0039,0.1157,4,43,84,92
ohne_vierlinge,3.5,1.9,45,92,0.4891,0.3895,0.5896,1,45,0.0222,0.0039,0.1157,4,43,84,92
ohne_vierlinge,3.5,2.0,44,92,0.4783,0.3791,0.5791,0,44,0.0,0.0,0.0803,4,44,84,92
ohne_vierlinge,3.5,2.1,43,92,0.4674,0.3688,0.5686,0,43,0.0,0.0,0.082,4,45,84,92
ohne_vierlinge,3.5,2.2,42,92,0.4565,0.3585,0.558,0,42,0.0,0.0,0.0838,4,46,84,92
ohne_vierlinge,3.5,2.3,41,92,0.4457,0.3483,0.5474,0,41,0.0,0.0,0.0857,4,47,84,92
ohne_vierlinge,3.5,2.4,41,92,0.4457,0.3483,0.5474,0,41,0.0,0.0,0.0857,4,47,84,92
ohne_vierlinge,3.5,2.5,41,92,0.4457,0.3483,0.5474,0,41,0.0,0.0,0.0857,4,47,84,92
ohne_vierlinge,3.5,2.6,41,92,0.4457,0.3483,0.5474,0,41,0.0,0.0,0.0857,4,47,84,92
ohne_vierlinge,3.5,2.7,40,92,0.4348,0.3381,0.5367,0,40,0.0,0.0,0.0876,4,48,84,92
ohne_vierlinge,3.5,2.8,39,92,0.4239,0.328,0.5259,0,39,0.0,0.0,0.0897,4,49,84,92
ohne_vierlinge,3.5,2.9,39,92,0.4239,0.328,0.5259,0,39,0.0,0.0,0.0897,4,49,84,92
ohne_vierlinge,3.5,3.0,39,92,0.4239,0.328,0.5259,0,39,0.0,0.0,0.0897,4,49,84,92
ohne_vierlinge,3.5,3.1,39,92,0.4239,0.328,0.5259,0,39,0.0,0.0,0.0897,4,49,84,92
ohne_vierlinge,3.5,3.2,39,92,0.4239,0.328,0.5259,0,39,0.0,0.0,0.0897,4,49,84,92
ohne_vierlinge,3.5,3.3,39,92,0.4239,0.328,0.5259,0,39,0.0,0.0,0.0897,4,49,84,92
ohne_vierlinge,3.5,3.4,38,92,0.413,0.3179,0.5152,0,38,0.0,0.0,0.0918,4,50,84,92
ohne_vierlinge,3.5,3.5,38,92,0.413,0.3179,0.5152,0,38,0.0,0.0,0.0918,4,50,84,92
ohne_vierlinge,3.5,3.6,38,92,0.413,0.3179,0.5152,0,38,0.0,0.0,0.0918,4,50,84,92
ohne_vierlinge,3.5,3.7,36,92,0.3913,0.2979,0.4935,0,36,0.0,0.0,0.0964,4,52,84,92
ohne_vierlinge,3.5,3.8,36,92,0.3913,0.2979,0.4935,0,36,0.0,0.0,0.0964,4,52,84,92
ohne_vierlinge,3.5,3.9,36,92,0.3913,0.2979,0.4935,0,36,0.0,0.0,0.0964,4,52,84,92
ohne_vierlinge,3.5,4.0,36,92,0.3913,0.2979,0.4935,0,36,0.0,0.0,0.0964,4,52,84,92
ohne_vierlinge,3.5,4.1,36,92,0.3913,0.2979,0.4935,0,36,0.0,0.0,0.0964,4,52,84,92
ohne_vierlinge,3.5,4.2,36,92,0.3913,0.2979,0.4935,0,36,0.0,0.0,0.0964,4,52,84,92
ohne_vierlinge,3.5,4.3,35,92,0.3804,0.2879,0.4825,0,35,0.0,0.0,0.0989,4,53,84,92
ohne_vierlinge,3.5,4.4,34,92,0.3696,0.278,0.4716,0,34,0.0,0.0,0.1015,4,54,84,92
ohne_vierlinge,3.5,4.5,34,92,0.3696,0.278,0.4716,0,34,0.0,0.0,0.1015,4,54,84,92
ohne_vierlinge,3.5,4.6,32,92,0.3478,0.2584,0.4495,0,32,0.0,0.0,0.1072,4,56,84,92
ohne_vierlinge,3.5,4.7,32,92,0.3478,0.2584,0.4495,0,32,0.0,0.0,0.1072,4,56,84,92
ohne_vierlinge,3.5,4.8,32,92,0.3478,0.2584,0.4495,0,32,0.0,0.0,0.1072,4,56,84,92
ohne_vierlinge,3.5,4.9,32,92,0.3478,0.2584,0.4495,0,32,0.0,0.0,0.1072,4,56,84,92
ohne_vierlinge,3.5,5.0,32,92,0.3478,0.2584,0.4495,0,32,0.0,0.0,0.1072,4,56,84,92
ohne_vierlinge,3.6,0.0,88,92,0.9565,0.8935,0.983,7,88,0.0795,0.0391,0.1552,4,0,84,92
ohne_vierlinge,3.6,0.1,84,92,0.913,0.8377,0.9553,6,84,0.0714,0.0331,0.1472,4,4,84,92
ohne_vierlinge,3.6,0.2,81,92,0.8804,0.7985,0.9319,4,81,0.0494,0.0194,0.1202,4,7,84,92
ohne_vierlinge,3.6,0.3,76,92,0.8261,0.736,0.89,2,76,0.0263,0.0072,0.091,4,12,84,92
ohne_vierlinge,3.6,0.4,74,92,0.8043,0.7118,0.8725,2,74,0.027,0.0074,0.0933,4,14,84,92
ohne_vierlinge,3.6,0.5,71,92,0.7717,0.6761,0.8456,2,71,0.0282,0.0078,0.097,4,17,84,92
ohne_vierlinge,3.6,0.6,69,92,0.75,0.6527,0.8272,2,69,0.029,0.008,0.0997,4,19,84,92
ohne_vierlinge,3.6,0.7,67,92,0.7283,0.6296,0.8086,2,67,0.0299,0.0082,0.1025,4,21,84,92
ohne_vierlinge,3.6,0.8,65,92,0.7065,0.6067,0.7898,2,65,0.0308,0.0085,0.1054,4,23,84,92
ohne_vierlinge,3.6,0.9,60,92,0.6522,0.5505,0.7416,2,60,0.0333,0.0092,0.1136,4,28,84,92
ohne_vierlinge,3.6,1.0,56,92,0.6087,0.5065,0.7021,2,56,0.0357,0.0098,0.1212,4,32,84,92
ohne_vierlinge,3.6,1.1,55,92,0.5978,0.4957,0.6922,2,55,0.0364,0.01,0.1232,4,33,84,92
ohne_vierlinge,3.6,1.2,52,92,0.5652,0.4633,0.6619,2,52,0.0385,0.0106,0.1298,4,36,84,92
ohne_vierlinge,3.6,1.3,48,92,0.5217,0.4209,0.6209,1,48,0.0208,0.0037,0.109,4,40,84,92
ohne_vierlinge,3.6,1.4,47,92,0.5109,0.4104,0.6105,1,47,0.0213,0.0038,0.1111,4,41,84,92
ohne_vierlinge,3.6,1.5,46,92,0.5,0.3999,0.6001,1,46,0.0217,0.0038,0.1134,4,42,84,92
ohne_vierlinge,3.6,1.6,45,92,0.4891,0.3895,0.5896,1,45,0.0222,0.0039,0.1157,4,43,84,92
ohne_vierlinge,3.6,1.7,45,92,0.4891,0.3895,0.5896,1,45,0.0222,0.0039,0.1157,4,43,84,92
ohne_vierlinge,3.6,1.8,45,92,0.4891,0.3895,0.5896,1,45,0.0222,0.0039,0.1157,4,43,84,92
ohne_vierlinge,3.6,1.9,45,92,0.4891,0.3895,0.5896,1,45,0.0222,0.0039,0.1157,4,43,84,92
ohne_vierlinge,3.6,2.0,44,92,0.4783,0.3791,0.5791,0,44,0.0,0.0,0.0803,4,44,84,92
ohne_vierlinge,3.6,2.1,43,92,0.4674,0.3688,0.5686,0,43,0.0,0.0,0.082,4,45,84,92
ohne_vierlinge,3.6,2.2,42,92,0.4565,0.3585,0.558,0,42,0.0,0.0,0.0838,4,46,84,92
ohne_vierlinge,3.6,2.3,41,92,0.4457,0.3483,0.5474,0,41,0.0,0.0,0.0857,4,47,84,92
ohne_vierlinge,3.6,2.4,41,92,0.4457,0.3483,0.5474,0,41,0.0,0.0,0.0857,4,47,84,92
ohne_vierlinge,3.6,2.5,41,92,0.4457,0.3483,0.5474,0,41,0.0,0.0,0.0857,4,47,84,92
ohne_vierlinge,3.6,2.6,41,92,0.4457,0.3483,0.5474,0,41,0.0,0.0,0.0857,4,47,84,92
ohne_vierlinge,3.6,2.7,40,92,0.4348,0.3381,0.5367,0,40,0.0,0.0,0.0876,4,48,84,92
ohne_vierlinge,3.6,2.8,39,92,0.4239,0.328,0.5259,0,39,0.0,0.0,0.0897,4,49,84,92
ohne_vierlinge,3.6,2.9,39,92,0.4239,0.328,0.5259,0,39,0.0,0.0,0.0897,4,49,84,92
ohne_vierlinge,3.6,3.0,39,92,0.4239,0.328,0.5259,0,39,0.0,0.0,0.0897,4,49,84,92
ohne_vierlinge,3.6,3.1,39,92,0.4239,0.328,0.5259,0,39,0.0,0.0,0.0897,4,49,84,92
ohne_vierlinge,3.6,3.2,39,92,0.4239,0.328,0.5259,0,39,0.0,0.0,0.0897,4,49,84,92
ohne_vierlinge,3.6,3.3,39,92,0.4239,0.328,0.5259,0,39,0.0,0.0,0.0897,4,49,84,92
ohne_vierlinge,3.6,3.4,38,92,0.413,0.3179,0.5152,0,38,0.0,0.0,0.0918,4,50,84,92
ohne_vierlinge,3.6,3.5,38,92,0.413,0.3179,0.5152,0,38,0.0,0.0,0.0918,4,50,84,92
ohne_vierlinge,3.6,3.6,38,92,0.413,0.3179,0.5152,0,38,0.0,0.0,0.0918,4,50,84,92
ohne_vierlinge,3.6,3.7,36,92,0.3913,0.2979,0.4935,0,36,0.0,0.0,0.0964,4,52,84,92
ohne_vierlinge,3.6,3.8,36,92,0.3913,0.2979,0.4935,0,36,0.0,0.0,0.0964,4,52,84,92
ohne_vierlinge,3.6,3.9,36,92,0.3913,0.2979,0.4935,0,36,0.0,0.0,0.0964,4,52,84,92
ohne_vierlinge,3.6,4.0,36,92,0.3913,0.2979,0.4935,0,36,0.0,0.0,0.0964,4,52,84,92
ohne_vierlinge,3.6,4.1,36,92,0.3913,0.2979,0.4935,0,36,0.0,0.0,0.0964,4,52,84,92
ohne_vierlinge,3.6,4.2,36,92,0.3913,0.2979,0.4935,0,36,0.0,0.0,0.0964,4,52,84,92
ohne_vierlinge,3.6,4.3,35,92,0.3804,0.2879,0.4825,0,35,0.0,0.0,0.0989,4,53,84,92
ohne_vierlinge,3.6,4.4,34,92,0.3696,0.278,0.4716,0,34,0.0,0.0,0.1015,4,54,84,92
ohne_vierlinge,3.6,4.5,34,92,0.3696,0.278,0.4716,0,34,0.0,0.0,0.1015,4,54,84,92
ohne_vierlinge,3.6,4.6,32,92,0.3478,0.2584,0.4495,0,32,0.0,0.0,0.1072,4,56,84,92
ohne_vierlinge,3.6,4.7,32,92,0.3478,0.2584,0.4495,0,32,0.0,0.0,0.1072,4,56,84,92
ohne_vierlinge,3.6,4.8,32,92,0.3478,0.2584,0.4495,0,32,0.0,0.0,0.1072,4,56,84,92
ohne_vierlinge,3.6,4.9,32,92,0.3478,0.2584,0.4495,0,32,0.0,0.0,0.1072,4,56,84,92
ohne_vierlinge,3.6,5.0,32,92,0.3478,0.2584,0.4495,0,32,0.0,0.0,0.1072,4,56,84,92
ohne_vierlinge,3.7,0.0,88,92,0.9565,0.8935,0.983,7,88,0.0795,0.0391,0.1552,4,0,84,92
ohne_vierlinge,3.7,0.1,84,92,0.913,0.8377,0.9553,6,84,0.0714,0.0331,0.1472,4,4,84,92
ohne_vierlinge,3.7,0.2,81,92,0.8804,0.7985,0.9319,4,81,0.0494,0.0194,0.1202,4,7,84,92
ohne_vierlinge,3.7,0.3,76,92,0.8261,0.736,0.89,2,76,0.0263,0.0072,0.091,4,12,84,92
ohne_vierlinge,3.7,0.4,74,92,0.8043,0.7118,0.8725,2,74,0.027,0.0074,0.0933,4,14,84,92
ohne_vierlinge,3.7,0.5,71,92,0.7717,0.6761,0.8456,2,71,0.0282,0.0078,0.097,4,17,84,92
ohne_vierlinge,3.7,0.6,69,92,0.75,0.6527,0.8272,2,69,0.029,0.008,0.0997,4,19,84,92
ohne_vierlinge,3.7,0.7,67,92,0.7283,0.6296,0.8086,2,67,0.0299,0.0082,0.1025,4,21,84,92
ohne_vierlinge,3.7,0.8,65,92,0.7065,0.6067,0.7898,2,65,0.0308,0.0085,0.1054,4,23,84,92
ohne_vierlinge,3.7,0.9,60,92,0.6522,0.5505,0.7416,2,60,0.0333,0.0092,0.1136,4,28,84,92
ohne_vierlinge,3.7,1.0,56,92,0.6087,0.5065,0.7021,2,56,0.0357,0.0098,0.1212,4,32,84,92
ohne_vierlinge,3.7,1.1,55,92,0.5978,0.4957,0.6922,2,55,0.0364,0.01,0.1232,4,33,84,92
ohne_vierlinge,3.7,1.2,52,92,0.5652,0.4633,0.6619,2,52,0.0385,0.0106,0.1298,4,36,84,92
ohne_vierlinge,3.7,1.3,48,92,0.5217,0.4209,0.6209,1,48,0.0208,0.0037,0.109,4,40,84,92
ohne_vierlinge,3.7,1.4,47,92,0.5109,0.4104,0.6105,1,47,0.0213,0.0038,0.1111,4,41,84,92
ohne_vierlinge,3.7,1.5,46,92,0.5,0.3999,0.6001,1,46,0.0217,0.0038,0.1134,4,42,84,92
ohne_vierlinge,3.7,1.6,45,92,0.4891,0.3895,0.5896,1,45,0.0222,0.0039,0.1157,4,43,84,92
ohne_vierlinge,3.7,1.7,45,92,0.4891,0.3895,0.5896,1,45,0.0222,0.0039,0.1157,4,43,84,92
ohne_vierlinge,3.7,1.8,45,92,0.4891,0.3895,0.5896,1,45,0.0222,0.0039,0.1157,4,43,84,92
ohne_vierlinge,3.7,1.9,45,92,0.4891,0.3895,0.5896,1,45,0.0222,0.0039,0.1157,4,43,84,92
ohne_vierlinge,3.7,2.0,44,92,0.4783,0.3791,0.5791,0,44,0.0,0.0,0.0803,4,44,84,92
ohne_vierlinge,3.7,2.1,43,92,0.4674,0.3688,0.5686,0,43,0.0,0.0,0.082,4,45,84,92
ohne_vierlinge,3.7,2.2,42,92,0.4565,0.3585,0.558,0,42,0.0,0.0,0.0838,4,46,84,92
ohne_vierlinge,3.7,2.3,41,92,0.4457,0.3483,0.5474,0,41,0.0,0.0,0.0857,4,47,84,92
ohne_vierlinge,3.7,2.4,41,92,0.4457,0.3483,0.5474,0,41,0.0,0.0,0.0857,4,47,84,92
ohne_vierlinge,3.7,2.5,41,92,0.4457,0.3483,0.5474,0,41,0.0,0.0,0.0857,4,47,84,92
ohne_vierlinge,3.7,2.6,41,92,0.4457,0.3483,0.5474,0,41,0.0,0.0,0.0857,4,47,84,92
ohne_vierlinge,3.7,2.7,40,92,0.4348,0.3381,0.5367,0,40,0.0,0.0,0.0876,4,48,84,92
ohne_vierlinge,3.7,2.8,39,92,0.4239,0.328,0.5259,0,39,0.0,0.0,0.0897,4,49,84,92
ohne_vierlinge,3.7,2.9,39,92,0.4239,0.328,0.5259,0,39,0.0,0.0,0.0897,4,49,84,92
ohne_vierlinge,3.7,3.0,39,92,0.4239,0.328,0.5259,0,39,0.0,0.0,0.0897,4,49,84,92
ohne_vierlinge,3.7,3.1,39,92,0.4239,0.328,0.5259,0,39,0.0,0.0,0.0897,4,49,84,92
ohne_vierlinge,3.7,3.2,39,92,0.4239,0.328,0.5259,0,39,0.0,0.0,0.0897,4,49,84,92
ohne_vierlinge,3.7,3.3,39,92,0.4239,0.328,0.5259,0,39,0.0,0.0,0.0897,4,49,84,92
ohne_vierlinge,3.7,3.4,38,92,0.413,0.3179,0.5152,0,38,0.0,0.0,0.0918,4,50,84,92
ohne_vierlinge,3.7,3.5,38,92,0.413,0.3179,0.5152,0,38,0.0,0.0,0.0918,4,50,84,92
ohne_vierlinge,3.7,3.6,38,92,0.413,0.3179,0.5152,0,38,0.0,0.0,0.0918,4,50,84,92
ohne_vierlinge,3.7,3.7,36,92,0.3913,0.2979,0.4935,0,36,0.0,0.0,0.0964,4,52,84,92
ohne_vierlinge,3.7,3.8,36,92,0.3913,0.2979,0.4935,0,36,0.0,0.0,0.0964,4,52,84,92
ohne_vierlinge,3.7,3.9,36,92,0.3913,0.2979,0.4935,0,36,0.0,0.0,0.0964,4,52,84,92
ohne_vierlinge,3.7,4.0,36,92,0.3913,0.2979,0.4935,0,36,0.0,0.0,0.0964,4,52,84,92
ohne_vierlinge,3.7,4.1,36,92,0.3913,0.2979,0.4935,0,36,0.0,0.0,0.0964,4,52,84,92
ohne_vierlinge,3.7,4.2,36,92,0.3913,0.2979,0.4935,0,36,0.0,0.0,0.0964,4,52,84,92
ohne_vierlinge,3.7,4.3,35,92,0.3804,0.2879,0.4825,0,35,0.0,0.0,0.0989,4,53,84,92
ohne_vierlinge,3.7,4.4,34,92,0.3696,0.278,0.4716,0,34,0.0,0.0,0.1015,4,54,84,92
ohne_vierlinge,3.7,4.5,34,92,0.3696,0.278,0.4716,0,34,0.0,0.0,0.1015,4,54,84,92
ohne_vierlinge,3.7,4.6,32,92,0.3478,0.2584,0.4495,0,32,0.0,0.0,0.1072,4,56,84,92
ohne_vierlinge,3.7,4.7,32,92,0.3478,0.2584,0.4495,0,32,0.0,0.0,0.1072,4,56,84,92
ohne_vierlinge,3.7,4.8,32,92,0.3478,0.2584,0.4495,0,32,0.0,0.0,0.1072,4,56,84,92
ohne_vierlinge,3.7,4.9,32,92,0.3478,0.2584,0.4495,0,32,0.0,0.0,0.1072,4,56,84,92
ohne_vierlinge,3.7,5.0,32,92,0.3478,0.2584,0.4495,0,32,0.0,0.0,0.1072,4,56,84,92
ohne_vierlinge,3.8,0.0,88,92,0.9565,0.8935,0.983,7,88,0.0795,0.0391,0.1552,4,0,84,92
ohne_vierlinge,3.8,0.1,84,92,0.913,0.8377,0.9553,6,84,0.0714,0.0331,0.1472,4,4,84,92
ohne_vierlinge,3.8,0.2,81,92,0.8804,0.7985,0.9319,4,81,0.0494,0.0194,0.1202,4,7,84,92
ohne_vierlinge,3.8,0.3,76,92,0.8261,0.736,0.89,2,76,0.0263,0.0072,0.091,4,12,84,92
ohne_vierlinge,3.8,0.4,74,92,0.8043,0.7118,0.8725,2,74,0.027,0.0074,0.0933,4,14,84,92
ohne_vierlinge,3.8,0.5,71,92,0.7717,0.6761,0.8456,2,71,0.0282,0.0078,0.097,4,17,84,92
ohne_vierlinge,3.8,0.6,69,92,0.75,0.6527,0.8272,2,69,0.029,0.008,0.0997,4,19,84,92
ohne_vierlinge,3.8,0.7,67,92,0.7283,0.6296,0.8086,2,67,0.0299,0.0082,0.1025,4,21,84,92
ohne_vierlinge,3.8,0.8,65,92,0.7065,0.6067,0.7898,2,65,0.0308,0.0085,0.1054,4,23,84,92
ohne_vierlinge,3.8,0.9,60,92,0.6522,0.5505,0.7416,2,60,0.0333,0.0092,0.1136,4,28,84,92
ohne_vierlinge,3.8,1.0,56,92,0.6087,0.5065,0.7021,2,56,0.0357,0.0098,0.1212,4,32,84,92
ohne_vierlinge,3.8,1.1,55,92,0.5978,0.4957,0.6922,2,55,0.0364,0.01,0.1232,4,33,84,92
ohne_vierlinge,3.8,1.2,52,92,0.5652,0.4633,0.6619,2,52,0.0385,0.0106,0.1298,4,36,84,92
ohne_vierlinge,3.8,1.3,48,92,0.5217,0.4209,0.6209,1,48,0.0208,0.0037,0.109,4,40,84,92
ohne_vierlinge,3.8,1.4,47,92,0.5109,0.4104,0.6105,1,47,0.0213,0.0038,0.1111,4,41,84,92
ohne_vierlinge,3.8,1.5,46,92,0.5,0.3999,0.6001,1,46,0.0217,0.0038,0.1134,4,42,84,92
ohne_vierlinge,3.8,1.6,45,92,0.4891,0.3895,0.5896,1,45,0.0222,0.0039,0.1157,4,43,84,92
ohne_vierlinge,3.8,1.7,45,92,0.4891,0.3895,0.5896,1,45,0.0222,0.0039,0.1157,4,43,84,92
ohne_vierlinge,3.8,1.8,45,92,0.4891,0.3895,0.5896,1,45,0.0222,0.0039,0.1157,4,43,84,92
ohne_vierlinge,3.8,1.9,45,92,0.4891,0.3895,0.5896,1,45,0.0222,0.0039,0.1157,4,43,84,92
ohne_vierlinge,3.8,2.0,44,92,0.4783,0.3791,0.5791,0,44,0.0,0.0,0.0803,4,44,84,92
ohne_vierlinge,3.8,2.1,43,92,0.4674,0.3688,0.5686,0,43,0.0,0.0,0.082,4,45,84,92
ohne_vierlinge,3.8,2.2,42,92,0.4565,0.3585,0.558,0,42,0.0,0.0,0.0838,4,46,84,92
ohne_vierlinge,3.8,2.3,41,92,0.4457,0.3483,0.5474,0,41,0.0,0.0,0.0857,4,47,84,92
ohne_vierlinge,3.8,2.4,41,92,0.4457,0.3483,0.5474,0,41,0.0,0.0,0.0857,4,47,84,92
ohne_vierlinge,3.8,2.5,41,92,0.4457,0.3483,0.5474,0,41,0.0,0.0,0.0857,4,47,84,92
ohne_vierlinge,3.8,2.6,41,92,0.4457,0.3483,0.5474,0,41,0.0,0.0,0.0857,4,47,84,92
ohne_vierlinge,3.8,2.7,40,92,0.4348,0.3381,0.5367,0,40,0.0,0.0,0.0876,4,48,84,92
ohne_vierlinge,3.8,2.8,39,92,0.4239,0.328,0.5259,0,39,0.0,0.0,0.0897,4,49,84,92
ohne_vierlinge,3.8,2.9,39,92,0.4239,0.328,0.5259,0,39,0.0,0.0,0.0897,4,49,84,92
ohne_vierlinge,3.8,3.0,39,92,0.4239,0.328,0.5259,0,39,0.0,0.0,0.0897,4,49,84,92
ohne_vierlinge,3.8,3.1,39,92,0.4239,0.328,0.5259,0,39,0.0,0.0,0.0897,4,49,84,92
ohne_vierlinge,3.8,3.2,39,92,0.4239,0.328,0.5259,0,39,0.0,0.0,0.0897,4,49,84,92
ohne_vierlinge,3.8,3.3,39,92,0.4239,0.328,0.5259,0,39,0.0,0.0,0.0897,4,49,84,92
ohne_vierlinge,3.8,3.4,38,92,0.413,0.3179,0.5152,0,38,0.0,0.0,0.0918,4,50,84,92
ohne_vierlinge,3.8,3.5,38,92,0.413,0.3179,0.5152,0,38,0.0,0.0,0.0918,4,50,84,92
ohne_vierlinge,3.8,3.6,38,92,0.413,0.3179,0.5152,0,38,0.0,0.0,0.0918,4,50,84,92
ohne_vierlinge,3.8,3.7,36,92,0.3913,0.2979,0.4935,0,36,0.0,0.0,0.0964,4,52,84,92
ohne_vierlinge,3.8,3.8,36,92,0.3913,0.2979,0.4935,0,36,0.0,0.0,0.0964,4,52,84,92
ohne_vierlinge,3.8,3.9,36,92,0.3913,0.2979,0.4935,0,36,0.0,0.0,0.0964,4,52,84,92
ohne_vierlinge,3.8,4.0,36,92,0.3913,0.2979,0.4935,0,36,0.0,0.0,0.0964,4,52,84,92
ohne_vierlinge,3.8,4.1,36,92,0.3913,0.2979,0.4935,0,36,0.0,0.0,0.0964,4,52,84,92
ohne_vierlinge,3.8,4.2,36,92,0.3913,0.2979,0.4935,0,36,0.0,0.0,0.0964,4,52,84,92
ohne_vierlinge,3.8,4.3,35,92,0.3804,0.2879,0.4825,0,35,0.0,0.0,0.0989,4,53,84,92
ohne_vierlinge,3.8,4.4,34,92,0.3696,0.278,0.4716,0,34,0.0,0.0,0.1015,4,54,84,92
ohne_vierlinge,3.8,4.5,34,92,0.3696,0.278,0.4716,0,34,0.0,0.0,0.1015,4,54,84,92
ohne_vierlinge,3.8,4.6,32,92,0.3478,0.2584,0.4495,0,32,0.0,0.0,0.1072,4,56,84,92
ohne_vierlinge,3.8,4.7,32,92,0.3478,0.2584,0.4495,0,32,0.0,0.0,0.1072,4,56,84,92
ohne_vierlinge,3.8,4.8,32,92,0.3478,0.2584,0.4495,0,32,0.0,0.0,0.1072,4,56,84,92
ohne_vierlinge,3.8,4.9,32,92,0.3478,0.2584,0.4495,0,32,0.0,0.0,0.1072,4,56,84,92
ohne_vierlinge,3.8,5.0,32,92,0.3478,0.2584,0.4495,0,32,0.0,0.0,0.1072,4,56,84,92
ohne_vierlinge,3.9,0.0,89,92,0.9674,0.9085,0.9888,7,89,0.0787,0.0386,0.1536,3,0,84,92
ohne_vierlinge,3.9,0.1,85,92,0.9239,0.8512,0.9627,6,85,0.0706,0.0328,0.1456,3,4,84,92
ohne_vierlinge,3.9,0.2,82,92,0.8913,0.8114,0.9399,4,82,0.0488,0.0191,0.1188,3,7,84,92
ohne_vierlinge,3.9,0.3,77,92,0.837,0.7483,0.8986,2,77,0.026,0.0072,0.0898,3,12,84,92
ohne_vierlinge,3.9,0.4,75,92,0.8152,0.7239,0.8813,2,75,0.0267,0.0073,0.0921,3,14,84,92
ohne_vierlinge,3.9,0.5,72,92,0.7826,0.6879,0.8546,2,72,0.0278,0.0077,0.0957,3,17,84,92
ohne_vierlinge,3.9,0.6,70,92,0.7609,0.6644,0.8364,2,70,0.0286,0.0079,0.0983,3,19,84,92
ohne_vierlinge,3.9,0.7,68,92,0.7391,0.6411,0.818,2,68,0.0294,0.0081,0.101,3,21,84,92
ohne_vierlinge,3.9,0.8,66,92,0.7174,0.6181,0.7992,2,66,0.0303,0.0083,0.1039,3,23,84,92
ohne_vierlinge,3.9,0.9,61,92,0.663,0.5617,0.7514,2,61,0.0328,0.009,0.1119,3,28,84,92
ohne_vierlinge,3.9,1.0,57,92,0.6196,0.5175,0.7121,2,57,0.0351,0.0097,0.1192,3,32,84,92
ohne_vierlinge,3.9,1.1,56,92,0.6087,0.5065,0.7021,2,56,0.0357,0.0098,0.1212,3,33,84,92
ohne_vierlinge,3.9,1.2,53,92,0.5761,0.4741,0.672,2,53,0.0377,0.0104,0.1275,3,36,84,92
ohne_vierlinge,3.9,1.3,49,92,0.5326,0.4314,0.6312,1,49,0.0204,0.0036,0.1069,3,40,84,92
ohne_vierlinge,3.9,1.4,48,92,0.5217,0.4209,0.6209,1,48,0.0208,0.0037,0.109,3,41,84,92
ohne_vierlinge,3.9,1.5,47,92,0.5109,0.4104,0.6105,1,47,0.0213,0.0038,0.1111,3,42,84,92
ohne_vierlinge,3.9,1.6,46,92,0.5,0.3999,0.6001,1,46,0.0217,0.0038,0.1134,3,43,84,92
ohne_vierlinge,3.9,1.7,46,92,0.5,0.3999,0.6001,1,46,0.0217,0.0038,0.1134,3,43,84,92
ohne_vierlinge,3.9,1.8,46,92,0.5,0.3999,0.6001,1,46,0.0217,0.0038,0.1134,3,43,84,92
ohne_vierlinge,3.9,1.9,46,92,0.5,0.3999,0.6001,1,46,0.0217,0.0038,0.1134,3,43,84,92
ohne_vierlinge,3.9,2.0,45,92,0.4891,0.3895,0.5896,0,45,0.0,0.0,0.0787,3,44,84,92
ohne_vierlinge,3.9,2.1,44,92,0.4783,0.3791,0.5791,0,44,0.0,0.0,0.0803,3,45,84,92
ohne_vierlinge,3.9,2.2,43,92,0.4674,0.3688,0.5686,0,43,0.0,0.0,0.082,3,46,84,92
ohne_vierlinge,3.9,2.3,42,92,0.4565,0.3585,0.558,0,42,0.0,0.0,0.0838,3,47,84,92
ohne_vierlinge,3.9,2.4,42,92,0.4565,0.3585,0.558,0,42,0.0,0.0,0.0838,3,47,84,92
ohne_vierlinge,3.9,2.5,42,92,0.4565,0.3585,0.558,0,42,0.0,0.0,0.0838,3,47,84,92
ohne_vierlinge,3.9,2.6,42,92,0.4565,0.3585,0.558,0,42,0.0,0.0,0.0838,3,47,84,92
ohne_vierlinge,3.9,2.7,41,92,0.4457,0.3483,0.5474,0,41,0.0,0.0,0.0857,3,48,84,92
ohne_vierlinge,3.9,2.8,40,92,0.4348,0.3381,0.5367,0,40,0.0,0.0,0.0876,3,49,84,92
ohne_vierlinge,3.9,2.9,40,92,0.4348,0.3381,0.5367,0,40,0.0,0.0,0.0876,3,49,84,92
ohne_vierlinge,3.9,3.0,40,92,0.4348,0.3381,0.5367,0,40,0.0,0.0,0.0876,3,49,84,92
ohne_vierlinge,3.9,3.1,40,92,0.4348,0.3381,0.5367,0,40,0.0,0.0,0.0876,3,49,84,92
ohne_vierlinge,3.9,3.2,40,92,0.4348,0.3381,0.5367,0,40,0.0,0.0,0.0876,3,49,84,92
ohne_vierlinge,3.9,3.3,40,92,0.4348,0.3381,0.5367,0,40,0.0,0.0,0.0876,3,49,84,92
ohne_vierlinge,3.9,3.4,39,92,0.4239,0.328,0.5259,0,39,0.0,0.0,0.0897,3,50,84,92
ohne_vierlinge,3.9,3.5,39,92,0.4239,0.328,0.5259,0,39,0.0,0.0,0.0897,3,50,84,92
ohne_vierlinge,3.9,3.6,39,92,0.4239,0.328,0.5259,0,39,0.0,0.0,0.0897,3,50,84,92
ohne_vierlinge,3.9,3.7,37,92,0.4022,0.3078,0.5043,0,37,0.0,0.0,0.0941,3,52,84,92
ohne_vierlinge,3.9,3.8,37,92,0.4022,0.3078,0.5043,0,37,0.0,0.0,0.0941,3,52,84,92
ohne_vierlinge,3.9,3.9,37,92,0.4022,0.3078,0.5043,0,37,0.0,0.0,0.0941,3,52,84,92
ohne_vierlinge,3.9,4.0,37,92,0.4022,0.3078,0.5043,0,37,0.0,0.0,0.0941,3,52,84,92
ohne_vierlinge,3.9,4.1,37,92,0.4022,0.3078,0.5043,0,37,0.0,0.0,0.0941,3,52,84,92
ohne_vierlinge,3.9,4.2,37,92,0.4022,0.3078,0.5043,0,37,0.0,0.0,0.0941,3,52,84,92
ohne_vierlinge,3.9,4.3,36,92,0.3913,0.2979,0.4935,0,36,0.0,0.0,0.0964,3,53,84,92
ohne_vierlinge,3.9,4.4,35,92,0.3804,0.2879,0.4825,0,35,0.0,0.0,0.0989,3,54,84,92
ohne_vierlinge,3.9,4.5,35,92,0.3804,0.2879,0.4825,0,35,0.0,0.0,0.0989,3,54,84,92
ohne_vierlinge,3.9,4.6,33,92,0.3587,0.2682,0.4605,0,33,0.0,0.0,0.1043,3,56,84,92
ohne_vierlinge,3.9,4.7,33,92,0.3587,0.2682,0.4605,0,33,0.0,0.0,0.1043,3,56,84,92
ohne_vierlinge,3.9,4.8,33,92,0.3587,0.2682,0.4605,0,33,0.0,0.0,0.1043,3,56,84,92
ohne_vierlinge,3.9,4.9,33,92,0.3587,0.2682,0.4605,0,33,0.0,0.0,0.1043,3,56,84,92
ohne_vierlinge,3.9,5.0,33,92,0.3587,0.2682,0.4605,0,33,0.0,0.0,0.1043,3,56,84,92
ohne_vierlinge,4.0,0.0,89,92,0.9674,0.9085,0.9888,7,89,0.0787,0.0386,0.1536,3,0,84,92
ohne_vierlinge,4.0,0.1,85,92,0.9239,0.8512,0.9627,6,85,0.0706,0.0328,0.1456,3,4,84,92
ohne_vierlinge,4.0,0.2,82,92,0.8913,0.8114,0.9399,4,82,0.0488,0.0191,0.1188,3,7,84,92
ohne_vierlinge,4.0,0.3,77,92,0.837,0.7483,0.8986,2,77,0.026,0.0072,0.0898,3,12,84,92
ohne_vierlinge,4.0,0.4,75,92,0.8152,0.7239,0.8813,2,75,0.0267,0.0073,0.0921,3,14,84,92
ohne_vierlinge,4.0,0.5,72,92,0.7826,0.6879,0.8546,2,72,0.0278,0.0077,0.0957,3,17,84,92
ohne_vierlinge,4.0,0.6,70,92,0.7609,0.6644,0.8364,2,70,0.0286,0.0079,0.0983,3,19,84,92
ohne_vierlinge,4.0,0.7,68,92,0.7391,0.6411,0.818,2,68,0.0294,0.0081,0.101,3,21,84,92
ohne_vierlinge,4.0,0.8,66,92,0.7174,0.6181,0.7992,2,66,0.0303,0.0083,0.1039,3,23,84,92
ohne_vierlinge,4.0,0.9,61,92,0.663,0.5617,0.7514,2,61,0.0328,0.009,0.1119,3,28,84,92
ohne_vierlinge,4.0,1.0,57,92,0.6196,0.5175,0.7121,2,57,0.0351,0.0097,0.1192,3,32,84,92
ohne_vierlinge,4.0,1.1,56,92,0.6087,0.5065,0.7021,2,56,0.0357,0.0098,0.1212,3,33,84,92
ohne_vierlinge,4.0,1.2,53,92,0.5761,0.4741,0.672,2,53,0.0377,0.0104,0.1275,3,36,84,92
ohne_vierlinge,4.0,1.3,49,92,0.5326,0.4314,0.6312,1,49,0.0204,0.0036,0.1069,3,40,84,92
ohne_vierlinge,4.0,1.4,48,92,0.5217,0.4209,0.6209,1,48,0.0208,0.0037,0.109,3,41,84,92
ohne_vierlinge,4.0,1.5,47,92,0.5109,0.4104,0.6105,1,47,0.0213,0.0038,0.1111,3,42,84,92
ohne_vierlinge,4.0,1.6,46,92,0.5,0.3999,0.6001,1,46,0.0217,0.0038,0.1134,3,43,84,92
ohne_vierlinge,4.0,1.7,46,92,0.5,0.3999,0.6001,1,46,0.0217,0.0038,0.1134,3,43,84,92
ohne_vierlinge,4.0,1.8,46,92,0.5,0.3999,0.6001,1,46,0.0217,0.0038,0.1134,3,43,84,92
ohne_vierlinge,4.0,1.9,46,92,0.5,0.3999,0.6001,1,46,0.0217,0.0038,0.1134,3,43,84,92
ohne_vierlinge,4.0,2.0,45,92,0.4891,0.3895,0.5896,0,45,0.0,0.0,0.0787,3,44,84,92
ohne_vierlinge,4.0,2.1,44,92,0.4783,0.3791,0.5791,0,44,0.0,0.0,0.0803,3,45,84,92
ohne_vierlinge,4.0,2.2,43,92,0.4674,0.3688,0.5686,0,43,0.0,0.0,0.082,3,46,84,92
ohne_vierlinge,4.0,2.3,42,92,0.4565,0.3585,0.558,0,42,0.0,0.0,0.0838,3,47,84,92
ohne_vierlinge,4.0,2.4,42,92,0.4565,0.3585,0.558,0,42,0.0,0.0,0.0838,3,47,84,92
ohne_vierlinge,4.0,2.5,42,92,0.4565,0.3585,0.558,0,42,0.0,0.0,0.0838,3,47,84,92
ohne_vierlinge,4.0,2.6,42,92,0.4565,0.3585,0.558,0,42,0.0,0.0,0.0838,3,47,84,92
ohne_vierlinge,4.0,2.7,41,92,0.4457,0.3483,0.5474,0,41,0.0,0.0,0.0857,3,48,84,92
ohne_vierlinge,4.0,2.8,40,92,0.4348,0.3381,0.5367,0,40,0.0,0.0,0.0876,3,49,84,92
ohne_vierlinge,4.0,2.9,40,92,0.4348,0.3381,0.5367,0,40,0.0,0.0,0.0876,3,49,84,92
ohne_vierlinge,4.0,3.0,40,92,0.4348,0.3381,0.5367,0,40,0.0,0.0,0.0876,3,49,84,92
ohne_vierlinge,4.0,3.1,40,92,0.4348,0.3381,0.5367,0,40,0.0,0.0,0.0876,3,49,84,92
ohne_vierlinge,4.0,3.2,40,92,0.4348,0.3381,0.5367,0,40,0.0,0.0,0.0876,3,49,84,92
ohne_vierlinge,4.0,3.3,40,92,0.4348,0.3381,0.5367,0,40,0.0,0.0,0.0876,3,49,84,92
ohne_vierlinge,4.0,3.4,39,92,0.4239,0.328,0.5259,0,39,0.0,0.0,0.0897,3,50,84,92
ohne_vierlinge,4.0,3.5,39,92,0.4239,0.328,0.5259,0,39,0.0,0.0,0.0897,3,50,84,92
ohne_vierlinge,4.0,3.6,39,92,0.4239,0.328,0.5259,0,39,0.0,0.0,0.0897,3,50,84,92
ohne_vierlinge,4.0,3.7,37,92,0.4022,0.3078,0.5043,0,37,0.0,0.0,0.0941,3,52,84,92
ohne_vierlinge,4.0,3.8,37,92,0.4022,0.3078,0.5043,0,37,0.0,0.0,0.0941,3,52,84,92
ohne_vierlinge,4.0,3.9,37,92,0.4022,0.3078,0.5043,0,37,0.0,0.0,0.0941,3,52,84,92
ohne_vierlinge,4.0,4.0,37,92,0.4022,0.3078,0.5043,0,37,0.0,0.0,0.0941,3,52,84,92
ohne_vierlinge,4.0,4.1,37,92,0.4022,0.3078,0.5043,0,37,0.0,0.0,0.0941,3,52,84,92
ohne_vierlinge,4.0,4.2,37,92,0.4022,0.3078,0.5043,0,37,0.0,0.0,0.0941,3,52,84,92
ohne_vierlinge,4.0,4.3,36,92,0.3913,0.2979,0.4935,0,36,0.0,0.0,0.0964,3,53,84,92
ohne_vierlinge,4.0,4.4,35,92,0.3804,0.2879,0.4825,0,35,0.0,0.0,0.0989,3,54,84,92
ohne_vierlinge,4.0,4.5,35,92,0.3804,0.2879,0.4825,0,35,0.0,0.0,0.0989,3,54,84,92
ohne_vierlinge,4.0,4.6,33,92,0.3587,0.2682,0.4605,0,33,0.0,0.0,0.1043,3,56,84,92
ohne_vierlinge,4.0,4.7,33,92,0.3587,0.2682,0.4605,0,33,0.0,0.0,0.1043,3,56,84,92
ohne_vierlinge,4.0,4.8,33,92,0.3587,0.2682,0.4605,0,33,0.0,0.0,0.1043,3,56,84,92
ohne_vierlinge,4.0,4.9,33,92,0.3587,0.2682,0.4605,0,33,0.0,0.0,0.1043,3,56,84,92
ohne_vierlinge,4.0,5.0,33,92,0.3587,0.2682,0.4605,0,33,0.0,0.0,0.1043,3,56,84,92
ohne_vierlinge,4.1,0.0,89,92,0.9674,0.9085,0.9888,7,89,0.0787,0.0386,0.1536,3,0,84,92
ohne_vierlinge,4.1,0.1,85,92,0.9239,0.8512,0.9627,6,85,0.0706,0.0328,0.1456,3,4,84,92
ohne_vierlinge,4.1,0.2,82,92,0.8913,0.8114,0.9399,4,82,0.0488,0.0191,0.1188,3,7,84,92
ohne_vierlinge,4.1,0.3,77,92,0.837,0.7483,0.8986,2,77,0.026,0.0072,0.0898,3,12,84,92
ohne_vierlinge,4.1,0.4,75,92,0.8152,0.7239,0.8813,2,75,0.0267,0.0073,0.0921,3,14,84,92
ohne_vierlinge,4.1,0.5,72,92,0.7826,0.6879,0.8546,2,72,0.0278,0.0077,0.0957,3,17,84,92
ohne_vierlinge,4.1,0.6,70,92,0.7609,0.6644,0.8364,2,70,0.0286,0.0079,0.0983,3,19,84,92
ohne_vierlinge,4.1,0.7,68,92,0.7391,0.6411,0.818,2,68,0.0294,0.0081,0.101,3,21,84,92
ohne_vierlinge,4.1,0.8,66,92,0.7174,0.6181,0.7992,2,66,0.0303,0.0083,0.1039,3,23,84,92
ohne_vierlinge,4.1,0.9,61,92,0.663,0.5617,0.7514,2,61,0.0328,0.009,0.1119,3,28,84,92
ohne_vierlinge,4.1,1.0,57,92,0.6196,0.5175,0.7121,2,57,0.0351,0.0097,0.1192,3,32,84,92
ohne_vierlinge,4.1,1.1,56,92,0.6087,0.5065,0.7021,2,56,0.0357,0.0098,0.1212,3,33,84,92
ohne_vierlinge,4.1,1.2,53,92,0.5761,0.4741,0.672,2,53,0.0377,0.0104,0.1275,3,36,84,92
ohne_vierlinge,4.1,1.3,49,92,0.5326,0.4314,0.6312,1,49,0.0204,0.0036,0.1069,3,40,84,92
ohne_vierlinge,4.1,1.4,48,92,0.5217,0.4209,0.6209,1,48,0.0208,0.0037,0.109,3,41,84,92
ohne_vierlinge,4.1,1.5,47,92,0.5109,0.4104,0.6105,1,47,0.0213,0.0038,0.1111,3,42,84,92
ohne_vierlinge,4.1,1.6,46,92,0.5,0.3999,0.6001,1,46,0.0217,0.0038,0.1134,3,43,84,92
ohne_vierlinge,4.1,1.7,46,92,0.5,0.3999,0.6001,1,46,0.0217,0.0038,0.1134,3,43,84,92
ohne_vierlinge,4.1,1.8,46,92,0.5,0.3999,0.6001,1,46,0.0217,0.0038,0.1134,3,43,84,92
ohne_vierlinge,4.1,1.9,46,92,0.5,0.3999,0.6001,1,46,0.0217,0.0038,0.1134,3,43,84,92
ohne_vierlinge,4.1,2.0,45,92,0.4891,0.3895,0.5896,0,45,0.0,0.0,0.0787,3,44,84,92
ohne_vierlinge,4.1,2.1,44,92,0.4783,0.3791,0.5791,0,44,0.0,0.0,0.0803,3,45,84,92
ohne_vierlinge,4.1,2.2,43,92,0.4674,0.3688,0.5686,0,43,0.0,0.0,0.082,3,46,84,92
ohne_vierlinge,4.1,2.3,42,92,0.4565,0.3585,0.558,0,42,0.0,0.0,0.0838,3,47,84,92
ohne_vierlinge,4.1,2.4,42,92,0.4565,0.3585,0.558,0,42,0.0,0.0,0.0838,3,47,84,92
ohne_vierlinge,4.1,2.5,42,92,0.4565,0.3585,0.558,0,42,0.0,0.0,0.0838,3,47,84,92
ohne_vierlinge,4.1,2.6,42,92,0.4565,0.3585,0.558,0,42,0.0,0.0,0.0838,3,47,84,92
ohne_vierlinge,4.1,2.7,41,92,0.4457,0.3483,0.5474,0,41,0.0,0.0,0.0857,3,48,84,92
ohne_vierlinge,4.1,2.8,40,92,0.4348,0.3381,0.5367,0,40,0.0,0.0,0.0876,3,49,84,92
ohne_vierlinge,4.1,2.9,40,92,0.4348,0.3381,0.5367,0,40,0.0,0.0,0.0876,3,49,84,92
ohne_vierlinge,4.1,3.0,40,92,0.4348,0.3381,0.5367,0,40,0.0,0.0,0.0876,3,49,84,92
ohne_vierlinge,4.1,3.1,40,92,0.4348,0.3381,0.5367,0,40,0.0,0.0,0.0876,3,49,84,92
ohne_vierlinge,4.1,3.2,40,92,0.4348,0.3381,0.5367,0,40,0.0,0.0,0.0876,3,49,84,92
ohne_vierlinge,4.1,3.3,40,92,0.4348,0.3381,0.5367,0,40,0.0,0.0,0.0876,3,49,84,92
ohne_vierlinge,4.1,3.4,39,92,0.4239,0.328,0.5259,0,39,0.0,0.0,0.0897,3,50,84,92
ohne_vierlinge,4.1,3.5,39,92,0.4239,0.328,0.5259,0,39,0.0,0.0,0.0897,3,50,84,92
ohne_vierlinge,4.1,3.6,39,92,0.4239,0.328,0.5259,0,39,0.0,0.0,0.0897,3,50,84,92
ohne_vierlinge,4.1,3.7,37,92,0.4022,0.3078,0.5043,0,37,0.0,0.0,0.0941,3,52,84,92
ohne_vierlinge,4.1,3.8,37,92,0.4022,0.3078,0.5043,0,37,0.0,0.0,0.0941,3,52,84,92
ohne_vierlinge,4.1,3.9,37,92,0.4022,0.3078,0.5043,0,37,0.0,0.0,0.0941,3,52,84,92
ohne_vierlinge,4.1,4.0,37,92,0.4022,0.3078,0.5043,0,37,0.0,0.0,0.0941,3,52,84,92
ohne_vierlinge,4.1,4.1,37,92,0.4022,0.3078,0.5043,0,37,0.0,0.0,0.0941,3,52,84,92
ohne_vierlinge,4.1,4.2,37,92,0.4022,0.3078,0.5043,0,37,0.0,0.0,0.0941,3,52,84,92
ohne_vierlinge,4.1,4.3,36,92,0.3913,0.2979,0.4935,0,36,0.0,0.0,0.0964,3,53,84,92
ohne_vierlinge,4.1,4.4,35,92,0.3804,0.2879,0.4825,0,35,0.0,0.0,0.0989,3,54,84,92
ohne_vierlinge,4.1,4.5,35,92,0.3804,0.2879,0.4825,0,35,0.0,0.0,0.0989,3,54,84,92
ohne_vierlinge,4.1,4.6,33,92,0.3587,0.2682,0.4605,0,33,0.0,0.0,0.1043,3,56,84,92
ohne_vierlinge,4.1,4.7,33,92,0.3587,0.2682,0.4605,0,33,0.0,0.0,0.1043,3,56,84,92
ohne_vierlinge,4.1,4.8,33,92,0.3587,0.2682,0.4605,0,33,0.0,0.0,0.1043,3,56,84,92
ohne_vierlinge,4.1,4.9,33,92,0.3587,0.2682,0.4605,0,33,0.0,0.0,0.1043,3,56,84,92
ohne_vierlinge,4.1,5.0,33,92,0.3587,0.2682,0.4605,0,33,0.0,0.0,0.1043,3,56,84,92
ohne_vierlinge,4.2,0.0,89,92,0.9674,0.9085,0.9888,7,89,0.0787,0.0386,0.1536,3,0,84,92
ohne_vierlinge,4.2,0.1,85,92,0.9239,0.8512,0.9627,6,85,0.0706,0.0328,0.1456,3,4,84,92
ohne_vierlinge,4.2,0.2,82,92,0.8913,0.8114,0.9399,4,82,0.0488,0.0191,0.1188,3,7,84,92
ohne_vierlinge,4.2,0.3,77,92,0.837,0.7483,0.8986,2,77,0.026,0.0072,0.0898,3,12,84,92
ohne_vierlinge,4.2,0.4,75,92,0.8152,0.7239,0.8813,2,75,0.0267,0.0073,0.0921,3,14,84,92
ohne_vierlinge,4.2,0.5,72,92,0.7826,0.6879,0.8546,2,72,0.0278,0.0077,0.0957,3,17,84,92
ohne_vierlinge,4.2,0.6,70,92,0.7609,0.6644,0.8364,2,70,0.0286,0.0079,0.0983,3,19,84,92
ohne_vierlinge,4.2,0.7,68,92,0.7391,0.6411,0.818,2,68,0.0294,0.0081,0.101,3,21,84,92
ohne_vierlinge,4.2,0.8,66,92,0.7174,0.6181,0.7992,2,66,0.0303,0.0083,0.1039,3,23,84,92
ohne_vierlinge,4.2,0.9,61,92,0.663,0.5617,0.7514,2,61,0.0328,0.009,0.1119,3,28,84,92
ohne_vierlinge,4.2,1.0,57,92,0.6196,0.5175,0.7121,2,57,0.0351,0.0097,0.1192,3,32,84,92
ohne_vierlinge,4.2,1.1,56,92,0.6087,0.5065,0.7021,2,56,0.0357,0.0098,0.1212,3,33,84,92
ohne_vierlinge,4.2,1.2,53,92,0.5761,0.4741,0.672,2,53,0.0377,0.0104,0.1275,3,36,84,92
ohne_vierlinge,4.2,1.3,49,92,0.5326,0.4314,0.6312,1,49,0.0204,0.0036,0.1069,3,40,84,92
ohne_vierlinge,4.2,1.4,48,92,0.5217,0.4209,0.6209,1,48,0.0208,0.0037,0.109,3,41,84,92
ohne_vierlinge,4.2,1.5,47,92,0.5109,0.4104,0.6105,1,47,0.0213,0.0038,0.1111,3,42,84,92
ohne_vierlinge,4.2,1.6,46,92,0.5,0.3999,0.6001,1,46,0.0217,0.0038,0.1134,3,43,84,92
ohne_vierlinge,4.2,1.7,46,92,0.5,0.3999,0.6001,1,46,0.0217,0.0038,0.1134,3,43,84,92
ohne_vierlinge,4.2,1.8,46,92,0.5,0.3999,0.6001,1,46,0.0217,0.0038,0.1134,3,43,84,92
ohne_vierlinge,4.2,1.9,46,92,0.5,0.3999,0.6001,1,46,0.0217,0.0038,0.1134,3,43,84,92
ohne_vierlinge,4.2,2.0,45,92,0.4891,0.3895,0.5896,0,45,0.0,0.0,0.0787,3,44,84,92
ohne_vierlinge,4.2,2.1,44,92,0.4783,0.3791,0.5791,0,44,0.0,0.0,0.0803,3,45,84,92
ohne_vierlinge,4.2,2.2,43,92,0.4674,0.3688,0.5686,0,43,0.0,0.0,0.082,3,46,84,92
ohne_vierlinge,4.2,2.3,42,92,0.4565,0.3585,0.558,0,42,0.0,0.0,0.0838,3,47,84,92
ohne_vierlinge,4.2,2.4,42,92,0.4565,0.3585,0.558,0,42,0.0,0.0,0.0838,3,47,84,92
ohne_vierlinge,4.2,2.5,42,92,0.4565,0.3585,0.558,0,42,0.0,0.0,0.0838,3,47,84,92
ohne_vierlinge,4.2,2.6,42,92,0.4565,0.3585,0.558,0,42,0.0,0.0,0.0838,3,47,84,92
ohne_vierlinge,4.2,2.7,41,92,0.4457,0.3483,0.5474,0,41,0.0,0.0,0.0857,3,48,84,92
ohne_vierlinge,4.2,2.8,40,92,0.4348,0.3381,0.5367,0,40,0.0,0.0,0.0876,3,49,84,92
ohne_vierlinge,4.2,2.9,40,92,0.4348,0.3381,0.5367,0,40,0.0,0.0,0.0876,3,49,84,92
ohne_vierlinge,4.2,3.0,40,92,0.4348,0.3381,0.5367,0,40,0.0,0.0,0.0876,3,49,84,92
ohne_vierlinge,4.2,3.1,40,92,0.4348,0.3381,0.5367,0,40,0.0,0.0,0.0876,3,49,84,92
ohne_vierlinge,4.2,3.2,40,92,0.4348,0.3381,0.5367,0,40,0.0,0.0,0.0876,3,49,84,92
ohne_vierlinge,4.2,3.3,40,92,0.4348,0.3381,0.5367,0,40,0.0,0.0,0.0876,3,49,84,92
ohne_vierlinge,4.2,3.4,39,92,0.4239,0.328,0.5259,0,39,0.0,0.0,0.0897,3,50,84,92
ohne_vierlinge,4.2,3.5,39,92,0.4239,0.328,0.5259,0,39,0.0,0.0,0.0897,3,50,84,92
ohne_vierlinge,4.2,3.6,39,92,0.4239,0.328,0.5259,0,39,0.0,0.0,0.0897,3,50,84,92
ohne_vierlinge,4.2,3.7,37,92,0.4022,0.3078,0.5043,0,37,0.0,0.0,0.0941,3,52,84,92
ohne_vierlinge,4.2,3.8,37,92,0.4022,0.3078,0.5043,0,37,0.0,0.0,0.0941,3,52,84,92
ohne_vierlinge,4.2,3.9,37,92,0.4022,0.3078,0.5043,0,37,0.0,0.0,0.0941,3,52,84,92
ohne_vierlinge,4.2,4.0,37,92,0.4022,0.3078,0.5043,0,37,0.0,0.0,0.0941,3,52,84,92
ohne_vierlinge,4.2,4.1,37,92,0.4022,0.3078,0.5043,0,37,0.0,0.0,0.0941,3,52,84,92
ohne_vierlinge,4.2,4.2,37,92,0.4022,0.3078,0.5043,0,37,0.0,0.0,0.0941,3,52,84,92
ohne_vierlinge,4.2,4.3,36,92,0.3913,0.2979,0.4935,0,36,0.0,0.0,0.0964,3,53,84,92
ohne_vierlinge,4.2,4.4,35,92,0.3804,0.2879,0.4825,0,35,0.0,0.0,0.0989,3,54,84,92
ohne_vierlinge,4.2,4.5,35,92,0.3804,0.2879,0.4825,0,35,0.0,0.0,0.0989,3,54,84,92
ohne_vierlinge,4.2,4.6,33,92,0.3587,0.2682,0.4605,0,33,0.0,0.0,0.1043,3,56,84,92
ohne_vierlinge,4.2,4.7,33,92,0.3587,0.2682,0.4605,0,33,0.0,0.0,0.1043,3,56,84,92
ohne_vierlinge,4.2,4.8,33,92,0.3587,0.2682,0.4605,0,33,0.0,0.0,0.1043,3,56,84,92
ohne_vierlinge,4.2,4.9,33,92,0.3587,0.2682,0.4605,0,33,0.0,0.0,0.1043,3,56,84,92
ohne_vierlinge,4.2,5.0,33,92,0.3587,0.2682,0.4605,0,33,0.0,0.0,0.1043,3,56,84,92
ohne_vierlinge,4.3,0.0,90,92,0.9783,0.9242,0.994,7,90,0.0778,0.0382,0.1519,2,0,84,92
ohne_vierlinge,4.3,0.1,86,92,0.9348,0.8649,0.9698,6,86,0.0698,0.0324,0.144,2,4,84,92
ohne_vierlinge,4.3,0.2,83,92,0.9022,0.8244,0.9477,4,83,0.0482,0.0189,0.1175,2,7,84,92
ohne_vierlinge,4.3,0.3,78,92,0.8478,0.7606,0.9071,2,78,0.0256,0.0071,0.0888,2,12,84,92
ohne_vierlinge,4.3,0.4,76,92,0.8261,0.736,0.89,2,76,0.0263,0.0072,0.091,2,14,84,92
ohne_vierlinge,4.3,0.5,73,92,0.7935,0.6998,0.8636,2,73,0.0274,0.0075,0.0945,2,17,84,92
ohne_vierlinge,4.3,0.6,71,92,0.7717,0.6761,0.8456,2,71,0.0282,0.0078,0.097,2,19,84,92
ohne_vierlinge,4.3,0.7,69,92,0.75,0.6527,0.8272,2,69,0.029,0.008,0.0997,2,21,84,92
ohne_vierlinge,4.3,0.8,67,92,0.7283,0.6296,0.8086,2,67,0.0299,0.0082,0.1025,2,23,84,92
ohne_vierlinge,4.3,0.9,62,92,0.6739,0.5728,0.7611,2,62,0.0323,0.0089,0.1102,2,28,84,92
ohne_vierlinge,4.3,1.0,58,92,0.6304,0.5284,0.722,2,58,0.0345,0.0095,0.1173,2,32,84,92
ohne_vierlinge,4.3,1.1,57,92,0.6196,0.5175,0.7121,2,57,0.0351,0.0097,0.1192,2,33,84,92
ohne_vierlinge,4.3,1.2,54,92,0.587,0.4848,0.6821,2,54,0.037,0.0102,0.1254,2,36,84,92
ohne_vierlinge,4.3,1.3,50,92,0.5435,0.442,0.6415,1,50,0.02,0.0035,0.105,2,40,84,92
ohne_vierlinge,4.3,1.4,49,92,0.5326,0.4314,0.6312,1,49,0.0204,0.0036,0.1069,2,41,84,92
ohne_vierlinge,4.3,1.5,48,92,0.5217,0.4209,0.6209,1,48,0.0208,0.0037,0.109,2,42,84,92
ohne_vierlinge,4.3,1.6,47,92,0.5109,0.4104,0.6105,1,47,0.0213,0.0038,0.1111,2,43,84,92
ohne_vierlinge,4.3,1.7,47,92,0.5109,0.4104,0.6105,1,47,0.0213,0.0038,0.1111,2,43,84,92
ohne_vierlinge,4.3,1.8,47,92,0.5109,0.4104,0.6105,1,47,0.0213,0.0038,0.1111,2,43,84,92
ohne_vierlinge,4.3,1.9,47,92,0.5109,0.4104,0.6105,1,47,0.0213,0.0038,0.1111,2,43,84,92
ohne_vierlinge,4.3,2.0,46,92,0.5,0.3999,0.6001,0,46,0.0,0.0,0.0771,2,44,84,92
ohne_vierlinge,4.3,2.1,45,92,0.4891,0.3895,0.5896,0,45,0.0,0.0,0.0787,2,45,84,92
ohne_vierlinge,4.3,2.2,44,92,0.4783,0.3791,0.5791,0,44,0.0,0.0,0.0803,2,46,84,92
ohne_vierlinge,4.3,2.3,43,92,0.4674,0.3688,0.5686,0,43,0.0,0.0,0.082,2,47,84,92
ohne_vierlinge,4.3,2.4,43,92,0.4674,0.3688,0.5686,0,43,0.0,0.0,0.082,2,47,84,92
ohne_vierlinge,4.3,2.5,42,92,0.4565,0.3585,0.558,0,42,0.0,0.0,0.0838,2,48,84,92
ohne_vierlinge,4.3,2.6,42,92,0.4565,0.3585,0.558,0,42,0.0,0.0,0.0838,2,48,84,92
ohne_vierlinge,4.3,2.7,41,92,0.4457,0.3483,0.5474,0,41,0.0,0.0,0.0857,2,49,84,92
ohne_vierlinge,4.3,2.8,40,92,0.4348,0.3381,0.5367,0,40,0.0,0.0,0.0876,2,50,84,92
ohne_vierlinge,4.3,2.9,40,92,0.4348,0.3381,0.5367,0,40,0.0,0.0,0.0876,2,50,84,92
ohne_vierlinge,4.3,3.0,40,92,0.4348,0.3381,0.5367,0,40,0.0,0.0,0.0876,2,50,84,92
ohne_vierlinge,4.3,3.1,40,92,0.4348,0.3381,0.5367,0,40,0.0,0.0,0.0876,2,50,84,92
ohne_vierlinge,4.3,3.2,40,92,0.4348,0.3381,0.5367,0,40,0.0,0.0,0.0876,2,50,84,92
ohne_vierlinge,4.3,3.3,40,92,0.4348,0.3381,0.5367,0,40,0.0,0.0,0.0876,2,50,84,92
ohne_vierlinge,4.3,3.4,39,92,0.4239,0.328,0.5259,0,39,0.0,0.0,0.0897,2,51,84,92
ohne_vierlinge,4.3,3.5,39,92,0.4239,0.328,0.5259,0,39,0.0,0.0,0.0897,2,51,84,92
ohne_vierlinge,4.3,3.6,39,92,0.4239,0.328,0.5259,0,39,0.0,0.0,0.0897,2,51,84,92
ohne_vierlinge,4.3,3.7,37,92,0.4022,0.3078,0.5043,0,37,0.0,0.0,0.0941,2,53,84,92
ohne_vierlinge,4.3,3.8,37,92,0.4022,0.3078,0.5043,0,37,0.0,0.0,0.0941,2,53,84,92
ohne_vierlinge,4.3,3.9,37,92,0.4022,0.3078,0.5043,0,37,0.0,0.0,0.0941,2,53,84,92
ohne_vierlinge,4.3,4.0,37,92,0.4022,0.3078,0.5043,0,37,0.0,0.0,0.0941,2,53,84,92
ohne_vierlinge,4.3,4.1,37,92,0.4022,0.3078,0.5043,0,37,0.0,0.0,0.0941,2,53,84,92
ohne_vierlinge,4.3,4.2,37,92,0.4022,0.3078,0.5043,0,37,0.0,0.0,0.0941,2,53,84,92
ohne_vierlinge,4.3,4.3,36,92,0.3913,0.2979,0.4935,0,36,0.0,0.0,0.0964,2,54,84,92
ohne_vierlinge,4.3,4.4,35,92,0.3804,0.2879,0.4825,0,35,0.0,0.0,0.0989,2,55,84,92
ohne_vierlinge,4.3,4.5,35,92,0.3804,0.2879,0.4825,0,35,0.0,0.0,0.0989,2,55,84,92
ohne_vierlinge,4.3,4.6,33,92,0.3587,0.2682,0.4605,0,33,0.0,0.0,0.1043,2,57,84,92
ohne_vierlinge,4.3,4.7,33,92,0.3587,0.2682,0.4605,0,33,0.0,0.0,0.1043,2,57,84,92
ohne_vierlinge,4.3,4.8,33,92,0.3587,0.2682,0.4605,0,33,0.0,0.0,0.1043,2,57,84,92
ohne_vierlinge,4.3,4.9,33,92,0.3587,0.2682,0.4605,0,33,0.0,0.0,0.1043,2,57,84,92
ohne_vierlinge,4.3,5.0,33,92,0.3587,0.2682,0.4605,0,33,0.0,0.0,0.1043,2,57,84,92
ohne_vierlinge,4.4,0.0,90,92,0.9783,0.9242,0.994,7,90,0.0778,0.0382,0.1519,2,0,84,92
ohne_vierlinge,4.4,0.1,86,92,0.9348,0.8649,0.9698,6,86,0.0698,0.0324,0.144,2,4,84,92
ohne_vierlinge,4.4,0.2,83,92,0.9022,0.8244,0.9477,4,83,0.0482,0.0189,0.1175,2,7,84,92
ohne_vierlinge,4.4,0.3,78,92,0.8478,0.7606,0.9071,2,78,0.0256,0.0071,0.0888,2,12,84,92
ohne_vierlinge,4.4,0.4,76,92,0.8261,0.736,0.89,2,76,0.0263,0.0072,0.091,2,14,84,92
ohne_vierlinge,4.4,0.5,73,92,0.7935,0.6998,0.8636,2,73,0.0274,0.0075,0.0945,2,17,84,92
ohne_vierlinge,4.4,0.6,71,92,0.7717,0.6761,0.8456,2,71,0.0282,0.0078,0.097,2,19,84,92
ohne_vierlinge,4.4,0.7,69,92,0.75,0.6527,0.8272,2,69,0.029,0.008,0.0997,2,21,84,92
ohne_vierlinge,4.4,0.8,67,92,0.7283,0.6296,0.8086,2,67,0.0299,0.0082,0.1025,2,23,84,92
ohne_vierlinge,4.4,0.9,62,92,0.6739,0.5728,0.7611,2,62,0.0323,0.0089,0.1102,2,28,84,92
ohne_vierlinge,4.4,1.0,58,92,0.6304,0.5284,0.722,2,58,0.0345,0.0095,0.1173,2,32,84,92
ohne_vierlinge,4.4,1.1,57,92,0.6196,0.5175,0.7121,2,57,0.0351,0.0097,0.1192,2,33,84,92
ohne_vierlinge,4.4,1.2,54,92,0.587,0.4848,0.6821,2,54,0.037,0.0102,0.1254,2,36,84,92
ohne_vierlinge,4.4,1.3,50,92,0.5435,0.442,0.6415,1,50,0.02,0.0035,0.105,2,40,84,92
ohne_vierlinge,4.4,1.4,49,92,0.5326,0.4314,0.6312,1,49,0.0204,0.0036,0.1069,2,41,84,92
ohne_vierlinge,4.4,1.5,48,92,0.5217,0.4209,0.6209,1,48,0.0208,0.0037,0.109,2,42,84,92
ohne_vierlinge,4.4,1.6,47,92,0.5109,0.4104,0.6105,1,47,0.0213,0.0038,0.1111,2,43,84,92
ohne_vierlinge,4.4,1.7,47,92,0.5109,0.4104,0.6105,1,47,0.0213,0.0038,0.1111,2,43,84,92
ohne_vierlinge,4.4,1.8,47,92,0.5109,0.4104,0.6105,1,47,0.0213,0.0038,0.1111,2,43,84,92
ohne_vierlinge,4.4,1.9,47,92,0.5109,0.4104,0.6105,1,47,0.0213,0.0038,0.1111,2,43,84,92
ohne_vierlinge,4.4,2.0,46,92,0.5,0.3999,0.6001,0,46,0.0,0.0,0.0771,2,44,84,92
ohne_vierlinge,4.4,2.1,45,92,0.4891,0.3895,0.5896,0,45,0.0,0.0,0.0787,2,45,84,92
ohne_vierlinge,4.4,2.2,44,92,0.4783,0.3791,0.5791,0,44,0.0,0.0,0.0803,2,46,84,92
ohne_vierlinge,4.4,2.3,43,92,0.4674,0.3688,0.5686,0,43,0.0,0.0,0.082,2,47,84,92
ohne_vierlinge,4.4,2.4,43,92,0.4674,0.3688,0.5686,0,43,0.0,0.0,0.082,2,47,84,92
ohne_vierlinge,4.4,2.5,42,92,0.4565,0.3585,0.558,0,42,0.0,0.0,0.0838,2,48,84,92
ohne_vierlinge,4.4,2.6,42,92,0.4565,0.3585,0.558,0,42,0.0,0.0,0.0838,2,48,84,92
ohne_vierlinge,4.4,2.7,41,92,0.4457,0.3483,0.5474,0,41,0.0,0.0,0.0857,2,49,84,92
ohne_vierlinge,4.4,2.8,40,92,0.4348,0.3381,0.5367,0,40,0.0,0.0,0.0876,2,50,84,92
ohne_vierlinge,4.4,2.9,40,92,0.4348,0.3381,0.5367,0,40,0.0,0.0,0.0876,2,50,84,92
ohne_vierlinge,4.4,3.0,40,92,0.4348,0.3381,0.5367,0,40,0.0,0.0,0.0876,2,50,84,92
ohne_vierlinge,4.4,3.1,40,92,0.4348,0.3381,0.5367,0,40,0.0,0.0,0.0876,2,50,84,92
ohne_vierlinge,4.4,3.2,40,92,0.4348,0.3381,0.5367,0,40,0.0,0.0,0.0876,2,50,84,92
ohne_vierlinge,4.4,3.3,40,92,0.4348,0.3381,0.5367,0,40,0.0,0.0,0.0876,2,50,84,92
ohne_vierlinge,4.4,3.4,39,92,0.4239,0.328,0.5259,0,39,0.0,0.0,0.0897,2,51,84,92
ohne_vierlinge,4.4,3.5,39,92,0.4239,0.328,0.5259,0,39,0.0,0.0,0.0897,2,51,84,92
ohne_vierlinge,4.4,3.6,39,92,0.4239,0.328,0.5259,0,39,0.0,0.0,0.0897,2,51,84,92
ohne_vierlinge,4.4,3.7,37,92,0.4022,0.3078,0.5043,0,37,0.0,0.0,0.0941,2,53,84,92
ohne_vierlinge,4.4,3.8,37,92,0.4022,0.3078,0.5043,0,37,0.0,0.0,0.0941,2,53,84,92
ohne_vierlinge,4.4,3.9,37,92,0.4022,0.3078,0.5043,0,37,0.0,0.0,0.0941,2,53,84,92
ohne_vierlinge,4.4,4.0,37,92,0.4022,0.3078,0.5043,0,37,0.0,0.0,0.0941,2,53,84,92
ohne_vierlinge,4.4,4.1,37,92,0.4022,0.3078,0.5043,0,37,0.0,0.0,0.0941,2,53,84,92
ohne_vierlinge,4.4,4.2,37,92,0.4022,0.3078,0.5043,0,37,0.0,0.0,0.0941,2,53,84,92
ohne_vierlinge,4.4,4.3,36,92,0.3913,0.2979,0.4935,0,36,0.0,0.0,0.0964,2,54,84,92
ohne_vierlinge,4.4,4.4,35,92,0.3804,0.2879,0.4825,0,35,0.0,0.0,0.0989,2,55,84,92
ohne_vierlinge,4.4,4.5,35,92,0.3804,0.2879,0.4825,0,35,0.0,0.0,0.0989,2,55,84,92
ohne_vierlinge,4.4,4.6,33,92,0.3587,0.2682,0.4605,0,33,0.0,0.0,0.1043,2,57,84,92
ohne_vierlinge,4.4,4.7,33,92,0.3587,0.2682,0.4605,0,33,0.0,0.0,0.1043,2,57,84,92
ohne_vierlinge,4.4,4.8,33,92,0.3587,0.2682,0.4605,0,33,0.0,0.0,0.1043,2,57,84,92
ohne_vierlinge,4.4,4.9,33,92,0.3587,0.2682,0.4605,0,33,0.0,0.0,0.1043,2,57,84,92
ohne_vierlinge,4.4,5.0,33,92,0.3587,0.2682,0.4605,0,33,0.0,0.0,0.1043,2,57,84,92
ohne_vierlinge,4.5,0.0,91,92,0.9891,0.941,0.9981,7,91,0.0769,0.0378,0.1504,1,0,84,92
ohne_vierlinge,4.5,0.1,87,92,0.9457,0.879,0.9766,6,87,0.069,0.032,0.1424,1,4,84,92
ohne_vierlinge,4.5,0.2,84,92,0.913,0.8377,0.9553,4,84,0.0476,0.0187,0.1161,1,7,84,92
ohne_vierlinge,4.5,0.3,79,92,0.8587,0.7731,0.9155,2,79,0.0253,0.007,0.0877,1,12,84,92
ohne_vierlinge,4.5,0.4,77,92,0.837,0.7483,0.8986,2,77,0.026,0.0072,0.0898,1,14,84,92
ohne_vierlinge,4.5,0.5,74,92,0.8043,0.7118,0.8725,2,74,0.027,0.0074,0.0933,1,17,84,92
ohne_vierlinge,4.5,0.6,72,92,0.7826,0.6879,0.8546,2,72,0.0278,0.0077,0.0957,1,19,84,92
ohne_vierlinge,4.5,0.7,70,92,0.7609,0.6644,0.8364,2,70,0.0286,0.0079,0.0983,1,21,84,92
ohne_vierlinge,4.5,0.8,68,92,0.7391,0.6411,0.818,2,68,0.0294,0.0081,0.101,1,23,84,92
ohne_vierlinge,4.5,0.9,63,92,0.6848,0.5841,0.7707,2,63,0.0317,0.0087,0.1086,1,28,84,92
ohne_vierlinge,4.5,1.0,59,92,0.6413,0.5395,0.7318,2,59,0.0339,0.0093,0.1154,1,32,84,92
ohne_vierlinge,4.5,1.1,58,92,0.6304,0.5284,0.722,2,58,0.0345,0.0095,0.1173,1,33,84,92
ohne_vierlinge,4.5,1.2,55,92,0.5978,0.4957,0.6922,2,55,0.0364,0.01,0.1232,1,36,84,92
ohne_vierlinge,4.5,1.3,51,92,0.5543,0.4526,0.6517,1,51,0.0196,0.0035,0.103,1,40,84,92
ohne_vierlinge,4.5,1.4,50,92,0.5435,0.442,0.6415,1,50,0.02,0.0035,0.105,1,41,84,92
ohne_vierlinge,4.5,1.5,49,92,0.5326,0.4314,0.6312,1,49,0.0204,0.0036,0.1069,1,42,84,92
ohne_vierlinge,4.5,1.6,48,92,0.5217,0.4209,0.6209,1,48,0.0208,0.0037,0.109,1,43,84,92
ohne_vierlinge,4.5,1.7,48,92,0.5217,0.4209,0.6209,1,48,0.0208,0.0037,0.109,1,43,84,92
ohne_vierlinge,4.5,1.8,48,92,0.5217,0.4209,0.6209,1,48,0.0208,0.0037,0.109,1,43,84,92
ohne_vierlinge,4.5,1.9,48,92,0.5217,0.4209,0.6209,1,48,0.0208,0.0037,0.109,1,43,84,92
ohne_vierlinge,4.5,2.0,47,92,0.5109,0.4104,0.6105,0,47,0.0,0.0,0.0756,1,44,84,92
ohne_vierlinge,4.5,2.1,46,92,0.5,0.3999,0.6001,0,46,0.0,0.0,0.0771,1,45,84,92
ohne_vierlinge,4.5,2.2,45,92,0.4891,0.3895,0.5896,0,45,0.0,0.0,0.0787,1,46,84,92
ohne_vierlinge,4.5,2.3,44,92,0.4783,0.3791,0.5791,0,44,0.0,0.0,0.0803,1,47,84,92
ohne_vierlinge,4.5,2.4,44,92,0.4783,0.3791,0.5791,0,44,0.0,0.0,0.0803,1,47,84,92
ohne_vierlinge,4.5,2.5,43,92,0.4674,0.3688,0.5686,0,43,0.0,0.0,0.082,1,48,84,92
ohne_vierlinge,4.5,2.6,43,92,0.4674,0.3688,0.5686,0,43,0.0,0.0,0.082,1,48,84,92
ohne_vierlinge,4.5,2.7,42,92,0.4565,0.3585,0.558,0,42,0.0,0.0,0.0838,1,49,84,92
ohne_vierlinge,4.5,2.8,41,92,0.4457,0.3483,0.5474,0,41,0.0,0.0,0.0857,1,50,84,92
ohne_vierlinge,4.5,2.9,41,92,0.4457,0.3483,0.5474,0,41,0.0,0.0,0.0857,1,50,84,92
ohne_vierlinge,4.5,3.0,41,92,0.4457,0.3483,0.5474,0,41,0.0,0.0,0.0857,1,50,84,92
ohne_vierlinge,4.5,3.1,41,92,0.4457,0.3483,0.5474,0,41,0.0,0.0,0.0857,1,50,84,92
ohne_vierlinge,4.5,3.2,41,92,0.4457,0.3483,0.5474,0,41,0.0,0.0,0.0857,1,50,84,92
ohne_vierlinge,4.5,3.3,41,92,0.4457,0.3483,0.5474,0,41,0.0,0.0,0.0857,1,50,84,92
ohne_vierlinge,4.5,3.4,40,92,0.4348,0.3381,0.5367,0,40,0.0,0.0,0.0876,1,51,84,92
ohne_vierlinge,4.5,3.5,40,92,0.4348,0.3381,0.5367,0,40,0.0,0.0,0.0876,1,51,84,92
ohne_vierlinge,4.5,3.6,40,92,0.4348,0.3381,0.5367,0,40,0.0,0.0,0.0876,1,51,84,92
ohne_vierlinge,4.5,3.7,38,92,0.413,0.3179,0.5152,0,38,0.0,0.0,0.0918,1,53,84,92
ohne_vierlinge,4.5,3.8,38,92,0.413,0.3179,0.5152,0,38,0.0,0.0,0.0918,1,53,84,92
ohne_vierlinge,4.5,3.9,38,92,0.413,0.3179,0.5152,0,38,0.0,0.0,0.0918,1,53,84,92
ohne_vierlinge,4.5,4.0,38,92,0.413,0.3179,0.5152,0,38,0.0,0.0,0.0918,1,53,84,92
ohne_vierlinge,4.5,4.1,38,92,0.413,0.3179,0.5152,0,38,0.0,0.0,0.0918,1,53,84,92
ohne_vierlinge,4.5,4.2,38,92,0.413,0.3179,0.5152,0,38,0.0,0.0,0.0918,1,53,84,92
ohne_vierlinge,4.5,4.3,37,92,0.4022,0.3078,0.5043,0,37,0.0,0.0,0.0941,1,54,84,92
ohne_vierlinge,4.5,4.4,36,92,0.3913,0.2979,0.4935,0,36,0.0,0.0,0.0964,1,55,84,92
ohne_vierlinge,4.5,4.5,36,92,0.3913,0.2979,0.4935,0,36,0.0,0.0,0.0964,1,55,84,92
ohne_vierlinge,4.5,4.6,34,92,0.3696,0.278,0.4716,0,34,0.0,0.0,0.1015,1,57,84,92
ohne_vierlinge,4.5,4.7,34,92,0.3696,0.278,0.4716,0,34,0.0,0.0,0.1015,1,57,84,92
ohne_vierlinge,4.5,4.8,34,92,0.3696,0.278,0.4716,0,34,0.0,0.0,0.1015,1,57,84,92
ohne_vierlinge,4.5,4.9,34,92,0.3696,0.278,0.4716,0,34,0.0,0.0,0.1015,1,57,84,92
ohne_vierlinge,4.5,5.0,34,92,0.3696,0.278,0.4716,0,34,0.0,0.0,0.1015,1,57,84,92
ohne_vierlinge,4.6,0.0,91,92,0.9891,0.941,0.9981,7,91,0.0769,0.0378,0.1504,1,0,84,92
ohne_vierlinge,4.6,0.1,87,92,0.9457,0.879,0.9766,6,87,0.069,0.032,0.1424,1,4,84,92
ohne_vierlinge,4.6,0.2,84,92,0.913,0.8377,0.9553,4,84,0.0476,0.0187,0.1161,1,7,84,92
ohne_vierlinge,4.6,0.3,79,92,0.8587,0.7731,0.9155,2,79,0.0253,0.007,0.0877,1,12,84,92
ohne_vierlinge,4.6,0.4,77,92,0.837,0.7483,0.8986,2,77,0.026,0.0072,0.0898,1,14,84,92
ohne_vierlinge,4.6,0.5,74,92,0.8043,0.7118,0.8725,2,74,0.027,0.0074,0.0933,1,17,84,92
ohne_vierlinge,4.6,0.6,72,92,0.7826,0.6879,0.8546,2,72,0.0278,0.0077,0.0957,1,19,84,92
ohne_vierlinge,4.6,0.7,70,92,0.7609,0.6644,0.8364,2,70,0.0286,0.0079,0.0983,1,21,84,92
ohne_vierlinge,4.6,0.8,68,92,0.7391,0.6411,0.818,2,68,0.0294,0.0081,0.101,1,23,84,92
ohne_vierlinge,4.6,0.9,63,92,0.6848,0.5841,0.7707,2,63,0.0317,0.0087,0.1086,1,28,84,92
ohne_vierlinge,4.6,1.0,59,92,0.6413,0.5395,0.7318,2,59,0.0339,0.0093,0.1154,1,32,84,92
ohne_vierlinge,4.6,1.1,58,92,0.6304,0.5284,0.722,2,58,0.0345,0.0095,0.1173,1,33,84,92
ohne_vierlinge,4.6,1.2,55,92,0.5978,0.4957,0.6922,2,55,0.0364,0.01,0.1232,1,36,84,92
ohne_vierlinge,4.6,1.3,51,92,0.5543,0.4526,0.6517,1,51,0.0196,0.0035,0.103,1,40,84,92
ohne_vierlinge,4.6,1.4,50,92,0.5435,0.442,0.6415,1,50,0.02,0.0035,0.105,1,41,84,92
ohne_vierlinge,4.6,1.5,49,92,0.5326,0.4314,0.6312,1,49,0.0204,0.0036,0.1069,1,42,84,92
ohne_vierlinge,4.6,1.6,48,92,0.5217,0.4209,0.6209,1,48,0.0208,0.0037,0.109,1,43,84,92
ohne_vierlinge,4.6,1.7,48,92,0.5217,0.4209,0.6209,1,48,0.0208,0.0037,0.109,1,43,84,92
ohne_vierlinge,4.6,1.8,48,92,0.5217,0.4209,0.6209,1,48,0.0208,0.0037,0.109,1,43,84,92
ohne_vierlinge,4.6,1.9,48,92,0.5217,0.4209,0.6209,1,48,0.0208,0.0037,0.109,1,43,84,92
ohne_vierlinge,4.6,2.0,47,92,0.5109,0.4104,0.6105,0,47,0.0,0.0,0.0756,1,44,84,92
ohne_vierlinge,4.6,2.1,46,92,0.5,0.3999,0.6001,0,46,0.0,0.0,0.0771,1,45,84,92
ohne_vierlinge,4.6,2.2,45,92,0.4891,0.3895,0.5896,0,45,0.0,0.0,0.0787,1,46,84,92
ohne_vierlinge,4.6,2.3,44,92,0.4783,0.3791,0.5791,0,44,0.0,0.0,0.0803,1,47,84,92
ohne_vierlinge,4.6,2.4,44,92,0.4783,0.3791,0.5791,0,44,0.0,0.0,0.0803,1,47,84,92
ohne_vierlinge,4.6,2.5,43,92,0.4674,0.3688,0.5686,0,43,0.0,0.0,0.082,1,48,84,92
ohne_vierlinge,4.6,2.6,43,92,0.4674,0.3688,0.5686,0,43,0.0,0.0,0.082,1,48,84,92
ohne_vierlinge,4.6,2.7,42,92,0.4565,0.3585,0.558,0,42,0.0,0.0,0.0838,1,49,84,92
ohne_vierlinge,4.6,2.8,41,92,0.4457,0.3483,0.5474,0,41,0.0,0.0,0.0857,1,50,84,92
ohne_vierlinge,4.6,2.9,41,92,0.4457,0.3483,0.5474,0,41,0.0,0.0,0.0857,1,50,84,92
ohne_vierlinge,4.6,3.0,41,92,0.4457,0.3483,0.5474,0,41,0.0,0.0,0.0857,1,50,84,92
ohne_vierlinge,4.6,3.1,41,92,0.4457,0.3483,0.5474,0,41,0.0,0.0,0.0857,1,50,84,92
ohne_vierlinge,4.6,3.2,41,92,0.4457,0.3483,0.5474,0,41,0.0,0.0,0.0857,1,50,84,92
ohne_vierlinge,4.6,3.3,41,92,0.4457,0.3483,0.5474,0,41,0.0,0.0,0.0857,1,50,84,92
ohne_vierlinge,4.6,3.4,40,92,0.4348,0.3381,0.5367,0,40,0.0,0.0,0.0876,1,51,84,92
ohne_vierlinge,4.6,3.5,40,92,0.4348,0.3381,0.5367,0,40,0.0,0.0,0.0876,1,51,84,92
ohne_vierlinge,4.6,3.6,40,92,0.4348,0.3381,0.5367,0,40,0.0,0.0,0.0876,1,51,84,92
ohne_vierlinge,4.6,3.7,38,92,0.413,0.3179,0.5152,0,38,0.0,0.0,0.0918,1,53,84,92
ohne_vierlinge,4.6,3.8,38,92,0.413,0.3179,0.5152,0,38,0.0,0.0,0.0918,1,53,84,92
ohne_vierlinge,4.6,3.9,38,92,0.413,0.3179,0.5152,0,38,0.0,0.0,0.0918,1,53,84,92
ohne_vierlinge,4.6,4.0,38,92,0.413,0.3179,0.5152,0,38,0.0,0.0,0.0918,1,53,84,92
ohne_vierlinge,4.6,4.1,38,92,0.413,0.3179,0.5152,0,38,0.0,0.0,0.0918,1,53,84,92
ohne_vierlinge,4.6,4.2,38,92,0.413,0.3179,0.5152,0,38,0.0,0.0,0.0918,1,53,84,92
ohne_vierlinge,4.6,4.3,37,92,0.4022,0.3078,0.5043,0,37,0.0,0.0,0.0941,1,54,84,92
ohne_vierlinge,4.6,4.4,36,92,0.3913,0.2979,0.4935,0,36,0.0,0.0,0.0964,1,55,84,92
ohne_vierlinge,4.6,4.5,36,92,0.3913,0.2979,0.4935,0,36,0.0,0.0,0.0964,1,55,84,92
ohne_vierlinge,4.6,4.6,34,92,0.3696,0.278,0.4716,0,34,0.0,0.0,0.1015,1,57,84,92
ohne_vierlinge,4.6,4.7,34,92,0.3696,0.278,0.4716,0,34,0.0,0.0,0.1015,1,57,84,92
ohne_vierlinge,4.6,4.8,34,92,0.3696,0.278,0.4716,0,34,0.0,0.0,0.1015,1,57,84,92
ohne_vierlinge,4.6,4.9,34,92,0.3696,0.278,0.4716,0,34,0.0,0.0,0.1015,1,57,84,92
ohne_vierlinge,4.6,5.0,34,92,0.3696,0.278,0.4716,0,34,0.0,0.0,0.1015,1,57,84,92
ohne_vierlinge,4.7,0.0,91,92,0.9891,0.941,0.9981,7,91,0.0769,0.0378,0.1504,1,0,84,92
ohne_vierlinge,4.7,0.1,87,92,0.9457,0.879,0.9766,6,87,0.069,0.032,0.1424,1,4,84,92
ohne_vierlinge,4.7,0.2,84,92,0.913,0.8377,0.9553,4,84,0.0476,0.0187,0.1161,1,7,84,92
ohne_vierlinge,4.7,0.3,79,92,0.8587,0.7731,0.9155,2,79,0.0253,0.007,0.0877,1,12,84,92
ohne_vierlinge,4.7,0.4,77,92,0.837,0.7483,0.8986,2,77,0.026,0.0072,0.0898,1,14,84,92
ohne_vierlinge,4.7,0.5,74,92,0.8043,0.7118,0.8725,2,74,0.027,0.0074,0.0933,1,17,84,92
ohne_vierlinge,4.7,0.6,72,92,0.7826,0.6879,0.8546,2,72,0.0278,0.0077,0.0957,1,19,84,92
ohne_vierlinge,4.7,0.7,70,92,0.7609,0.6644,0.8364,2,70,0.0286,0.0079,0.0983,1,21,84,92
ohne_vierlinge,4.7,0.8,68,92,0.7391,0.6411,0.818,2,68,0.0294,0.0081,0.101,1,23,84,92
ohne_vierlinge,4.7,0.9,63,92,0.6848,0.5841,0.7707,2,63,0.0317,0.0087,0.1086,1,28,84,92
ohne_vierlinge,4.7,1.0,59,92,0.6413,0.5395,0.7318,2,59,0.0339,0.0093,0.1154,1,32,84,92
ohne_vierlinge,4.7,1.1,58,92,0.6304,0.5284,0.722,2,58,0.0345,0.0095,0.1173,1,33,84,92
ohne_vierlinge,4.7,1.2,55,92,0.5978,0.4957,0.6922,2,55,0.0364,0.01,0.1232,1,36,84,92
ohne_vierlinge,4.7,1.3,51,92,0.5543,0.4526,0.6517,1,51,0.0196,0.0035,0.103,1,40,84,92
ohne_vierlinge,4.7,1.4,50,92,0.5435,0.442,0.6415,1,50,0.02,0.0035,0.105,1,41,84,92
ohne_vierlinge,4.7,1.5,49,92,0.5326,0.4314,0.6312,1,49,0.0204,0.0036,0.1069,1,42,84,92
ohne_vierlinge,4.7,1.6,48,92,0.5217,0.4209,0.6209,1,48,0.0208,0.0037,0.109,1,43,84,92
ohne_vierlinge,4.7,1.7,48,92,0.5217,0.4209,0.6209,1,48,0.0208,0.0037,0.109,1,43,84,92
ohne_vierlinge,4.7,1.8,48,92,0.5217,0.4209,0.6209,1,48,0.0208,0.0037,0.109,1,43,84,92
ohne_vierlinge,4.7,1.9,48,92,0.5217,0.4209,0.6209,1,48,0.0208,0.0037,0.109,1,43,84,92
ohne_vierlinge,4.7,2.0,47,92,0.5109,0.4104,0.6105,0,47,0.0,0.0,0.0756,1,44,84,92
ohne_vierlinge,4.7,2.1,46,92,0.5,0.3999,0.6001,0,46,0.0,0.0,0.0771,1,45,84,92
ohne_vierlinge,4.7,2.2,45,92,0.4891,0.3895,0.5896,0,45,0.0,0.0,0.0787,1,46,84,92
ohne_vierlinge,4.7,2.3,44,92,0.4783,0.3791,0.5791,0,44,0.0,0.0,0.0803,1,47,84,92
ohne_vierlinge,4.7,2.4,44,92,0.4783,0.3791,0.5791,0,44,0.0,0.0,0.0803,1,47,84,92
ohne_vierlinge,4.7,2.5,43,92,0.4674,0.3688,0.5686,0,43,0.0,0.0,0.082,1,48,84,92
ohne_vierlinge,4.7,2.6,43,92,0.4674,0.3688,0.5686,0,43,0.0,0.0,0.082,1,48,84,92
ohne_vierlinge,4.7,2.7,42,92,0.4565,0.3585,0.558,0,42,0.0,0.0,0.0838,1,49,84,92
ohne_vierlinge,4.7,2.8,41,92,0.4457,0.3483,0.5474,0,41,0.0,0.0,0.0857,1,50,84,92
ohne_vierlinge,4.7,2.9,41,92,0.4457,0.3483,0.5474,0,41,0.0,0.0,0.0857,1,50,84,92
ohne_vierlinge,4.7,3.0,41,92,0.4457,0.3483,0.5474,0,41,0.0,0.0,0.0857,1,50,84,92
ohne_vierlinge,4.7,3.1,41,92,0.4457,0.3483,0.5474,0,41,0.0,0.0,0.0857,1,50,84,92
ohne_vierlinge,4.7,3.2,41,92,0.4457,0.3483,0.5474,0,41,0.0,0.0,0.0857,1,50,84,92
ohne_vierlinge,4.7,3.3,41,92,0.4457,0.3483,0.5474,0,41,0.0,0.0,0.0857,1,50,84,92
ohne_vierlinge,4.7,3.4,40,92,0.4348,0.3381,0.5367,0,40,0.0,0.0,0.0876,1,51,84,92
ohne_vierlinge,4.7,3.5,40,92,0.4348,0.3381,0.5367,0,40,0.0,0.0,0.0876,1,51,84,92
ohne_vierlinge,4.7,3.6,40,92,0.4348,0.3381,0.5367,0,40,0.0,0.0,0.0876,1,51,84,92
ohne_vierlinge,4.7,3.7,38,92,0.413,0.3179,0.5152,0,38,0.0,0.0,0.0918,1,53,84,92
ohne_vierlinge,4.7,3.8,38,92,0.413,0.3179,0.5152,0,38,0.0,0.0,0.0918,1,53,84,92
ohne_vierlinge,4.7,3.9,38,92,0.413,0.3179,0.5152,0,38,0.0,0.0,0.0918,1,53,84,92
ohne_vierlinge,4.7,4.0,38,92,0.413,0.3179,0.5152,0,38,0.0,0.0,0.0918,1,53,84,92
ohne_vierlinge,4.7,4.1,38,92,0.413,0.3179,0.5152,0,38,0.0,0.0,0.0918,1,53,84,92
ohne_vierlinge,4.7,4.2,38,92,0.413,0.3179,0.5152,0,38,0.0,0.0,0.0918,1,53,84,92
ohne_vierlinge,4.7,4.3,37,92,0.4022,0.3078,0.5043,0,37,0.0,0.0,0.0941,1,54,84,92
ohne_vierlinge,4.7,4.4,36,92,0.3913,0.2979,0.4935,0,36,0.0,0.0,0.0964,1,55,84,92
ohne_vierlinge,4.7,4.5,36,92,0.3913,0.2979,0.4935,0,36,0.0,0.0,0.0964,1,55,84,92
ohne_vierlinge,4.7,4.6,34,92,0.3696,0.278,0.4716,0,34,0.0,0.0,0.1015,1,57,84,92
ohne_vierlinge,4.7,4.7,34,92,0.3696,0.278,0.4716,0,34,0.0,0.0,0.1015,1,57,84,92
ohne_vierlinge,4.7,4.8,34,92,0.3696,0.278,0.4716,0,34,0.0,0.0,0.1015,1,57,84,92
ohne_vierlinge,4.7,4.9,34,92,0.3696,0.278,0.4716,0,34,0.0,0.0,0.1015,1,57,84,92
ohne_vierlinge,4.7,5.0,34,92,0.3696,0.278,0.4716,0,34,0.0,0.0,0.1015,1,57,84,92
ohne_vierlinge,4.8,0.0,91,92,0.9891,0.941,0.9981,7,91,0.0769,0.0378,0.1504,1,0,84,92
ohne_vierlinge,4.8,0.1,87,92,0.9457,0.879,0.9766,6,87,0.069,0.032,0.1424,1,4,84,92
ohne_vierlinge,4.8,0.2,84,92,0.913,0.8377,0.9553,4,84,0.0476,0.0187,0.1161,1,7,84,92
ohne_vierlinge,4.8,0.3,79,92,0.8587,0.7731,0.9155,2,79,0.0253,0.007,0.0877,1,12,84,92
ohne_vierlinge,4.8,0.4,77,92,0.837,0.7483,0.8986,2,77,0.026,0.0072,0.0898,1,14,84,92
ohne_vierlinge,4.8,0.5,74,92,0.8043,0.7118,0.8725,2,74,0.027,0.0074,0.0933,1,17,84,92
ohne_vierlinge,4.8,0.6,72,92,0.7826,0.6879,0.8546,2,72,0.0278,0.0077,0.0957,1,19,84,92
ohne_vierlinge,4.8,0.7,70,92,0.7609,0.6644,0.8364,2,70,0.0286,0.0079,0.0983,1,21,84,92
ohne_vierlinge,4.8,0.8,68,92,0.7391,0.6411,0.818,2,68,0.0294,0.0081,0.101,1,23,84,92
ohne_vierlinge,4.8,0.9,63,92,0.6848,0.5841,0.7707,2,63,0.0317,0.0087,0.1086,1,28,84,92
ohne_vierlinge,4.8,1.0,59,92,0.6413,0.5395,0.7318,2,59,0.0339,0.0093,0.1154,1,32,84,92
ohne_vierlinge,4.8,1.1,58,92,0.6304,0.5284,0.722,2,58,0.0345,0.0095,0.1173,1,33,84,92
ohne_vierlinge,4.8,1.2,55,92,0.5978,0.4957,0.6922,2,55,0.0364,0.01,0.1232,1,36,84,92
ohne_vierlinge,4.8,1.3,51,92,0.5543,0.4526,0.6517,1,51,0.0196,0.0035,0.103,1,40,84,92
ohne_vierlinge,4.8,1.4,50,92,0.5435,0.442,0.6415,1,50,0.02,0.0035,0.105,1,41,84,92
ohne_vierlinge,4.8,1.5,49,92,0.5326,0.4314,0.6312,1,49,0.0204,0.0036,0.1069,1,42,84,92
ohne_vierlinge,4.8,1.6,48,92,0.5217,0.4209,0.6209,1,48,0.0208,0.0037,0.109,1,43,84,92
ohne_vierlinge,4.8,1.7,48,92,0.5217,0.4209,0.6209,1,48,0.0208,0.0037,0.109,1,43,84,92
ohne_vierlinge,4.8,1.8,48,92,0.5217,0.4209,0.6209,1,48,0.0208,0.0037,0.109,1,43,84,92
ohne_vierlinge,4.8,1.9,48,92,0.5217,0.4209,0.6209,1,48,0.0208,0.0037,0.109,1,43,84,92
ohne_vierlinge,4.8,2.0,47,92,0.5109,0.4104,0.6105,0,47,0.0,0.0,0.0756,1,44,84,92
ohne_vierlinge,4.8,2.1,46,92,0.5,0.3999,0.6001,0,46,0.0,0.0,0.0771,1,45,84,92
ohne_vierlinge,4.8,2.2,45,92,0.4891,0.3895,0.5896,0,45,0.0,0.0,0.0787,1,46,84,92
ohne_vierlinge,4.8,2.3,44,92,0.4783,0.3791,0.5791,0,44,0.0,0.0,0.0803,1,47,84,92
ohne_vierlinge,4.8,2.4,44,92,0.4783,0.3791,0.5791,0,44,0.0,0.0,0.0803,1,47,84,92
ohne_vierlinge,4.8,2.5,43,92,0.4674,0.3688,0.5686,0,43,0.0,0.0,0.082,1,48,84,92
ohne_vierlinge,4.8,2.6,43,92,0.4674,0.3688,0.5686,0,43,0.0,0.0,0.082,1,48,84,92
ohne_vierlinge,4.8,2.7,42,92,0.4565,0.3585,0.558,0,42,0.0,0.0,0.0838,1,49,84,92
ohne_vierlinge,4.8,2.8,41,92,0.4457,0.3483,0.5474,0,41,0.0,0.0,0.0857,1,50,84,92
ohne_vierlinge,4.8,2.9,41,92,0.4457,0.3483,0.5474,0,41,0.0,0.0,0.0857,1,50,84,92
ohne_vierlinge,4.8,3.0,41,92,0.4457,0.3483,0.5474,0,41,0.0,0.0,0.0857,1,50,84,92
ohne_vierlinge,4.8,3.1,41,92,0.4457,0.3483,0.5474,0,41,0.0,0.0,0.0857,1,50,84,92
ohne_vierlinge,4.8,3.2,41,92,0.4457,0.3483,0.5474,0,41,0.0,0.0,0.0857,1,50,84,92
ohne_vierlinge,4.8,3.3,41,92,0.4457,0.3483,0.5474,0,41,0.0,0.0,0.0857,1,50,84,92
ohne_vierlinge,4.8,3.4,40,92,0.4348,0.3381,0.5367,0,40,0.0,0.0,0.0876,1,51,84,92
ohne_vierlinge,4.8,3.5,40,92,0.4348,0.3381,0.5367,0,40,0.0,0.0,0.0876,1,51,84,92
ohne_vierlinge,4.8,3.6,40,92,0.4348,0.3381,0.5367,0,40,0.0,0.0,0.0876,1,51,84,92
ohne_vierlinge,4.8,3.7,38,92,0.413,0.3179,0.5152,0,38,0.0,0.0,0.0918,1,53,84,92
ohne_vierlinge,4.8,3.8,38,92,0.413,0.3179,0.5152,0,38,0.0,0.0,0.0918,1,53,84,92
ohne_vierlinge,4.8,3.9,38,92,0.413,0.3179,0.5152,0,38,0.0,0.0,0.0918,1,53,84,92
ohne_vierlinge,4.8,4.0,38,92,0.413,0.3179,0.5152,0,38,0.0,0.0,0.0918,1,53,84,92
ohne_vierlinge,4.8,4.1,38,92,0.413,0.3179,0.5152,0,38,0.0,0.0,0.0918,1,53,84,92
ohne_vierlinge,4.8,4.2,38,92,0.413,0.3179,0.5152,0,38,0.0,0.0,0.0918,1,53,84,92
ohne_vierlinge,4.8,4.3,37,92,0.4022,0.3078,0.5043,0,37,0.0,0.0,0.0941,1,54,84,92
ohne_vierlinge,4.8,4.4,36,92,0.3913,0.2979,0.4935,0,36,0.0,0.0,0.0964,1,55,84,92
ohne_vierlinge,4.8,4.5,36,92,0.3913,0.2979,0.4935,0,36,0.0,0.0,0.0964,1,55,84,92
ohne_vierlinge,4.8,4.6,34,92,0.3696,0.278,0.4716,0,34,0.0,0.0,0.1015,1,57,84,92
ohne_vierlinge,4.8,4.7,34,92,0.3696,0.278,0.4716,0,34,0.0,0.0,0.1015,1,57,84,92
ohne_vierlinge,4.8,4.8,34,92,0.3696,0.278,0.4716,0,34,0.0,0.0,0.1015,1,57,84,92
ohne_vierlinge,4.8,4.9,34,92,0.3696,0.278,0.4716,0,34,0.0,0.0,0.1015,1,57,84,92
ohne_vierlinge,4.8,5.0,34,92,0.3696,0.278,0.4716,0,34,0.0,0.0,0.1015,1,57,84,92
ohne_vierlinge,4.9,0.0,91,92,0.9891,0.941,0.9981,7,91,0.0769,0.0378,0.1504,1,0,84,92
ohne_vierlinge,4.9,0.1,87,92,0.9457,0.879,0.9766,6,87,0.069,0.032,0.1424,1,4,84,92
ohne_vierlinge,4.9,0.2,84,92,0.913,0.8377,0.9553,4,84,0.0476,0.0187,0.1161,1,7,84,92
ohne_vierlinge,4.9,0.3,79,92,0.8587,0.7731,0.9155,2,79,0.0253,0.007,0.0877,1,12,84,92
ohne_vierlinge,4.9,0.4,77,92,0.837,0.7483,0.8986,2,77,0.026,0.0072,0.0898,1,14,84,92
ohne_vierlinge,4.9,0.5,74,92,0.8043,0.7118,0.8725,2,74,0.027,0.0074,0.0933,1,17,84,92
ohne_vierlinge,4.9,0.6,72,92,0.7826,0.6879,0.8546,2,72,0.0278,0.0077,0.0957,1,19,84,92
ohne_vierlinge,4.9,0.7,70,92,0.7609,0.6644,0.8364,2,70,0.0286,0.0079,0.0983,1,21,84,92
ohne_vierlinge,4.9,0.8,68,92,0.7391,0.6411,0.818,2,68,0.0294,0.0081,0.101,1,23,84,92
ohne_vierlinge,4.9,0.9,63,92,0.6848,0.5841,0.7707,2,63,0.0317,0.0087,0.1086,1,28,84,92
ohne_vierlinge,4.9,1.0,59,92,0.6413,0.5395,0.7318,2,59,0.0339,0.0093,0.1154,1,32,84,92
ohne_vierlinge,4.9,1.1,58,92,0.6304,0.5284,0.722,2,58,0.0345,0.0095,0.1173,1,33,84,92
ohne_vierlinge,4.9,1.2,55,92,0.5978,0.4957,0.6922,2,55,0.0364,0.01,0.1232,1,36,84,92
ohne_vierlinge,4.9,1.3,51,92,0.5543,0.4526,0.6517,1,51,0.0196,0.0035,0.103,1,40,84,92
ohne_vierlinge,4.9,1.4,50,92,0.5435,0.442,0.6415,1,50,0.02,0.0035,0.105,1,41,84,92
ohne_vierlinge,4.9,1.5,49,92,0.5326,0.4314,0.6312,1,49,0.0204,0.0036,0.1069,1,42,84,92
ohne_vierlinge,4.9,1.6,48,92,0.5217,0.4209,0.6209,1,48,0.0208,0.0037,0.109,1,43,84,92
ohne_vierlinge,4.9,1.7,48,92,0.5217,0.4209,0.6209,1,48,0.0208,0.0037,0.109,1,43,84,92
ohne_vierlinge,4.9,1.8,48,92,0.5217,0.4209,0.6209,1,48,0.0208,0.0037,0.109,1,43,84,92
ohne_vierlinge,4.9,1.9,48,92,0.5217,0.4209,0.6209,1,48,0.0208,0.0037,0.109,1,43,84,92
ohne_vierlinge,4.9,2.0,47,92,0.5109,0.4104,0.6105,0,47,0.0,0.0,0.0756,1,44,84,92
ohne_vierlinge,4.9,2.1,46,92,0.5,0.3999,0.6001,0,46,0.0,0.0,0.0771,1,45,84,92
ohne_vierlinge,4.9,2.2,45,92,0.4891,0.3895,0.5896,0,45,0.0,0.0,0.0787,1,46,84,92
ohne_vierlinge,4.9,2.3,44,92,0.4783,0.3791,0.5791,0,44,0.0,0.0,0.0803,1,47,84,92
ohne_vierlinge,4.9,2.4,44,92,0.4783,0.3791,0.5791,0,44,0.0,0.0,0.0803,1,47,84,92
ohne_vierlinge,4.9,2.5,43,92,0.4674,0.3688,0.5686,0,43,0.0,0.0,0.082,1,48,84,92
ohne_vierlinge,4.9,2.6,43,92,0.4674,0.3688,0.5686,0,43,0.0,0.0,0.082,1,48,84,92
ohne_vierlinge,4.9,2.7,42,92,0.4565,0.3585,0.558,0,42,0.0,0.0,0.0838,1,49,84,92
ohne_vierlinge,4.9,2.8,41,92,0.4457,0.3483,0.5474,0,41,0.0,0.0,0.0857,1,50,84,92
ohne_vierlinge,4.9,2.9,41,92,0.4457,0.3483,0.5474,0,41,0.0,0.0,0.0857,1,50,84,92
ohne_vierlinge,4.9,3.0,41,92,0.4457,0.3483,0.5474,0,41,0.0,0.0,0.0857,1,50,84,92
ohne_vierlinge,4.9,3.1,41,92,0.4457,0.3483,0.5474,0,41,0.0,0.0,0.0857,1,50,84,92
ohne_vierlinge,4.9,3.2,41,92,0.4457,0.3483,0.5474,0,41,0.0,0.0,0.0857,1,50,84,92
ohne_vierlinge,4.9,3.3,41,92,0.4457,0.3483,0.5474,0,41,0.0,0.0,0.0857,1,50,84,92
ohne_vierlinge,4.9,3.4,40,92,0.4348,0.3381,0.5367,0,40,0.0,0.0,0.0876,1,51,84,92
ohne_vierlinge,4.9,3.5,40,92,0.4348,0.3381,0.5367,0,40,0.0,0.0,0.0876,1,51,84,92
ohne_vierlinge,4.9,3.6,40,92,0.4348,0.3381,0.5367,0,40,0.0,0.0,0.0876,1,51,84,92
ohne_vierlinge,4.9,3.7,38,92,0.413,0.3179,0.5152,0,38,0.0,0.0,0.0918,1,53,84,92
ohne_vierlinge,4.9,3.8,38,92,0.413,0.3179,0.5152,0,38,0.0,0.0,0.0918,1,53,84,92
ohne_vierlinge,4.9,3.9,38,92,0.413,0.3179,0.5152,0,38,0.0,0.0,0.0918,1,53,84,92
ohne_vierlinge,4.9,4.0,38,92,0.413,0.3179,0.5152,0,38,0.0,0.0,0.0918,1,53,84,92
ohne_vierlinge,4.9,4.1,38,92,0.413,0.3179,0.5152,0,38,0.0,0.0,0.0918,1,53,84,92
ohne_vierlinge,4.9,4.2,38,92,0.413,0.3179,0.5152,0,38,0.0,0.0,0.0918,1,53,84,92
ohne_vierlinge,4.9,4.3,37,92,0.4022,0.3078,0.5043,0,37,0.0,0.0,0.0941,1,54,84,92
ohne_vierlinge,4.9,4.4,36,92,0.3913,0.2979,0.4935,0,36,0.0,0.0,0.0964,1,55,84,92
ohne_vierlinge,4.9,4.5,36,92,0.3913,0.2979,0.4935,0,36,0.0,0.0,0.0964,1,55,84,92
ohne_vierlinge,4.9,4.6,34,92,0.3696,0.278,0.4716,0,34,0.0,0.0,0.1015,1,57,84,92
ohne_vierlinge,4.9,4.7,34,92,0.3696,0.278,0.4716,0,34,0.0,0.0,0.1015,1,57,84,92
ohne_vierlinge,4.9,4.8,34,92,0.3696,0.278,0.4716,0,34,0.0,0.0,0.1015,1,57,84,92
ohne_vierlinge,4.9,4.9,34,92,0.3696,0.278,0.4716,0,34,0.0,0.0,0.1015,1,57,84,92
ohne_vierlinge,4.9,5.0,34,92,0.3696,0.278,0.4716,0,34,0.0,0.0,0.1015,1,57,84,92
ohne_vierlinge,5.0,0.0,91,92,0.9891,0.941,0.9981,7,91,0.0769,0.0378,0.1504,1,0,84,92
ohne_vierlinge,5.0,0.1,87,92,0.9457,0.879,0.9766,6,87,0.069,0.032,0.1424,1,4,84,92
ohne_vierlinge,5.0,0.2,84,92,0.913,0.8377,0.9553,4,84,0.0476,0.0187,0.1161,1,7,84,92
ohne_vierlinge,5.0,0.3,79,92,0.8587,0.7731,0.9155,2,79,0.0253,0.007,0.0877,1,12,84,92
ohne_vierlinge,5.0,0.4,77,92,0.837,0.7483,0.8986,2,77,0.026,0.0072,0.0898,1,14,84,92
ohne_vierlinge,5.0,0.5,74,92,0.8043,0.7118,0.8725,2,74,0.027,0.0074,0.0933,1,17,84,92
ohne_vierlinge,5.0,0.6,72,92,0.7826,0.6879,0.8546,2,72,0.0278,0.0077,0.0957,1,19,84,92
ohne_vierlinge,5.0,0.7,70,92,0.7609,0.6644,0.8364,2,70,0.0286,0.0079,0.0983,1,21,84,92
ohne_vierlinge,5.0,0.8,68,92,0.7391,0.6411,0.818,2,68,0.0294,0.0081,0.101,1,23,84,92
ohne_vierlinge,5.0,0.9,63,92,0.6848,0.5841,0.7707,2,63,0.0317,0.0087,0.1086,1,28,84,92
ohne_vierlinge,5.0,1.0,59,92,0.6413,0.5395,0.7318,2,59,0.0339,0.0093,0.1154,1,32,84,92
ohne_vierlinge,5.0,1.1,58,92,0.6304,0.5284,0.722,2,58,0.0345,0.0095,0.1173,1,33,84,92
ohne_vierlinge,5.0,1.2,55,92,0.5978,0.4957,0.6922,2,55,0.0364,0.01,0.1232,1,36,84,92
ohne_vierlinge,5.0,1.3,51,92,0.5543,0.4526,0.6517,1,51,0.0196,0.0035,0.103,1,40,84,92
ohne_vierlinge,5.0,1.4,50,92,0.5435,0.442,0.6415,1,50,0.02,0.0035,0.105,1,41,84,92
ohne_vierlinge,5.0,1.5,49,92,0.5326,0.4314,0.6312,1,49,0.0204,0.0036,0.1069,1,42,84,92
ohne_vierlinge,5.0,1.6,48,92,0.5217,0.4209,0.6209,1,48,0.0208,0.0037,0.109,1,43,84,92
ohne_vierlinge,5.0,1.7,48,92,0.5217,0.4209,0.6209,1,48,0.0208,0.0037,0.109,1,43,84,92
ohne_vierlinge,5.0,1.8,48,92,0.5217,0.4209,0.6209,1,48,0.0208,0.0037,0.109,1,43,84,92
ohne_vierlinge,5.0,1.9,48,92,0.5217,0.4209,0.6209,1,48,0.0208,0.0037,0.109,1,43,84,92
ohne_vierlinge,5.0,2.0,47,92,0.5109,0.4104,0.6105,0,47,0.0,0.0,0.0756,1,44,84,92
ohne_vierlinge,5.0,2.1,46,92,0.5,0.3999,0.6001,0,46,0.0,0.0,0.0771,1,45,84,92
ohne_vierlinge,5.0,2.2,45,92,0.4891,0.3895,0.5896,0,45,0.0,0.0,0.0787,1,46,84,92
ohne_vierlinge,5.0,2.3,44,92,0.4783,0.3791,0.5791,0,44,0.0,0.0,0.0803,1,47,84,92
ohne_vierlinge,5.0,2.4,44,92,0.4783,0.3791,0.5791,0,44,0.0,0.0,0.0803,1,47,84,92
ohne_vierlinge,5.0,2.5,43,92,0.4674,0.3688,0.5686,0,43,0.0,0.0,0.082,1,48,84,92
ohne_vierlinge,5.0,2.6,43,92,0.4674,0.3688,0.5686,0,43,0.0,0.0,0.082,1,48,84,92
ohne_vierlinge,5.0,2.7,42,92,0.4565,0.3585,0.558,0,42,0.0,0.0,0.0838,1,49,84,92
ohne_vierlinge,5.0,2.8,41,92,0.4457,0.3483,0.5474,0,41,0.0,0.0,0.0857,1,50,84,92
ohne_vierlinge,5.0,2.9,41,92,0.4457,0.3483,0.5474,0,41,0.0,0.0,0.0857,1,50,84,92
ohne_vierlinge,5.0,3.0,41,92,0.4457,0.3483,0.5474,0,41,0.0,0.0,0.0857,1,50,84,92
ohne_vierlinge,5.0,3.1,41,92,0.4457,0.3483,0.5474,0,41,0.0,0.0,0.0857,1,50,84,92
ohne_vierlinge,5.0,3.2,41,92,0.4457,0.3483,0.5474,0,41,0.0,0.0,0.0857,1,50,84,92
ohne_vierlinge,5.0,3.3,41,92,0.4457,0.3483,0.5474,0,41,0.0,0.0,0.0857,1,50,84,92
ohne_vierlinge,5.0,3.4,40,92,0.4348,0.3381,0.5367,0,40,0.0,0.0,0.0876,1,51,84,92
ohne_vierlinge,5.0,3.5,40,92,0.4348,0.3381,0.5367,0,40,0.0,0.0,0.0876,1,51,84,92
ohne_vierlinge,5.0,3.6,40,92,0.4348,0.3381,0.5367,0,40,0.0,0.0,0.0876,1,51,84,92
ohne_vierlinge,5.0,3.7,38,92,0.413,0.3179,0.5152,0,38,0.0,0.0,0.0918,1,53,84,92
ohne_vierlinge,5.0,3.8,38,92,0.413,0.3179,0.5152,0,38,0.0,0.0,0.0918,1,53,84,92
ohne_vierlinge,5.0,3.9,38,92,0.413,0.3179,0.5152,0,38,0.0,0.0,0.0918,1,53,84,92
ohne_vierlinge,5.0,4.0,38,92,0.413,0.3179,0.5152,0,38,0.0,0.0,0.0918,1,53,84,92
ohne_vierlinge,5.0,4.1,38,92,0.413,0.3179,0.5152,0,38,0.0,0.0,0.0918,1,53,84,92
ohne_vierlinge,5.0,4.2,38,92,0.413,0.3179,0.5152,0,38,0.0,0.0,0.0918,1,53,84,92
ohne_vierlinge,5.0,4.3,37,92,0.4022,0.3078,0.5043,0,37,0.0,0.0,0.0941,1,54,84,92
ohne_vierlinge,5.0,4.4,36,92,0.3913,0.2979,0.4935,0,36,0.0,0.0,0.0964,1,55,84,92
ohne_vierlinge,5.0,4.5,36,92,0.3913,0.2979,0.4935,0,36,0.0,0.0,0.0964,1,55,84,92
ohne_vierlinge,5.0,4.6,34,92,0.3696,0.278,0.4716,0,34,0.0,0.0,0.1015,1,57,84,92
ohne_vierlinge,5.0,4.7,34,92,0.3696,0.278,0.4716,0,34,0.0,0.0,0.1015,1,57,84,92
ohne_vierlinge,5.0,4.8,34,92,0.3696,0.278,0.4716,0,34,0.0,0.0,0.1015,1,57,84,92
ohne_vierlinge,5.0,4.9,34,92,0.3696,0.278,0.4716,0,34,0.0,0.0,0.1015,1,57,84,92
ohne_vierlinge,5.0,5.0,34,92,0.3696,0.278,0.4716,0,34,0.0,0.0,0.1015,1,57,84,92
ohne_vierlinge,5.1,0.0,91,92,0.9891,0.941,0.9981,7,91,0.0769,0.0378,0.1504,1,0,84,92
ohne_vierlinge,5.1,0.1,87,92,0.9457,0.879,0.9766,6,87,0.069,0.032,0.1424,1,4,84,92
ohne_vierlinge,5.1,0.2,84,92,0.913,0.8377,0.9553,4,84,0.0476,0.0187,0.1161,1,7,84,92
ohne_vierlinge,5.1,0.3,79,92,0.8587,0.7731,0.9155,2,79,0.0253,0.007,0.0877,1,12,84,92
ohne_vierlinge,5.1,0.4,77,92,0.837,0.7483,0.8986,2,77,0.026,0.0072,0.0898,1,14,84,92
ohne_vierlinge,5.1,0.5,74,92,0.8043,0.7118,0.8725,2,74,0.027,0.0074,0.0933,1,17,84,92
ohne_vierlinge,5.1,0.6,72,92,0.7826,0.6879,0.8546,2,72,0.0278,0.0077,0.0957,1,19,84,92
ohne_vierlinge,5.1,0.7,70,92,0.7609,0.6644,0.8364,2,70,0.0286,0.0079,0.0983,1,21,84,92
ohne_vierlinge,5.1,0.8,68,92,0.7391,0.6411,0.818,2,68,0.0294,0.0081,0.101,1,23,84,92
ohne_vierlinge,5.1,0.9,63,92,0.6848,0.5841,0.7707,2,63,0.0317,0.0087,0.1086,1,28,84,92
ohne_vierlinge,5.1,1.0,59,92,0.6413,0.5395,0.7318,2,59,0.0339,0.0093,0.1154,1,32,84,92
ohne_vierlinge,5.1,1.1,58,92,0.6304,0.5284,0.722,2,58,0.0345,0.0095,0.1173,1,33,84,92
ohne_vierlinge,5.1,1.2,55,92,0.5978,0.4957,0.6922,2,55,0.0364,0.01,0.1232,1,36,84,92
ohne_vierlinge,5.1,1.3,51,92,0.5543,0.4526,0.6517,1,51,0.0196,0.0035,0.103,1,40,84,92
ohne_vierlinge,5.1,1.4,50,92,0.5435,0.442,0.6415,1,50,0.02,0.0035,0.105,1,41,84,92
ohne_vierlinge,5.1,1.5,49,92,0.5326,0.4314,0.6312,1,49,0.0204,0.0036,0.1069,1,42,84,92
ohne_vierlinge,5.1,1.6,48,92,0.5217,0.4209,0.6209,1,48,0.0208,0.0037,0.109,1,43,84,92
ohne_vierlinge,5.1,1.7,48,92,0.5217,0.4209,0.6209,1,48,0.0208,0.0037,0.109,1,43,84,92
ohne_vierlinge,5.1,1.8,48,92,0.5217,0.4209,0.6209,1,48,0.0208,0.0037,0.109,1,43,84,92
ohne_vierlinge,5.1,1.9,48,92,0.5217,0.4209,0.6209,1,48,0.0208,0.0037,0.109,1,43,84,92
ohne_vierlinge,5.1,2.0,47,92,0.5109,0.4104,0.6105,0,47,0.0,0.0,0.0756,1,44,84,92
ohne_vierlinge,5.1,2.1,46,92,0.5,0.3999,0.6001,0,46,0.0,0.0,0.0771,1,45,84,92
ohne_vierlinge,5.1,2.2,45,92,0.4891,0.3895,0.5896,0,45,0.0,0.0,0.0787,1,46,84,92
ohne_vierlinge,5.1,2.3,44,92,0.4783,0.3791,0.5791,0,44,0.0,0.0,0.0803,1,47,84,92
ohne_vierlinge,5.1,2.4,44,92,0.4783,0.3791,0.5791,0,44,0.0,0.0,0.0803,1,47,84,92
ohne_vierlinge,5.1,2.5,43,92,0.4674,0.3688,0.5686,0,43,0.0,0.0,0.082,1,48,84,92
ohne_vierlinge,5.1,2.6,43,92,0.4674,0.3688,0.5686,0,43,0.0,0.0,0.082,1,48,84,92
ohne_vierlinge,5.1,2.7,42,92,0.4565,0.3585,0.558,0,42,0.0,0.0,0.0838,1,49,84,92
ohne_vierlinge,5.1,2.8,41,92,0.4457,0.3483,0.5474,0,41,0.0,0.0,0.0857,1,50,84,92
ohne_vierlinge,5.1,2.9,41,92,0.4457,0.3483,0.5474,0,41,0.0,0.0,0.0857,1,50,84,92
ohne_vierlinge,5.1,3.0,41,92,0.4457,0.3483,0.5474,0,41,0.0,0.0,0.0857,1,50,84,92
ohne_vierlinge,5.1,3.1,41,92,0.4457,0.3483,0.5474,0,41,0.0,0.0,0.0857,1,50,84,92
ohne_vierlinge,5.1,3.2,41,92,0.4457,0.3483,0.5474,0,41,0.0,0.0,0.0857,1,50,84,92
ohne_vierlinge,5.1,3.3,41,92,0.4457,0.3483,0.5474,0,41,0.0,0.0,0.0857,1,50,84,92
ohne_vierlinge,5.1,3.4,40,92,0.4348,0.3381,0.5367,0,40,0.0,0.0,0.0876,1,51,84,92
ohne_vierlinge,5.1,3.5,40,92,0.4348,0.3381,0.5367,0,40,0.0,0.0,0.0876,1,51,84,92
ohne_vierlinge,5.1,3.6,40,92,0.4348,0.3381,0.5367,0,40,0.0,0.0,0.0876,1,51,84,92
ohne_vierlinge,5.1,3.7,38,92,0.413,0.3179,0.5152,0,38,0.0,0.0,0.0918,1,53,84,92
ohne_vierlinge,5.1,3.8,38,92,0.413,0.3179,0.5152,0,38,0.0,0.0,0.0918,1,53,84,92
ohne_vierlinge,5.1,3.9,38,92,0.413,0.3179,0.5152,0,38,0.0,0.0,0.0918,1,53,84,92
ohne_vierlinge,5.1,4.0,38,92,0.413,0.3179,0.5152,0,38,0.0,0.0,0.0918,1,53,84,92
ohne_vierlinge,5.1,4.1,38,92,0.413,0.3179,0.5152,0,38,0.0,0.0,0.0918,1,53,84,92
ohne_vierlinge,5.1,4.2,38,92,0.413,0.3179,0.5152,0,38,0.0,0.0,0.0918,1,53,84,92
ohne_vierlinge,5.1,4.3,37,92,0.4022,0.3078,0.5043,0,37,0.0,0.0,0.0941,1,54,84,92
ohne_vierlinge,5.1,4.4,36,92,0.3913,0.2979,0.4935,0,36,0.0,0.0,0.0964,1,55,84,92
ohne_vierlinge,5.1,4.5,36,92,0.3913,0.2979,0.4935,0,36,0.0,0.0,0.0964,1,55,84,92
ohne_vierlinge,5.1,4.6,34,92,0.3696,0.278,0.4716,0,34,0.0,0.0,0.1015,1,57,84,92
ohne_vierlinge,5.1,4.7,34,92,0.3696,0.278,0.4716,0,34,0.0,0.0,0.1015,1,57,84,92
ohne_vierlinge,5.1,4.8,34,92,0.3696,0.278,0.4716,0,34,0.0,0.0,0.1015,1,57,84,92
ohne_vierlinge,5.1,4.9,34,92,0.3696,0.278,0.4716,0,34,0.0,0.0,0.1015,1,57,84,92
ohne_vierlinge,5.1,5.0,34,92,0.3696,0.278,0.4716,0,34,0.0,0.0,0.1015,1,57,84,92
ohne_vierlinge,5.2,0.0,91,92,0.9891,0.941,0.9981,7,91,0.0769,0.0378,0.1504,1,0,84,92
ohne_vierlinge,5.2,0.1,87,92,0.9457,0.879,0.9766,6,87,0.069,0.032,0.1424,1,4,84,92
ohne_vierlinge,5.2,0.2,84,92,0.913,0.8377,0.9553,4,84,0.0476,0.0187,0.1161,1,7,84,92
ohne_vierlinge,5.2,0.3,79,92,0.8587,0.7731,0.9155,2,79,0.0253,0.007,0.0877,1,12,84,92
ohne_vierlinge,5.2,0.4,77,92,0.837,0.7483,0.8986,2,77,0.026,0.0072,0.0898,1,14,84,92
ohne_vierlinge,5.2,0.5,74,92,0.8043,0.7118,0.8725,2,74,0.027,0.0074,0.0933,1,17,84,92
ohne_vierlinge,5.2,0.6,72,92,0.7826,0.6879,0.8546,2,72,0.0278,0.0077,0.0957,1,19,84,92
ohne_vierlinge,5.2,0.7,70,92,0.7609,0.6644,0.8364,2,70,0.0286,0.0079,0.0983,1,21,84,92
ohne_vierlinge,5.2,0.8,68,92,0.7391,0.6411,0.818,2,68,0.0294,0.0081,0.101,1,23,84,92
ohne_vierlinge,5.2,0.9,63,92,0.6848,0.5841,0.7707,2,63,0.0317,0.0087,0.1086,1,28,84,92
ohne_vierlinge,5.2,1.0,59,92,0.6413,0.5395,0.7318,2,59,0.0339,0.0093,0.1154,1,32,84,92
ohne_vierlinge,5.2,1.1,58,92,0.6304,0.5284,0.722,2,58,0.0345,0.0095,0.1173,1,33,84,92
ohne_vierlinge,5.2,1.2,55,92,0.5978,0.4957,0.6922,2,55,0.0364,0.01,0.1232,1,36,84,92
ohne_vierlinge,5.2,1.3,51,92,0.5543,0.4526,0.6517,1,51,0.0196,0.0035,0.103,1,40,84,92
ohne_vierlinge,5.2,1.4,50,92,0.5435,0.442,0.6415,1,50,0.02,0.0035,0.105,1,41,84,92
ohne_vierlinge,5.2,1.5,49,92,0.5326,0.4314,0.6312,1,49,0.0204,0.0036,0.1069,1,42,84,92
ohne_vierlinge,5.2,1.6,48,92,0.5217,0.4209,0.6209,1,48,0.0208,0.0037,0.109,1,43,84,92
ohne_vierlinge,5.2,1.7,48,92,0.5217,0.4209,0.6209,1,48,0.0208,0.0037,0.109,1,43,84,92
ohne_vierlinge,5.2,1.8,48,92,0.5217,0.4209,0.6209,1,48,0.0208,0.0037,0.109,1,43,84,92
ohne_vierlinge,5.2,1.9,48,92,0.5217,0.4209,0.6209,1,48,0.0208,0.0037,0.109,1,43,84,92
ohne_vierlinge,5.2,2.0,47,92,0.5109,0.4104,0.6105,0,47,0.0,0.0,0.0756,1,44,84,92
ohne_vierlinge,5.2,2.1,46,92,0.5,0.3999,0.6001,0,46,0.0,0.0,0.0771,1,45,84,92
ohne_vierlinge,5.2,2.2,45,92,0.4891,0.3895,0.5896,0,45,0.0,0.0,0.0787,1,46,84,92
ohne_vierlinge,5.2,2.3,44,92,0.4783,0.3791,0.5791,0,44,0.0,0.0,0.0803,1,47,84,92
ohne_vierlinge,5.2,2.4,44,92,0.4783,0.3791,0.5791,0,44,0.0,0.0,0.0803,1,47,84,92
ohne_vierlinge,5.2,2.5,43,92,0.4674,0.3688,0.5686,0,43,0.0,0.0,0.082,1,48,84,92
ohne_vierlinge,5.2,2.6,43,92,0.4674,0.3688,0.5686,0,43,0.0,0.0,0.082,1,48,84,92
ohne_vierlinge,5.2,2.7,42,92,0.4565,0.3585,0.558,0,42,0.0,0.0,0.0838,1,49,84,92
ohne_vierlinge,5.2,2.8,41,92,0.4457,0.3483,0.5474,0,41,0.0,0.0,0.0857,1,50,84,92
ohne_vierlinge,5.2,2.9,41,92,0.4457,0.3483,0.5474,0,41,0.0,0.0,0.0857,1,50,84,92
ohne_vierlinge,5.2,3.0,41,92,0.4457,0.3483,0.5474,0,41,0.0,0.0,0.0857,1,50,84,92
ohne_vierlinge,5.2,3.1,41,92,0.4457,0.3483,0.5474,0,41,0.0,0.0,0.0857,1,50,84,92
ohne_vierlinge,5.2,3.2,41,92,0.4457,0.3483,0.5474,0,41,0.0,0.0,0.0857,1,50,84,92
ohne_vierlinge,5.2,3.3,41,92,0.4457,0.3483,0.5474,0,41,0.0,0.0,0.0857,1,50,84,92
ohne_vierlinge,5.2,3.4,40,92,0.4348,0.3381,0.5367,0,40,0.0,0.0,0.0876,1,51,84,92
ohne_vierlinge,5.2,3.5,40,92,0.4348,0.3381,0.5367,0,40,0.0,0.0,0.0876,1,51,84,92
ohne_vierlinge,5.2,3.6,40,92,0.4348,0.3381,0.5367,0,40,0.0,0.0,0.0876,1,51,84,92
ohne_vierlinge,5.2,3.7,38,92,0.413,0.3179,0.5152,0,38,0.0,0.0,0.0918,1,53,84,92
ohne_vierlinge,5.2,3.8,38,92,0.413,0.3179,0.5152,0,38,0.0,0.0,0.0918,1,53,84,92
ohne_vierlinge,5.2,3.9,38,92,0.413,0.3179,0.5152,0,38,0.0,0.0,0.0918,1,53,84,92
ohne_vierlinge,5.2,4.0,38,92,0.413,0.3179,0.5152,0,38,0.0,0.0,0.0918,1,53,84,92
ohne_vierlinge,5.2,4.1,38,92,0.413,0.3179,0.5152,0,38,0.0,0.0,0.0918,1,53,84,92
ohne_vierlinge,5.2,4.2,38,92,0.413,0.3179,0.5152,0,38,0.0,0.0,0.0918,1,53,84,92
ohne_vierlinge,5.2,4.3,37,92,0.4022,0.3078,0.5043,0,37,0.0,0.0,0.0941,1,54,84,92
ohne_vierlinge,5.2,4.4,36,92,0.3913,0.2979,0.4935,0,36,0.0,0.0,0.0964,1,55,84,92
ohne_vierlinge,5.2,4.5,36,92,0.3913,0.2979,0.4935,0,36,0.0,0.0,0.0964,1,55,84,92
ohne_vierlinge,5.2,4.6,34,92,0.3696,0.278,0.4716,0,34,0.0,0.0,0.1015,1,57,84,92
ohne_vierlinge,5.2,4.7,34,92,0.3696,0.278,0.4716,0,34,0.0,0.0,0.1015,1,57,84,92
ohne_vierlinge,5.2,4.8,34,92,0.3696,0.278,0.4716,0,34,0.0,0.0,0.1015,1,57,84,92
ohne_vierlinge,5.2,4.9,34,92,0.3696,0.278,0.4716,0,34,0.0,0.0,0.1015,1,57,84,92
ohne_vierlinge,5.2,5.0,34,92,0.3696,0.278,0.4716,0,34,0.0,0.0,0.1015,1,57,84,92
ohne_vierlinge,5.3,0.0,91,92,0.9891,0.941,0.9981,7,91,0.0769,0.0378,0.1504,1,0,84,92
ohne_vierlinge,5.3,0.1,87,92,0.9457,0.879,0.9766,6,87,0.069,0.032,0.1424,1,4,84,92
ohne_vierlinge,5.3,0.2,84,92,0.913,0.8377,0.9553,4,84,0.0476,0.0187,0.1161,1,7,84,92
ohne_vierlinge,5.3,0.3,79,92,0.8587,0.7731,0.9155,2,79,0.0253,0.007,0.0877,1,12,84,92
ohne_vierlinge,5.3,0.4,77,92,0.837,0.7483,0.8986,2,77,0.026,0.0072,0.0898,1,14,84,92
ohne_vierlinge,5.3,0.5,74,92,0.8043,0.7118,0.8725,2,74,0.027,0.0074,0.0933,1,17,84,92
ohne_vierlinge,5.3,0.6,72,92,0.7826,0.6879,0.8546,2,72,0.0278,0.0077,0.0957,1,19,84,92
ohne_vierlinge,5.3,0.7,70,92,0.7609,0.6644,0.8364,2,70,0.0286,0.0079,0.0983,1,21,84,92
ohne_vierlinge,5.3,0.8,68,92,0.7391,0.6411,0.818,2,68,0.0294,0.0081,0.101,1,23,84,92
ohne_vierlinge,5.3,0.9,63,92,0.6848,0.5841,0.7707,2,63,0.0317,0.0087,0.1086,1,28,84,92
ohne_vierlinge,5.3,1.0,59,92,0.6413,0.5395,0.7318,2,59,0.0339,0.0093,0.1154,1,32,84,92
ohne_vierlinge,5.3,1.1,58,92,0.6304,0.5284,0.722,2,58,0.0345,0.0095,0.1173,1,33,84,92
ohne_vierlinge,5.3,1.2,55,92,0.5978,0.4957,0.6922,2,55,0.0364,0.01,0.1232,1,36,84,92
ohne_vierlinge,5.3,1.3,51,92,0.5543,0.4526,0.6517,1,51,0.0196,0.0035,0.103,1,40,84,92
ohne_vierlinge,5.3,1.4,50,92,0.5435,0.442,0.6415,1,50,0.02,0.0035,0.105,1,41,84,92
ohne_vierlinge,5.3,1.5,49,92,0.5326,0.4314,0.6312,1,49,0.0204,0.0036,0.1069,1,42,84,92
ohne_vierlinge,5.3,1.6,48,92,0.5217,0.4209,0.6209,1,48,0.0208,0.0037,0.109,1,43,84,92
ohne_vierlinge,5.3,1.7,48,92,0.5217,0.4209,0.6209,1,48,0.0208,0.0037,0.109,1,43,84,92
ohne_vierlinge,5.3,1.8,48,92,0.5217,0.4209,0.6209,1,48,0.0208,0.0037,0.109,1,43,84,92
ohne_vierlinge,5.3,1.9,48,92,0.5217,0.4209,0.6209,1,48,0.0208,0.0037,0.109,1,43,84,92
ohne_vierlinge,5.3,2.0,47,92,0.5109,0.4104,0.6105,0,47,0.0,0.0,0.0756,1,44,84,92
ohne_vierlinge,5.3,2.1,46,92,0.5,0.3999,0.6001,0,46,0.0,0.0,0.0771,1,45,84,92
ohne_vierlinge,5.3,2.2,45,92,0.4891,0.3895,0.5896,0,45,0.0,0.0,0.0787,1,46,84,92
ohne_vierlinge,5.3,2.3,44,92,0.4783,0.3791,0.5791,0,44,0.0,0.0,0.0803,1,47,84,92
ohne_vierlinge,5.3,2.4,44,92,0.4783,0.3791,0.5791,0,44,0.0,0.0,0.0803,1,47,84,92
ohne_vierlinge,5.3,2.5,43,92,0.4674,0.3688,0.5686,0,43,0.0,0.0,0.082,1,48,84,92
ohne_vierlinge,5.3,2.6,43,92,0.4674,0.3688,0.5686,0,43,0.0,0.0,0.082,1,48,84,92
ohne_vierlinge,5.3,2.7,42,92,0.4565,0.3585,0.558,0,42,0.0,0.0,0.0838,1,49,84,92
ohne_vierlinge,5.3,2.8,41,92,0.4457,0.3483,0.5474,0,41,0.0,0.0,0.0857,1,50,84,92
ohne_vierlinge,5.3,2.9,41,92,0.4457,0.3483,0.5474,0,41,0.0,0.0,0.0857,1,50,84,92
ohne_vierlinge,5.3,3.0,41,92,0.4457,0.3483,0.5474,0,41,0.0,0.0,0.0857,1,50,84,92
ohne_vierlinge,5.3,3.1,41,92,0.4457,0.3483,0.5474,0,41,0.0,0.0,0.0857,1,50,84,92
ohne_vierlinge,5.3,3.2,41,92,0.4457,0.3483,0.5474,0,41,0.0,0.0,0.0857,1,50,84,92
ohne_vierlinge,5.3,3.3,41,92,0.4457,0.3483,0.5474,0,41,0.0,0.0,0.0857,1,50,84,92
ohne_vierlinge,5.3,3.4,40,92,0.4348,0.3381,0.5367,0,40,0.0,0.0,0.0876,1,51,84,92
ohne_vierlinge,5.3,3.5,40,92,0.4348,0.3381,0.5367,0,40,0.0,0.0,0.0876,1,51,84,92
ohne_vierlinge,5.3,3.6,40,92,0.4348,0.3381,0.5367,0,40,0.0,0.0,0.0876,1,51,84,92
ohne_vierlinge,5.3,3.7,38,92,0.413,0.3179,0.5152,0,38,0.0,0.0,0.0918,1,53,84,92
ohne_vierlinge,5.3,3.8,38,92,0.413,0.3179,0.5152,0,38,0.0,0.0,0.0918,1,53,84,92
ohne_vierlinge,5.3,3.9,38,92,0.413,0.3179,0.5152,0,38,0.0,0.0,0.0918,1,53,84,92
ohne_vierlinge,5.3,4.0,38,92,0.413,0.3179,0.5152,0,38,0.0,0.0,0.0918,1,53,84,92
ohne_vierlinge,5.3,4.1,38,92,0.413,0.3179,0.5152,0,38,0.0,0.0,0.0918,1,53,84,92
ohne_vierlinge,5.3,4.2,38,92,0.413,0.3179,0.5152,0,38,0.0,0.0,0.0918,1,53,84,92
ohne_vierlinge,5.3,4.3,37,92,0.4022,0.3078,0.5043,0,37,0.0,0.0,0.0941,1,54,84,92
ohne_vierlinge,5.3,4.4,36,92,0.3913,0.2979,0.4935,0,36,0.0,0.0,0.0964,1,55,84,92
ohne_vierlinge,5.3,4.5,36,92,0.3913,0.2979,0.4935,0,36,0.0,0.0,0.0964,1,55,84,92
ohne_vierlinge,5.3,4.6,34,92,0.3696,0.278,0.4716,0,34,0.0,0.0,0.1015,1,57,84,92
ohne_vierlinge,5.3,4.7,34,92,0.3696,0.278,0.4716,0,34,0.0,0.0,0.1015,1,57,84,92
ohne_vierlinge,5.3,4.8,34,92,0.3696,0.278,0.4716,0,34,0.0,0.0,0.1015,1,57,84,92
ohne_vierlinge,5.3,4.9,34,92,0.3696,0.278,0.4716,0,34,0.0,0.0,0.1015,1,57,84,92
ohne_vierlinge,5.3,5.0,34,92,0.3696,0.278,0.4716,0,34,0.0,0.0,0.1015,1,57,84,92
ohne_vierlinge,5.4,0.0,91,92,0.9891,0.941,0.9981,7,91,0.0769,0.0378,0.1504,1,0,84,92
ohne_vierlinge,5.4,0.1,87,92,0.9457,0.879,0.9766,6,87,0.069,0.032,0.1424,1,4,84,92
ohne_vierlinge,5.4,0.2,84,92,0.913,0.8377,0.9553,4,84,0.0476,0.0187,0.1161,1,7,84,92
ohne_vierlinge,5.4,0.3,79,92,0.8587,0.7731,0.9155,2,79,0.0253,0.007,0.0877,1,12,84,92
ohne_vierlinge,5.4,0.4,77,92,0.837,0.7483,0.8986,2,77,0.026,0.0072,0.0898,1,14,84,92
ohne_vierlinge,5.4,0.5,74,92,0.8043,0.7118,0.8725,2,74,0.027,0.0074,0.0933,1,17,84,92
ohne_vierlinge,5.4,0.6,72,92,0.7826,0.6879,0.8546,2,72,0.0278,0.0077,0.0957,1,19,84,92
ohne_vierlinge,5.4,0.7,70,92,0.7609,0.6644,0.8364,2,70,0.0286,0.0079,0.0983,1,21,84,92
ohne_vierlinge,5.4,0.8,68,92,0.7391,0.6411,0.818,2,68,0.0294,0.0081,0.101,1,23,84,92
ohne_vierlinge,5.4,0.9,63,92,0.6848,0.5841,0.7707,2,63,0.0317,0.0087,0.1086,1,28,84,92
ohne_vierlinge,5.4,1.0,59,92,0.6413,0.5395,0.7318,2,59,0.0339,0.0093,0.1154,1,32,84,92
ohne_vierlinge,5.4,1.1,58,92,0.6304,0.5284,0.722,2,58,0.0345,0.0095,0.1173,1,33,84,92
ohne_vierlinge,5.4,1.2,55,92,0.5978,0.4957,0.6922,2,55,0.0364,0.01,0.1232,1,36,84,92
ohne_vierlinge,5.4,1.3,51,92,0.5543,0.4526,0.6517,1,51,0.0196,0.0035,0.103,1,40,84,92
ohne_vierlinge,5.4,1.4,50,92,0.5435,0.442,0.6415,1,50,0.02,0.0035,0.105,1,41,84,92
ohne_vierlinge,5.4,1.5,49,92,0.5326,0.4314,0.6312,1,49,0.0204,0.0036,0.1069,1,42,84,92
ohne_vierlinge,5.4,1.6,48,92,0.5217,0.4209,0.6209,1,48,0.0208,0.0037,0.109,1,43,84,92
ohne_vierlinge,5.4,1.7,48,92,0.5217,0.4209,0.6209,1,48,0.0208,0.0037,0.109,1,43,84,92
ohne_vierlinge,5.4,1.8,48,92,0.5217,0.4209,0.6209,1,48,0.0208,0.0037,0.109,1,43,84,92
ohne_vierlinge,5.4,1.9,48,92,0.5217,0.4209,0.6209,1,48,0.0208,0.0037,0.109,1,43,84,92
ohne_vierlinge,5.4,2.0,47,92,0.5109,0.4104,0.6105,0,47,0.0,0.0,0.0756,1,44,84,92
ohne_vierlinge,5.4,2.1,46,92,0.5,0.3999,0.6001,0,46,0.0,0.0,0.0771,1,45,84,92
ohne_vierlinge,5.4,2.2,45,92,0.4891,0.3895,0.5896,0,45,0.0,0.0,0.0787,1,46,84,92
ohne_vierlinge,5.4,2.3,44,92,0.4783,0.3791,0.5791,0,44,0.0,0.0,0.0803,1,47,84,92
ohne_vierlinge,5.4,2.4,44,92,0.4783,0.3791,0.5791,0,44,0.0,0.0,0.0803,1,47,84,92
ohne_vierlinge,5.4,2.5,43,92,0.4674,0.3688,0.5686,0,43,0.0,0.0,0.082,1,48,84,92
ohne_vierlinge,5.4,2.6,43,92,0.4674,0.3688,0.5686,0,43,0.0,0.0,0.082,1,48,84,92
ohne_vierlinge,5.4,2.7,42,92,0.4565,0.3585,0.558,0,42,0.0,0.0,0.0838,1,49,84,92
ohne_vierlinge,5.4,2.8,41,92,0.4457,0.3483,0.5474,0,41,0.0,0.0,0.0857,1,50,84,92
ohne_vierlinge,5.4,2.9,41,92,0.4457,0.3483,0.5474,0,41,0.0,0.0,0.0857,1,50,84,92
ohne_vierlinge,5.4,3.0,41,92,0.4457,0.3483,0.5474,0,41,0.0,0.0,0.0857,1,50,84,92
ohne_vierlinge,5.4,3.1,41,92,0.4457,0.3483,0.5474,0,41,0.0,0.0,0.0857,1,50,84,92
ohne_vierlinge,5.4,3.2,41,92,0.4457,0.3483,0.5474,0,41,0.0,0.0,0.0857,1,50,84,92
ohne_vierlinge,5.4,3.3,41,92,0.4457,0.3483,0.5474,0,41,0.0,0.0,0.0857,1,50,84,92
ohne_vierlinge,5.4,3.4,40,92,0.4348,0.3381,0.5367,0,40,0.0,0.0,0.0876,1,51,84,92
ohne_vierlinge,5.4,3.5,40,92,0.4348,0.3381,0.5367,0,40,0.0,0.0,0.0876,1,51,84,92
ohne_vierlinge,5.4,3.6,40,92,0.4348,0.3381,0.5367,0,40,0.0,0.0,0.0876,1,51,84,92
ohne_vierlinge,5.4,3.7,38,92,0.413,0.3179,0.5152,0,38,0.0,0.0,0.0918,1,53,84,92
ohne_vierlinge,5.4,3.8,38,92,0.413,0.3179,0.5152,0,38,0.0,0.0,0.0918,1,53,84,92
ohne_vierlinge,5.4,3.9,38,92,0.413,0.3179,0.5152,0,38,0.0,0.0,0.0918,1,53,84,92
ohne_vierlinge,5.4,4.0,38,92,0.413,0.3179,0.5152,0,38,0.0,0.0,0.0918,1,53,84,92
ohne_vierlinge,5.4,4.1,38,92,0.413,0.3179,0.5152,0,38,0.0,0.0,0.0918,1,53,84,92
ohne_vierlinge,5.4,4.2,38,92,0.413,0.3179,0.5152,0,38,0.0,0.0,0.0918,1,53,84,92
ohne_vierlinge,5.4,4.3,37,92,0.4022,0.3078,0.5043,0,37,0.0,0.0,0.0941,1,54,84,92
ohne_vierlinge,5.4,4.4,36,92,0.3913,0.2979,0.4935,0,36,0.0,0.0,0.0964,1,55,84,92
ohne_vierlinge,5.4,4.5,36,92,0.3913,0.2979,0.4935,0,36,0.0,0.0,0.0964,1,55,84,92
ohne_vierlinge,5.4,4.6,34,92,0.3696,0.278,0.4716,0,34,0.0,0.0,0.1015,1,57,84,92
ohne_vierlinge,5.4,4.7,34,92,0.3696,0.278,0.4716,0,34,0.0,0.0,0.1015,1,57,84,92
ohne_vierlinge,5.4,4.8,34,92,0.3696,0.278,0.4716,0,34,0.0,0.0,0.1015,1,57,84,92
ohne_vierlinge,5.4,4.9,34,92,0.3696,0.278,0.4716,0,34,0.0,0.0,0.1015,1,57,84,92
ohne_vierlinge,5.4,5.0,34,92,0.3696,0.278,0.4716,0,34,0.0,0.0,0.1015,1,57,84,92
ohne_vierlinge,5.5,0.0,91,92,0.9891,0.941,0.9981,7,91,0.0769,0.0378,0.1504,1,0,84,92
ohne_vierlinge,5.5,0.1,87,92,0.9457,0.879,0.9766,6,87,0.069,0.032,0.1424,1,4,84,92
ohne_vierlinge,5.5,0.2,84,92,0.913,0.8377,0.9553,4,84,0.0476,0.0187,0.1161,1,7,84,92
ohne_vierlinge,5.5,0.3,79,92,0.8587,0.7731,0.9155,2,79,0.0253,0.007,0.0877,1,12,84,92
ohne_vierlinge,5.5,0.4,77,92,0.837,0.7483,0.8986,2,77,0.026,0.0072,0.0898,1,14,84,92
ohne_vierlinge,5.5,0.5,74,92,0.8043,0.7118,0.8725,2,74,0.027,0.0074,0.0933,1,17,84,92
ohne_vierlinge,5.5,0.6,72,92,0.7826,0.6879,0.8546,2,72,0.0278,0.0077,0.0957,1,19,84,92
ohne_vierlinge,5.5,0.7,70,92,0.7609,0.6644,0.8364,2,70,0.0286,0.0079,0.0983,1,21,84,92
ohne_vierlinge,5.5,0.8,68,92,0.7391,0.6411,0.818,2,68,0.0294,0.0081,0.101,1,23,84,92
ohne_vierlinge,5.5,0.9,63,92,0.6848,0.5841,0.7707,2,63,0.0317,0.0087,0.1086,1,28,84,92
ohne_vierlinge,5.5,1.0,59,92,0.6413,0.5395,0.7318,2,59,0.0339,0.0093,0.1154,1,32,84,92
ohne_vierlinge,5.5,1.1,58,92,0.6304,0.5284,0.722,2,58,0.0345,0.0095,0.1173,1,33,84,92
ohne_vierlinge,5.5,1.2,55,92,0.5978,0.4957,0.6922,2,55,0.0364,0.01,0.1232,1,36,84,92
ohne_vierlinge,5.5,1.3,51,92,0.5543,0.4526,0.6517,1,51,0.0196,0.0035,0.103,1,40,84,92
ohne_vierlinge,5.5,1.4,50,92,0.5435,0.442,0.6415,1,50,0.02,0.0035,0.105,1,41,84,92
ohne_vierlinge,5.5,1.5,49,92,0.5326,0.4314,0.6312,1,49,0.0204,0.0036,0.1069,1,42,84,92
ohne_vierlinge,5.5,1.6,48,92,0.5217,0.4209,0.6209,1,48,0.0208,0.0037,0.109,1,43,84,92
ohne_vierlinge,5.5,1.7,48,92,0.5217,0.4209,0.6209,1,48,0.0208,0.0037,0.109,1,43,84,92
ohne_vierlinge,5.5,1.8,48,92,0.5217,0.4209,0.6209,1,48,0.0208,0.0037,0.109,1,43,84,92
ohne_vierlinge,5.5,1.9,48,92,0.5217,0.4209,0.6209,1,48,0.0208,0.0037,0.109,1,43,84,92
ohne_vierlinge,5.5,2.0,47,92,0.5109,0.4104,0.6105,0,47,0.0,0.0,0.0756,1,44,84,92
ohne_vierlinge,5.5,2.1,46,92,0.5,0.3999,0.6001,0,46,0.0,0.0,0.0771,1,45,84,92
ohne_vierlinge,5.5,2.2,45,92,0.4891,0.3895,0.5896,0,45,0.0,0.0,0.0787,1,46,84,92
ohne_vierlinge,5.5,2.3,44,92,0.4783,0.3791,0.5791,0,44,0.0,0.0,0.0803,1,47,84,92
ohne_vierlinge,5.5,2.4,44,92,0.4783,0.3791,0.5791,0,44,0.0,0.0,0.0803,1,47,84,92
ohne_vierlinge,5.5,2.5,43,92,0.4674,0.3688,0.5686,0,43,0.0,0.0,0.082,1,48,84,92
ohne_vierlinge,5.5,2.6,43,92,0.4674,0.3688,0.5686,0,43,0.0,0.0,0.082,1,48,84,92
ohne_vierlinge,5.5,2.7,42,92,0.4565,0.3585,0.558,0,42,0.0,0.0,0.0838,1,49,84,92
ohne_vierlinge,5.5,2.8,41,92,0.4457,0.3483,0.5474,0,41,0.0,0.0,0.0857,1,50,84,92
ohne_vierlinge,5.5,2.9,41,92,0.4457,0.3483,0.5474,0,41,0.0,0.0,0.0857,1,50,84,92
ohne_vierlinge,5.5,3.0,41,92,0.4457,0.3483,0.5474,0,41,0.0,0.0,0.0857,1,50,84,92
ohne_vierlinge,5.5,3.1,41,92,0.4457,0.3483,0.5474,0,41,0.0,0.0,0.0857,1,50,84,92
ohne_vierlinge,5.5,3.2,41,92,0.4457,0.3483,0.5474,0,41,0.0,0.0,0.0857,1,50,84,92
ohne_vierlinge,5.5,3.3,41,92,0.4457,0.3483,0.5474,0,41,0.0,0.0,0.0857,1,50,84,92
ohne_vierlinge,5.5,3.4,40,92,0.4348,0.3381,0.5367,0,40,0.0,0.0,0.0876,1,51,84,92
ohne_vierlinge,5.5,3.5,40,92,0.4348,0.3381,0.5367,0,40,0.0,0.0,0.0876,1,51,84,92
ohne_vierlinge,5.5,3.6,40,92,0.4348,0.3381,0.5367,0,40,0.0,0.0,0.0876,1,51,84,92
ohne_vierlinge,5.5,3.7,38,92,0.413,0.3179,0.5152,0,38,0.0,0.0,0.0918,1,53,84,92
ohne_vierlinge,5.5,3.8,38,92,0.413,0.3179,0.5152,0,38,0.0,0.0,0.0918,1,53,84,92
ohne_vierlinge,5.5,3.9,38,92,0.413,0.3179,0.5152,0,38,0.0,0.0,0.0918,1,53,84,92
ohne_vierlinge,5.5,4.0,38,92,0.413,0.3179,0.5152,0,38,0.0,0.0,0.0918,1,53,84,92
ohne_vierlinge,5.5,4.1,38,92,0.413,0.3179,0.5152,0,38,0.0,0.0,0.0918,1,53,84,92
ohne_vierlinge,5.5,4.2,38,92,0.413,0.3179,0.5152,0,38,0.0,0.0,0.0918,1,53,84,92
ohne_vierlinge,5.5,4.3,37,92,0.4022,0.3078,0.5043,0,37,0.0,0.0,0.0941,1,54,84,92
ohne_vierlinge,5.5,4.4,36,92,0.3913,0.2979,0.4935,0,36,0.0,0.0,0.0964,1,55,84,92
ohne_vierlinge,5.5,4.5,36,92,0.3913,0.2979,0.4935,0,36,0.0,0.0,0.0964,1,55,84,92
ohne_vierlinge,5.5,4.6,34,92,0.3696,0.278,0.4716,0,34,0.0,0.0,0.1015,1,57,84,92
ohne_vierlinge,5.5,4.7,34,92,0.3696,0.278,0.4716,0,34,0.0,0.0,0.1015,1,57,84,92
ohne_vierlinge,5.5,4.8,34,92,0.3696,0.278,0.4716,0,34,0.0,0.0,0.1015,1,57,84,92
ohne_vierlinge,5.5,4.9,34,92,0.3696,0.278,0.4716,0,34,0.0,0.0,0.1015,1,57,84,92
ohne_vierlinge,5.5,5.0,34,92,0.3696,0.278,0.4716,0,34,0.0,0.0,0.1015,1,57,84,92
ohne_vierlinge,5.6,0.0,91,92,0.9891,0.941,0.9981,7,91,0.0769,0.0378,0.1504,1,0,84,92
ohne_vierlinge,5.6,0.1,87,92,0.9457,0.879,0.9766,6,87,0.069,0.032,0.1424,1,4,84,92
ohne_vierlinge,5.6,0.2,84,92,0.913,0.8377,0.9553,4,84,0.0476,0.0187,0.1161,1,7,84,92
ohne_vierlinge,5.6,0.3,79,92,0.8587,0.7731,0.9155,2,79,0.0253,0.007,0.0877,1,12,84,92
ohne_vierlinge,5.6,0.4,77,92,0.837,0.7483,0.8986,2,77,0.026,0.0072,0.0898,1,14,84,92
ohne_vierlinge,5.6,0.5,74,92,0.8043,0.7118,0.8725,2,74,0.027,0.0074,0.0933,1,17,84,92
ohne_vierlinge,5.6,0.6,72,92,0.7826,0.6879,0.8546,2,72,0.0278,0.0077,0.0957,1,19,84,92
ohne_vierlinge,5.6,0.7,70,92,0.7609,0.6644,0.8364,2,70,0.0286,0.0079,0.0983,1,21,84,92
ohne_vierlinge,5.6,0.8,68,92,0.7391,0.6411,0.818,2,68,0.0294,0.0081,0.101,1,23,84,92
ohne_vierlinge,5.6,0.9,63,92,0.6848,0.5841,0.7707,2,63,0.0317,0.0087,0.1086,1,28,84,92
ohne_vierlinge,5.6,1.0,59,92,0.6413,0.5395,0.7318,2,59,0.0339,0.0093,0.1154,1,32,84,92
ohne_vierlinge,5.6,1.1,58,92,0.6304,0.5284,0.722,2,58,0.0345,0.0095,0.1173,1,33,84,92
ohne_vierlinge,5.6,1.2,55,92,0.5978,0.4957,0.6922,2,55,0.0364,0.01,0.1232,1,36,84,92
ohne_vierlinge,5.6,1.3,51,92,0.5543,0.4526,0.6517,1,51,0.0196,0.0035,0.103,1,40,84,92
ohne_vierlinge,5.6,1.4,50,92,0.5435,0.442,0.6415,1,50,0.02,0.0035,0.105,1,41,84,92
ohne_vierlinge,5.6,1.5,49,92,0.5326,0.4314,0.6312,1,49,0.0204,0.0036,0.1069,1,42,84,92
ohne_vierlinge,5.6,1.6,48,92,0.5217,0.4209,0.6209,1,48,0.0208,0.0037,0.109,1,43,84,92
ohne_vierlinge,5.6,1.7,48,92,0.5217,0.4209,0.6209,1,48,0.0208,0.0037,0.109,1,43,84,92
ohne_vierlinge,5.6,1.8,48,92,0.5217,0.4209,0.6209,1,48,0.0208,0.0037,0.109,1,43,84,92
ohne_vierlinge,5.6,1.9,48,92,0.5217,0.4209,0.6209,1,48,0.0208,0.0037,0.109,1,43,84,92
ohne_vierlinge,5.6,2.0,47,92,0.5109,0.4104,0.6105,0,47,0.0,0.0,0.0756,1,44,84,92
ohne_vierlinge,5.6,2.1,46,92,0.5,0.3999,0.6001,0,46,0.0,0.0,0.0771,1,45,84,92
ohne_vierlinge,5.6,2.2,45,92,0.4891,0.3895,0.5896,0,45,0.0,0.0,0.0787,1,46,84,92
ohne_vierlinge,5.6,2.3,44,92,0.4783,0.3791,0.5791,0,44,0.0,0.0,0.0803,1,47,84,92
ohne_vierlinge,5.6,2.4,44,92,0.4783,0.3791,0.5791,0,44,0.0,0.0,0.0803,1,47,84,92
ohne_vierlinge,5.6,2.5,43,92,0.4674,0.3688,0.5686,0,43,0.0,0.0,0.082,1,48,84,92
ohne_vierlinge,5.6,2.6,43,92,0.4674,0.3688,0.5686,0,43,0.0,0.0,0.082,1,48,84,92
ohne_vierlinge,5.6,2.7,42,92,0.4565,0.3585,0.558,0,42,0.0,0.0,0.0838,1,49,84,92
ohne_vierlinge,5.6,2.8,41,92,0.4457,0.3483,0.5474,0,41,0.0,0.0,0.0857,1,50,84,92
ohne_vierlinge,5.6,2.9,41,92,0.4457,0.3483,0.5474,0,41,0.0,0.0,0.0857,1,50,84,92
ohne_vierlinge,5.6,3.0,41,92,0.4457,0.3483,0.5474,0,41,0.0,0.0,0.0857,1,50,84,92
ohne_vierlinge,5.6,3.1,41,92,0.4457,0.3483,0.5474,0,41,0.0,0.0,0.0857,1,50,84,92
ohne_vierlinge,5.6,3.2,41,92,0.4457,0.3483,0.5474,0,41,0.0,0.0,0.0857,1,50,84,92
ohne_vierlinge,5.6,3.3,41,92,0.4457,0.3483,0.5474,0,41,0.0,0.0,0.0857,1,50,84,92
ohne_vierlinge,5.6,3.4,40,92,0.4348,0.3381,0.5367,0,40,0.0,0.0,0.0876,1,51,84,92
ohne_vierlinge,5.6,3.5,40,92,0.4348,0.3381,0.5367,0,40,0.0,0.0,0.0876,1,51,84,92
ohne_vierlinge,5.6,3.6,40,92,0.4348,0.3381,0.5367,0,40,0.0,0.0,0.0876,1,51,84,92
ohne_vierlinge,5.6,3.7,38,92,0.413,0.3179,0.5152,0,38,0.0,0.0,0.0918,1,53,84,92
ohne_vierlinge,5.6,3.8,38,92,0.413,0.3179,0.5152,0,38,0.0,0.0,0.0918,1,53,84,92
ohne_vierlinge,5.6,3.9,38,92,0.413,0.3179,0.5152,0,38,0.0,0.0,0.0918,1,53,84,92
ohne_vierlinge,5.6,4.0,38,92,0.413,0.3179,0.5152,0,38,0.0,0.0,0.0918,1,53,84,92
ohne_vierlinge,5.6,4.1,38,92,0.413,0.3179,0.5152,0,38,0.0,0.0,0.0918,1,53,84,92
ohne_vierlinge,5.6,4.2,38,92,0.413,0.3179,0.5152,0,38,0.0,0.0,0.0918,1,53,84,92
ohne_vierlinge,5.6,4.3,37,92,0.4022,0.3078,0.5043,0,37,0.0,0.0,0.0941,1,54,84,92
ohne_vierlinge,5.6,4.4,36,92,0.3913,0.2979,0.4935,0,36,0.0,0.0,0.0964,1,55,84,92
ohne_vierlinge,5.6,4.5,36,92,0.3913,0.2979,0.4935,0,36,0.0,0.0,0.0964,1,55,84,92
ohne_vierlinge,5.6,4.6,34,92,0.3696,0.278,0.4716,0,34,0.0,0.0,0.1015,1,57,84,92
ohne_vierlinge,5.6,4.7,34,92,0.3696,0.278,0.4716,0,34,0.0,0.0,0.1015,1,57,84,92
ohne_vierlinge,5.6,4.8,34,92,0.3696,0.278,0.4716,0,34,0.0,0.0,0.1015,1,57,84,92
ohne_vierlinge,5.6,4.9,34,92,0.3696,0.278,0.4716,0,34,0.0,0.0,0.1015,1,57,84,92
ohne_vierlinge,5.6,5.0,34,92,0.3696,0.278,0.4716,0,34,0.0,0.0,0.1015,1,57,84,92
ohne_vierlinge,5.7,0.0,91,92,0.9891,0.941,0.9981,7,91,0.0769,0.0378,0.1504,1,0,84,92
ohne_vierlinge,5.7,0.1,87,92,0.9457,0.879,0.9766,6,87,0.069,0.032,0.1424,1,4,84,92
ohne_vierlinge,5.7,0.2,84,92,0.913,0.8377,0.9553,4,84,0.0476,0.0187,0.1161,1,7,84,92
ohne_vierlinge,5.7,0.3,79,92,0.8587,0.7731,0.9155,2,79,0.0253,0.007,0.0877,1,12,84,92
ohne_vierlinge,5.7,0.4,77,92,0.837,0.7483,0.8986,2,77,0.026,0.0072,0.0898,1,14,84,92
ohne_vierlinge,5.7,0.5,74,92,0.8043,0.7118,0.8725,2,74,0.027,0.0074,0.0933,1,17,84,92
ohne_vierlinge,5.7,0.6,72,92,0.7826,0.6879,0.8546,2,72,0.0278,0.0077,0.0957,1,19,84,92
ohne_vierlinge,5.7,0.7,70,92,0.7609,0.6644,0.8364,2,70,0.0286,0.0079,0.0983,1,21,84,92
ohne_vierlinge,5.7,0.8,68,92,0.7391,0.6411,0.818,2,68,0.0294,0.0081,0.101,1,23,84,92
ohne_vierlinge,5.7,0.9,63,92,0.6848,0.5841,0.7707,2,63,0.0317,0.0087,0.1086,1,28,84,92
ohne_vierlinge,5.7,1.0,59,92,0.6413,0.5395,0.7318,2,59,0.0339,0.0093,0.1154,1,32,84,92
ohne_vierlinge,5.7,1.1,58,92,0.6304,0.5284,0.722,2,58,0.0345,0.0095,0.1173,1,33,84,92
ohne_vierlinge,5.7,1.2,55,92,0.5978,0.4957,0.6922,2,55,0.0364,0.01,0.1232,1,36,84,92
ohne_vierlinge,5.7,1.3,51,92,0.5543,0.4526,0.6517,1,51,0.0196,0.0035,0.103,1,40,84,92
ohne_vierlinge,5.7,1.4,50,92,0.5435,0.442,0.6415,1,50,0.02,0.0035,0.105,1,41,84,92
ohne_vierlinge,5.7,1.5,49,92,0.5326,0.4314,0.6312,1,49,0.0204,0.0036,0.1069,1,42,84,92
ohne_vierlinge,5.7,1.6,48,92,0.5217,0.4209,0.6209,1,48,0.0208,0.0037,0.109,1,43,84,92
ohne_vierlinge,5.7,1.7,48,92,0.5217,0.4209,0.6209,1,48,0.0208,0.0037,0.109,1,43,84,92
ohne_vierlinge,5.7,1.8,48,92,0.5217,0.4209,0.6209,1,48,0.0208,0.0037,0.109,1,43,84,92
ohne_vierlinge,5.7,1.9,48,92,0.5217,0.4209,0.6209,1,48,0.0208,0.0037,0.109,1,43,84,92
ohne_vierlinge,5.7,2.0,47,92,0.5109,0.4104,0.6105,0,47,0.0,0.0,0.0756,1,44,84,92
ohne_vierlinge,5.7,2.1,46,92,0.5,0.3999,0.6001,0,46,0.0,0.0,0.0771,1,45,84,92
ohne_vierlinge,5.7,2.2,45,92,0.4891,0.3895,0.5896,0,45,0.0,0.0,0.0787,1,46,84,92
ohne_vierlinge,5.7,2.3,44,92,0.4783,0.3791,0.5791,0,44,0.0,0.0,0.0803,1,47,84,92
ohne_vierlinge,5.7,2.4,44,92,0.4783,0.3791,0.5791,0,44,0.0,0.0,0.0803,1,47,84,92
ohne_vierlinge,5.7,2.5,43,92,0.4674,0.3688,0.5686,0,43,0.0,0.0,0.082,1,48,84,92
ohne_vierlinge,5.7,2.6,43,92,0.4674,0.3688,0.5686,0,43,0.0,0.0,0.082,1,48,84,92
ohne_vierlinge,5.7,2.7,42,92,0.4565,0.3585,0.558,0,42,0.0,0.0,0.0838,1,49,84,92
ohne_vierlinge,5.7,2.8,41,92,0.4457,0.3483,0.5474,0,41,0.0,0.0,0.0857,1,50,84,92
ohne_vierlinge,5.7,2.9,41,92,0.4457,0.3483,0.5474,0,41,0.0,0.0,0.0857,1,50,84,92
ohne_vierlinge,5.7,3.0,41,92,0.4457,0.3483,0.5474,0,41,0.0,0.0,0.0857,1,50,84,92
ohne_vierlinge,5.7,3.1,41,92,0.4457,0.3483,0.5474,0,41,0.0,0.0,0.0857,1,50,84,92
ohne_vierlinge,5.7,3.2,41,92,0.4457,0.3483,0.5474,0,41,0.0,0.0,0.0857,1,50,84,92
ohne_vierlinge,5.7,3.3,41,92,0.4457,0.3483,0.5474,0,41,0.0,0.0,0.0857,1,50,84,92
ohne_vierlinge,5.7,3.4,40,92,0.4348,0.3381,0.5367,0,40,0.0,0.0,0.0876,1,51,84,92
ohne_vierlinge,5.7,3.5,40,92,0.4348,0.3381,0.5367,0,40,0.0,0.0,0.0876,1,51,84,92
ohne_vierlinge,5.7,3.6,40,92,0.4348,0.3381,0.5367,0,40,0.0,0.0,0.0876,1,51,84,92
ohne_vierlinge,5.7,3.7,38,92,0.413,0.3179,0.5152,0,38,0.0,0.0,0.0918,1,53,84,92
ohne_vierlinge,5.7,3.8,38,92,0.413,0.3179,0.5152,0,38,0.0,0.0,0.0918,1,53,84,92
ohne_vierlinge,5.7,3.9,38,92,0.413,0.3179,0.5152,0,38,0.0,0.0,0.0918,1,53,84,92
ohne_vierlinge,5.7,4.0,38,92,0.413,0.3179,0.5152,0,38,0.0,0.0,0.0918,1,53,84,92
ohne_vierlinge,5.7,4.1,38,92,0.413,0.3179,0.5152,0,38,0.0,0.0,0.0918,1,53,84,92
ohne_vierlinge,5.7,4.2,38,92,0.413,0.3179,0.5152,0,38,0.0,0.0,0.0918,1,53,84,92
ohne_vierlinge,5.7,4.3,37,92,0.4022,0.3078,0.5043,0,37,0.0,0.0,0.0941,1,54,84,92
ohne_vierlinge,5.7,4.4,36,92,0.3913,0.2979,0.4935,0,36,0.0,0.0,0.0964,1,55,84,92
ohne_vierlinge,5.7,4.5,36,92,0.3913,0.2979,0.4935,0,36,0.0,0.0,0.0964,1,55,84,92
ohne_vierlinge,5.7,4.6,34,92,0.3696,0.278,0.4716,0,34,0.0,0.0,0.1015,1,57,84,92
ohne_vierlinge,5.7,4.7,34,92,0.3696,0.278,0.4716,0,34,0.0,0.0,0.1015,1,57,84,92
ohne_vierlinge,5.7,4.8,34,92,0.3696,0.278,0.4716,0,34,0.0,0.0,0.1015,1,57,84,92
ohne_vierlinge,5.7,4.9,34,92,0.3696,0.278,0.4716,0,34,0.0,0.0,0.1015,1,57,84,92
ohne_vierlinge,5.7,5.0,34,92,0.3696,0.278,0.4716,0,34,0.0,0.0,0.1015,1,57,84,92
ohne_vierlinge,5.8,0.0,91,92,0.9891,0.941,0.9981,7,91,0.0769,0.0378,0.1504,1,0,84,92
ohne_vierlinge,5.8,0.1,87,92,0.9457,0.879,0.9766,6,87,0.069,0.032,0.1424,1,4,84,92
ohne_vierlinge,5.8,0.2,84,92,0.913,0.8377,0.9553,4,84,0.0476,0.0187,0.1161,1,7,84,92
ohne_vierlinge,5.8,0.3,79,92,0.8587,0.7731,0.9155,2,79,0.0253,0.007,0.0877,1,12,84,92
ohne_vierlinge,5.8,0.4,77,92,0.837,0.7483,0.8986,2,77,0.026,0.0072,0.0898,1,14,84,92
ohne_vierlinge,5.8,0.5,74,92,0.8043,0.7118,0.8725,2,74,0.027,0.0074,0.0933,1,17,84,92
ohne_vierlinge,5.8,0.6,72,92,0.7826,0.6879,0.8546,2,72,0.0278,0.0077,0.0957,1,19,84,92
ohne_vierlinge,5.8,0.7,70,92,0.7609,0.6644,0.8364,2,70,0.0286,0.0079,0.0983,1,21,84,92
ohne_vierlinge,5.8,0.8,68,92,0.7391,0.6411,0.818,2,68,0.0294,0.0081,0.101,1,23,84,92
ohne_vierlinge,5.8,0.9,63,92,0.6848,0.5841,0.7707,2,63,0.0317,0.0087,0.1086,1,28,84,92
ohne_vierlinge,5.8,1.0,59,92,0.6413,0.5395,0.7318,2,59,0.0339,0.0093,0.1154,1,32,84,92
ohne_vierlinge,5.8,1.1,58,92,0.6304,0.5284,0.722,2,58,0.0345,0.0095,0.1173,1,33,84,92
ohne_vierlinge,5.8,1.2,55,92,0.5978,0.4957,0.6922,2,55,0.0364,0.01,0.1232,1,36,84,92
ohne_vierlinge,5.8,1.3,51,92,0.5543,0.4526,0.6517,1,51,0.0196,0.0035,0.103,1,40,84,92
ohne_vierlinge,5.8,1.4,50,92,0.5435,0.442,0.6415,1,50,0.02,0.0035,0.105,1,41,84,92
ohne_vierlinge,5.8,1.5,49,92,0.5326,0.4314,0.6312,1,49,0.0204,0.0036,0.1069,1,42,84,92
ohne_vierlinge,5.8,1.6,48,92,0.5217,0.4209,0.6209,1,48,0.0208,0.0037,0.109,1,43,84,92
ohne_vierlinge,5.8,1.7,48,92,0.5217,0.4209,0.6209,1,48,0.0208,0.0037,0.109,1,43,84,92
ohne_vierlinge,5.8,1.8,48,92,0.5217,0.4209,0.6209,1,48,0.0208,0.0037,0.109,1,43,84,92
ohne_vierlinge,5.8,1.9,48,92,0.5217,0.4209,0.6209,1,48,0.0208,0.0037,0.109,1,43,84,92
ohne_vierlinge,5.8,2.0,47,92,0.5109,0.4104,0.6105,0,47,0.0,0.0,0.0756,1,44,84,92
ohne_vierlinge,5.8,2.1,46,92,0.5,0.3999,0.6001,0,46,0.0,0.0,0.0771,1,45,84,92
ohne_vierlinge,5.8,2.2,45,92,0.4891,0.3895,0.5896,0,45,0.0,0.0,0.0787,1,46,84,92
ohne_vierlinge,5.8,2.3,44,92,0.4783,0.3791,0.5791,0,44,0.0,0.0,0.0803,1,47,84,92
ohne_vierlinge,5.8,2.4,44,92,0.4783,0.3791,0.5791,0,44,0.0,0.0,0.0803,1,47,84,92
ohne_vierlinge,5.8,2.5,43,92,0.4674,0.3688,0.5686,0,43,0.0,0.0,0.082,1,48,84,92
ohne_vierlinge,5.8,2.6,43,92,0.4674,0.3688,0.5686,0,43,0.0,0.0,0.082,1,48,84,92
ohne_vierlinge,5.8,2.7,42,92,0.4565,0.3585,0.558,0,42,0.0,0.0,0.0838,1,49,84,92
ohne_vierlinge,5.8,2.8,41,92,0.4457,0.3483,0.5474,0,41,0.0,0.0,0.0857,1,50,84,92
ohne_vierlinge,5.8,2.9,41,92,0.4457,0.3483,0.5474,0,41,0.0,0.0,0.0857,1,50,84,92
ohne_vierlinge,5.8,3.0,41,92,0.4457,0.3483,0.5474,0,41,0.0,0.0,0.0857,1,50,84,92
ohne_vierlinge,5.8,3.1,41,92,0.4457,0.3483,0.5474,0,41,0.0,0.0,0.0857,1,50,84,92
ohne_vierlinge,5.8,3.2,41,92,0.4457,0.3483,0.5474,0,41,0.0,0.0,0.0857,1,50,84,92
ohne_vierlinge,5.8,3.3,41,92,0.4457,0.3483,0.5474,0,41,0.0,0.0,0.0857,1,50,84,92
ohne_vierlinge,5.8,3.4,40,92,0.4348,0.3381,0.5367,0,40,0.0,0.0,0.0876,1,51,84,92
ohne_vierlinge,5.8,3.5,40,92,0.4348,0.3381,0.5367,0,40,0.0,0.0,0.0876,1,51,84,92
ohne_vierlinge,5.8,3.6,40,92,0.4348,0.3381,0.5367,0,40,0.0,0.0,0.0876,1,51,84,92
ohne_vierlinge,5.8,3.7,38,92,0.413,0.3179,0.5152,0,38,0.0,0.0,0.0918,1,53,84,92
ohne_vierlinge,5.8,3.8,38,92,0.413,0.3179,0.5152,0,38,0.0,0.0,0.0918,1,53,84,92
ohne_vierlinge,5.8,3.9,38,92,0.413,0.3179,0.5152,0,38,0.0,0.0,0.0918,1,53,84,92
ohne_vierlinge,5.8,4.0,38,92,0.413,0.3179,0.5152,0,38,0.0,0.0,0.0918,1,53,84,92
ohne_vierlinge,5.8,4.1,38,92,0.413,0.3179,0.5152,0,38,0.0,0.0,0.0918,1,53,84,92
ohne_vierlinge,5.8,4.2,38,92,0.413,0.3179,0.5152,0,38,0.0,0.0,0.0918,1,53,84,92
ohne_vierlinge,5.8,4.3,37,92,0.4022,0.3078,0.5043,0,37,0.0,0.0,0.0941,1,54,84,92
ohne_vierlinge,5.8,4.4,36,92,0.3913,0.2979,0.4935,0,36,0.0,0.0,0.0964,1,55,84,92
ohne_vierlinge,5.8,4.5,36,92,0.3913,0.2979,0.4935,0,36,0.0,0.0,0.0964,1,55,84,92
ohne_vierlinge,5.8,4.6,34,92,0.3696,0.278,0.4716,0,34,0.0,0.0,0.1015,1,57,84,92
ohne_vierlinge,5.8,4.7,34,92,0.3696,0.278,0.4716,0,34,0.0,0.0,0.1015,1,57,84,92
ohne_vierlinge,5.8,4.8,34,92,0.3696,0.278,0.4716,0,34,0.0,0.0,0.1015,1,57,84,92
ohne_vierlinge,5.8,4.9,34,92,0.3696,0.278,0.4716,0,34,0.0,0.0,0.1015,1,57,84,92
ohne_vierlinge,5.8,5.0,34,92,0.3696,0.278,0.4716,0,34,0.0,0.0,0.1015,1,57,84,92
ohne_vierlinge,5.9,0.0,91,92,0.9891,0.941,0.9981,7,91,0.0769,0.0378,0.1504,1,0,84,92
ohne_vierlinge,5.9,0.1,87,92,0.9457,0.879,0.9766,6,87,0.069,0.032,0.1424,1,4,84,92
ohne_vierlinge,5.9,0.2,84,92,0.913,0.8377,0.9553,4,84,0.0476,0.0187,0.1161,1,7,84,92
ohne_vierlinge,5.9,0.3,79,92,0.8587,0.7731,0.9155,2,79,0.0253,0.007,0.0877,1,12,84,92
ohne_vierlinge,5.9,0.4,77,92,0.837,0.7483,0.8986,2,77,0.026,0.0072,0.0898,1,14,84,92
ohne_vierlinge,5.9,0.5,74,92,0.8043,0.7118,0.8725,2,74,0.027,0.0074,0.0933,1,17,84,92
ohne_vierlinge,5.9,0.6,72,92,0.7826,0.6879,0.8546,2,72,0.0278,0.0077,0.0957,1,19,84,92
ohne_vierlinge,5.9,0.7,70,92,0.7609,0.6644,0.8364,2,70,0.0286,0.0079,0.0983,1,21,84,92
ohne_vierlinge,5.9,0.8,68,92,0.7391,0.6411,0.818,2,68,0.0294,0.0081,0.101,1,23,84,92
ohne_vierlinge,5.9,0.9,63,92,0.6848,0.5841,0.7707,2,63,0.0317,0.0087,0.1086,1,28,84,92
ohne_vierlinge,5.9,1.0,59,92,0.6413,0.5395,0.7318,2,59,0.0339,0.0093,0.1154,1,32,84,92
ohne_vierlinge,5.9,1.1,58,92,0.6304,0.5284,0.722,2,58,0.0345,0.0095,0.1173,1,33,84,92
ohne_vierlinge,5.9,1.2,55,92,0.5978,0.4957,0.6922,2,55,0.0364,0.01,0.1232,1,36,84,92
ohne_vierlinge,5.9,1.3,51,92,0.5543,0.4526,0.6517,1,51,0.0196,0.0035,0.103,1,40,84,92
ohne_vierlinge,5.9,1.4,50,92,0.5435,0.442,0.6415,1,50,0.02,0.0035,0.105,1,41,84,92
ohne_vierlinge,5.9,1.5,49,92,0.5326,0.4314,0.6312,1,49,0.0204,0.0036,0.1069,1,42,84,92
ohne_vierlinge,5.9,1.6,48,92,0.5217,0.4209,0.6209,1,48,0.0208,0.0037,0.109,1,43,84,92
ohne_vierlinge,5.9,1.7,48,92,0.5217,0.4209,0.6209,1,48,0.0208,0.0037,0.109,1,43,84,92
ohne_vierlinge,5.9,1.8,48,92,0.5217,0.4209,0.6209,1,48,0.0208,0.0037,0.109,1,43,84,92
ohne_vierlinge,5.9,1.9,48,92,0.5217,0.4209,0.6209,1,48,0.0208,0.0037,0.109,1,43,84,92
ohne_vierlinge,5.9,2.0,47,92,0.5109,0.4104,0.6105,0,47,0.0,0.0,0.0756,1,44,84,92
ohne_vierlinge,5.9,2.1,46,92,0.5,0.3999,0.6001,0,46,0.0,0.0,0.0771,1,45,84,92
ohne_vierlinge,5.9,2.2,45,92,0.4891,0.3895,0.5896,0,45,0.0,0.0,0.0787,1,46,84,92
ohne_vierlinge,5.9,2.3,44,92,0.4783,0.3791,0.5791,0,44,0.0,0.0,0.0803,1,47,84,92
ohne_vierlinge,5.9,2.4,44,92,0.4783,0.3791,0.5791,0,44,0.0,0.0,0.0803,1,47,84,92
ohne_vierlinge,5.9,2.5,43,92,0.4674,0.3688,0.5686,0,43,0.0,0.0,0.082,1,48,84,92
ohne_vierlinge,5.9,2.6,43,92,0.4674,0.3688,0.5686,0,43,0.0,0.0,0.082,1,48,84,92
ohne_vierlinge,5.9,2.7,42,92,0.4565,0.3585,0.558,0,42,0.0,0.0,0.0838,1,49,84,92
ohne_vierlinge,5.9,2.8,41,92,0.4457,0.3483,0.5474,0,41,0.0,0.0,0.0857,1,50,84,92
ohne_vierlinge,5.9,2.9,41,92,0.4457,0.3483,0.5474,0,41,0.0,0.0,0.0857,1,50,84,92
ohne_vierlinge,5.9,3.0,41,92,0.4457,0.3483,0.5474,0,41,0.0,0.0,0.0857,1,50,84,92
ohne_vierlinge,5.9,3.1,41,92,0.4457,0.3483,0.5474,0,41,0.0,0.0,0.0857,1,50,84,92
ohne_vierlinge,5.9,3.2,41,92,0.4457,0.3483,0.5474,0,41,0.0,0.0,0.0857,1,50,84,92
ohne_vierlinge,5.9,3.3,41,92,0.4457,0.3483,0.5474,0,41,0.0,0.0,0.0857,1,50,84,92
ohne_vierlinge,5.9,3.4,40,92,0.4348,0.3381,0.5367,0,40,0.0,0.0,0.0876,1,51,84,92
ohne_vierlinge,5.9,3.5,40,92,0.4348,0.3381,0.5367,0,40,0.0,0.0,0.0876,1,51,84,92
ohne_vierlinge,5.9,3.6,40,92,0.4348,0.3381,0.5367,0,40,0.0,0.0,0.0876,1,51,84,92
ohne_vierlinge,5.9,3.7,38,92,0.413,0.3179,0.5152,0,38,0.0,0.0,0.0918,1,53,84,92
ohne_vierlinge,5.9,3.8,38,92,0.413,0.3179,0.5152,0,38,0.0,0.0,0.0918,1,53,84,92
ohne_vierlinge,5.9,3.9,38,92,0.413,0.3179,0.5152,0,38,0.0,0.0,0.0918,1,53,84,92
ohne_vierlinge,5.9,4.0,38,92,0.413,0.3179,0.5152,0,38,0.0,0.0,0.0918,1,53,84,92
ohne_vierlinge,5.9,4.1,38,92,0.413,0.3179,0.5152,0,38,0.0,0.0,0.0918,1,53,84,92
ohne_vierlinge,5.9,4.2,38,92,0.413,0.3179,0.5152,0,38,0.0,0.0,0.0918,1,53,84,92
ohne_vierlinge,5.9,4.3,37,92,0.4022,0.3078,0.5043,0,37,0.0,0.0,0.0941,1,54,84,92
ohne_vierlinge,5.9,4.4,36,92,0.3913,0.2979,0.4935,0,36,0.0,0.0,0.0964,1,55,84,92
ohne_vierlinge,5.9,4.5,36,92,0.3913,0.2979,0.4935,0,36,0.0,0.0,0.0964,1,55,84,92
ohne_vierlinge,5.9,4.6,34,92,0.3696,0.278,0.4716,0,34,0.0,0.0,0.1015,1,57,84,92
ohne_vierlinge,5.9,4.7,34,92,0.3696,0.278,0.4716,0,34,0.0,0.0,0.1015,1,57,84,92
ohne_vierlinge,5.9,4.8,34,92,0.3696,0.278,0.4716,0,34,0.0,0.0,0.1015,1,57,84,92
ohne_vierlinge,5.9,4.9,34,92,0.3696,0.278,0.4716,0,34,0.0,0.0,0.1015,1,57,84,92
ohne_vierlinge,5.9,5.0,34,92,0.3696,0.278,0.4716,0,34,0.0,0.0,0.1015,1,57,84,92
ohne_vierlinge,6.0,0.0,91,92,0.9891,0.941,0.9981,7,91,0.0769,0.0378,0.1504,1,0,84,92
ohne_vierlinge,6.0,0.1,87,92,0.9457,0.879,0.9766,6,87,0.069,0.032,0.1424,1,4,84,92
ohne_vierlinge,6.0,0.2,84,92,0.913,0.8377,0.9553,4,84,0.0476,0.0187,0.1161,1,7,84,92
ohne_vierlinge,6.0,0.3,79,92,0.8587,0.7731,0.9155,2,79,0.0253,0.007,0.0877,1,12,84,92
ohne_vierlinge,6.0,0.4,77,92,0.837,0.7483,0.8986,2,77,0.026,0.0072,0.0898,1,14,84,92
ohne_vierlinge,6.0,0.5,74,92,0.8043,0.7118,0.8725,2,74,0.027,0.0074,0.0933,1,17,84,92
ohne_vierlinge,6.0,0.6,72,92,0.7826,0.6879,0.8546,2,72,0.0278,0.0077,0.0957,1,19,84,92
ohne_vierlinge,6.0,0.7,70,92,0.7609,0.6644,0.8364,2,70,0.0286,0.0079,0.0983,1,21,84,92
ohne_vierlinge,6.0,0.8,68,92,0.7391,0.6411,0.818,2,68,0.0294,0.0081,0.101,1,23,84,92
ohne_vierlinge,6.0,0.9,63,92,0.6848,0.5841,0.7707,2,63,0.0317,0.0087,0.1086,1,28,84,92
ohne_vierlinge,6.0,1.0,59,92,0.6413,0.5395,0.7318,2,59,0.0339,0.0093,0.1154,1,32,84,92
ohne_vierlinge,6.0,1.1,58,92,0.6304,0.5284,0.722,2,58,0.0345,0.0095,0.1173,1,33,84,92
ohne_vierlinge,6.0,1.2,55,92,0.5978,0.4957,0.6922,2,55,0.0364,0.01,0.1232,1,36,84,92
ohne_vierlinge,6.0,1.3,51,92,0.5543,0.4526,0.6517,1,51,0.0196,0.0035,0.103,1,40,84,92
ohne_vierlinge,6.0,1.4,50,92,0.5435,0.442,0.6415,1,50,0.02,0.0035,0.105,1,41,84,92
ohne_vierlinge,6.0,1.5,49,92,0.5326,0.4314,0.6312,1,49,0.0204,0.0036,0.1069,1,42,84,92
ohne_vierlinge,6.0,1.6,48,92,0.5217,0.4209,0.6209,1,48,0.0208,0.0037,0.109,1,43,84,92
ohne_vierlinge,6.0,1.7,48,92,0.5217,0.4209,0.6209,1,48,0.0208,0.0037,0.109,1,43,84,92
ohne_vierlinge,6.0,1.8,48,92,0.5217,0.4209,0.6209,1,48,0.0208,0.0037,0.109,1,43,84,92
ohne_vierlinge,6.0,1.9,48,92,0.5217,0.4209,0.6209,1,48,0.0208,0.0037,0.109,1,43,84,92
ohne_vierlinge,6.0,2.0,47,92,0.5109,0.4104,0.6105,0,47,0.0,0.0,0.0756,1,44,84,92
ohne_vierlinge,6.0,2.1,46,92,0.5,0.3999,0.6001,0,46,0.0,0.0,0.0771,1,45,84,92
ohne_vierlinge,6.0,2.2,45,92,0.4891,0.3895,0.5896,0,45,0.0,0.0,0.0787,1,46,84,92
ohne_vierlinge,6.0,2.3,44,92,0.4783,0.3791,0.5791,0,44,0.0,0.0,0.0803,1,47,84,92
ohne_vierlinge,6.0,2.4,44,92,0.4783,0.3791,0.5791,0,44,0.0,0.0,0.0803,1,47,84,92
ohne_vierlinge,6.0,2.5,43,92,0.4674,0.3688,0.5686,0,43,0.0,0.0,0.082,1,48,84,92
ohne_vierlinge,6.0,2.6,43,92,0.4674,0.3688,0.5686,0,43,0.0,0.0,0.082,1,48,84,92
ohne_vierlinge,6.0,2.7,42,92,0.4565,0.3585,0.558,0,42,0.0,0.0,0.0838,1,49,84,92
ohne_vierlinge,6.0,2.8,41,92,0.4457,0.3483,0.5474,0,41,0.0,0.0,0.0857,1,50,84,92
ohne_vierlinge,6.0,2.9,41,92,0.4457,0.3483,0.5474,0,41,0.0,0.0,0.0857,1,50,84,92
ohne_vierlinge,6.0,3.0,41,92,0.4457,0.3483,0.5474,0,41,0.0,0.0,0.0857,1,50,84,92
ohne_vierlinge,6.0,3.1,41,92,0.4457,0.3483,0.5474,0,41,0.0,0.0,0.0857,1,50,84,92
ohne_vierlinge,6.0,3.2,41,92,0.4457,0.3483,0.5474,0,41,0.0,0.0,0.0857,1,50,84,92
ohne_vierlinge,6.0,3.3,41,92,0.4457,0.3483,0.5474,0,41,0.0,0.0,0.0857,1,50,84,92
ohne_vierlinge,6.0,3.4,40,92,0.4348,0.3381,0.5367,0,40,0.0,0.0,0.0876,1,51,84,92
ohne_vierlinge,6.0,3.5,40,92,0.4348,0.3381,0.5367,0,40,0.0,0.0,0.0876,1,51,84,92
ohne_vierlinge,6.0,3.6,40,92,0.4348,0.3381,0.5367,0,40,0.0,0.0,0.0876,1,51,84,92
ohne_vierlinge,6.0,3.7,38,92,0.413,0.3179,0.5152,0,38,0.0,0.0,0.0918,1,53,84,92
ohne_vierlinge,6.0,3.8,38,92,0.413,0.3179,0.5152,0,38,0.0,0.0,0.0918,1,53,84,92
ohne_vierlinge,6.0,3.9,38,92,0.413,0.3179,0.5152,0,38,0.0,0.0,0.0918,1,53,84,92
ohne_vierlinge,6.0,4.0,38,92,0.413,0.3179,0.5152,0,38,0.0,0.0,0.0918,1,53,84,92
ohne_vierlinge,6.0,4.1,38,92,0.413,0.3179,0.5152,0,38,0.0,0.0,0.0918,1,53,84,92
ohne_vierlinge,6.0,4.2,38,92,0.413,0.3179,0.5152,0,38,0.0,0.0,0.0918,1,53,84,92
ohne_vierlinge,6.0,4.3,37,92,0.4022,0.3078,0.5043,0,37,0.0,0.0,0.0941,1,54,84,92
ohne_vierlinge,6.0,4.4,36,92,0.3913,0.2979,0.4935,0,36,0.0,0.0,0.0964,1,55,84,92
ohne_vierlinge,6.0,4.5,36,92,0.3913,0.2979,0.4935,0,36,0.0,0.0,0.0964,1,55,84,92
ohne_vierlinge,6.0,4.6,34,92,0.3696,0.278,0.4716,0,34,0.0,0.0,0.1015,1,57,84,92
ohne_vierlinge,6.0,4.7,34,92,0.3696,0.278,0.4716,0,34,0.0,0.0,0.1015,1,57,84,92
ohne_vierlinge,6.0,4.8,34,92,0.3696,0.278,0.4716,0,34,0.0,0.0,0.1015,1,57,84,92
ohne_vierlinge,6.0,4.9,34,92,0.3696,0.278,0.4716,0,34,0.0,0.0,0.1015,1,57,84,92
ohne_vierlinge,6.0,5.0,34,92,0.3696,0.278,0.4716,0,34,0.0,0.0,0.1015,1,57,84,92
